종목코드,종목명,시장구분,업종명,종가,대비,등락률,시가총액
"0001A0","덕양에너젠","KOSDAQ","","9100","290","3.29","231767554200"
"000250","삼천당제약","KOSDAQ","","171000","-1800","-1.04","4011227712000"
"000440","중앙에너비스","KOSDAQ","","11610","30","0.26","72296979300"
"0004V0","엔비알모션","KOSDAQ","","5430","-170","-3.04","59786385120"
"0004Y0","디비금융제14호스팩","KOSDAQ","","1988","-12","-0.6","10566220000"
"0007C0","아크릴","KOSDAQ","","15040","-340","-2.21","120776072960"
"0007J0","인벤테라","KOSDAQ","","8720","120","1.4","68589026080"
"0008Z0","에스엔시스","KOSDAQ","","24850","1000","4.19","234498615400"
"0009K0","에임드바이오","KOSDAQ","","25100","-600","-2.33","1623246141100"
"001000","신라섬유","KOSDAQ","","462","0","0.00","11216223480"
"0010F0","보원케미칼","KOSDAQ","","2175","25","1.16","24237332175"
"0010V0","제이피아이헬스케어","KOSDAQ","","8610","-240","-2.71","43957494000"
"0011A0","액스비스","KOSDAQ","","8500","10","0.12","79336790000"
"0011T0","채비","KOSDAQ","","5010","65","1.31","235217450910"
"0013V0","삼진식품","KOSDAQ","","5180","40","0.78","51378638080"
"001540","안국약품","KOSDAQ","","10930","80","0.74","142553650600"
"0015G0","그린광학","KOSDAQ","","14720","-240","-1.6","172261403520"
"0015N0","아로마티카","KOSDAQ","","10110","1250","14.11","127152681420"
"0015S0","페스카로","KOSDAQ","","7260","-20","-0.27","71632459800"
"0017J0","세미티에스","KOSDAQ","","2675","10","0.38","80654034675"
"001810","무림SP","KOSDAQ","","1170","-11","-0.93","25900875000"
"001840","이화공영","KOSDAQ","","2215","0","0.00","62588831935"
"002230","피에스텍","KOSDAQ","","5330","40","0.76","98184303100"
"002290","삼일기업공사","KOSDAQ","","3375","5","0.15","41850000000"
"002680","한탑","KOSDAQ","","2510","125","5.24","16223031090"
"002800","신신제약","KOSDAQ","","4590","70","1.55","69632595000"
"003100","선광","KOSDAQ","","21100","150","0.72","139260000000"
"003310","대주산업","KOSDAQ","","1695","34","2.05","59990033250"
"003380","하림지주","KOSDAQ","","11050","490","4.64","1237662112050"
"0037T0","KB제32호스팩","KOSDAQ","","1990","-3","-0.15","12596700000"
"003800","에이스침대","KOSDAQ","","33050","350","1.07","366524500000"
"0039P0","매드업","KOSDAQ","","6830","-40","-0.58","128454542000"
"0041B0","교보18호스팩","KOSDAQ","","2010","-5","-0.25","10130400000"
"0041J0","엘에스스팩1호","KOSDAQ","","1989","-7","-0.35","8174790000"
"0041L0","하나35호스팩","KOSDAQ","","1995","-3","-0.15","12029850000"
"0044K0","삼성스팩10호","KOSDAQ","","1995","1","0.05","15002400000"
"004590","한국가구","KOSDAQ","","4950","0","0.00","74250000000"
"004650","창해에탄올","KOSDAQ","","9440","0","0.00","86761954400"
"004780","대륙제관","KOSDAQ","","4115","25","0.61","65441663885"
"005160","동국산업","KOSDAQ","","2605","25","0.97","141306875610"
"005290","동진쎄미켐","KOSDAQ","","42400","-500","-1.17","2161133342400"
"0054V0","엔에이치스팩32호","KOSDAQ","","2010","-10","-0.5","12495165000"
"005670","푸드웰","KOSDAQ","","6430","30","0.47","64300000000"
"005710","대원산업","KOSDAQ","","10700","80","0.75","214402320000"
"005860","한일사료","KOSDAQ","","2510","105","4.37","98903249350"
"005990","매일홀딩스","KOSDAQ","","10800","110","1.03","143621683200"
"006050","국영지앤엠","KOSDAQ","","4940","20","0.41","17238248560"
"006140","피제이전자","KOSDAQ","","4775","5","0.1","70980375000"
"006620","동구바이오제약","KOSDAQ","","3510","60","1.74","99912121920"
"006730","서부T&D","KOSDAQ","","11150","220","2.01","716687691450"
"0068Y0","비엔케이제3호스팩","KOSDAQ","","1981","-4","-0.2","8538110000"
"006910","보성파워텍","KOSDAQ","","7490","20","0.27","367982381760"
"006920","모헨즈","KOSDAQ","","3330","60","1.83","36363600000"
"0071M0","삼성스팩11호","KOSDAQ","","1986","-2","-0.1","11439360000"
"0072Z0","KB제33호스팩","KOSDAQ","","1976","-5","-0.25","15580760000"
"007330","푸른저축은행","KOSDAQ","","10100","0","0.00","152336280000"
"007370","진양제약","KOSDAQ","","4060","15","0.37","57386423220"
"007390","네이처셀","KOSDAQ","","25250","-900","-3.44","1626985164000"
"007530","와이엠","KOSDAQ","","1513","18","1.2","33670651503"
"007680","대원","KOSDAQ","","3305","-5","-0.15","43701149090"
"007720","소노스퀘어","KOSDAQ","","1300","-90","-6.47","26208117000"
"007770","한일화학","KOSDAQ","","7860","120","1.55","27588600000"
"007820","엠엑스로보틱스","KOSDAQ","","4115","-105","-2.49","82439687790"
"008290","원풍물산","KOSDAQ","","701","-21","-2.91","14263134139"
"0082N0","카나프테라퓨틱스","KOSDAQ","","16420","410","2.56","218395523600"
"008370","원풍","KOSDAQ","","5020","-20","-0.4","60240000000"
"008470","부스타","KOSDAQ","","1705","12","0.71","28660368000"
"008830","대동기어","KOSDAQ","","6340","30","0.48","121613347440"
"0088D0","메리츠제1호스팩","KOSDAQ","","2085","-5","-0.24","12082575000"
"0088M0","메쥬","KOSDAQ","","13030","-290","-2.18","128759202500"
"0091W0","신영스팩11호","KOSDAQ","","2015","0","0.00","12227020000"
"009300","삼아제약","KOSDAQ","","13880","0","0.00","88415600000"
"0093G0","미래에셋비전스팩8호","KOSDAQ","","1974","-8","-0.4","12633600000"
"009520","포스코엠텍","KOSDAQ","","13070","-50","-0.38","544270128210"
"009620","삼보산업","KOSDAQ","","870","0","0.00","15201551760"
"0096B0","삼성스팩12호","KOSDAQ","","1980","0","0.00","13028400000"
"0096D0","미래에셋비전스팩9호","KOSDAQ","","1980","1","0.05","10890000000"
"009730","이렘","KOSDAQ","","1940","2","0.1","15472475820"
"009780","엠에스씨","KOSDAQ","","7300","60","0.83","128480000000"
"0097F0","미래에셋비전스팩10호","KOSDAQ","","1976","-3","-0.15","12844000000"
"0098T0","교보19호스팩","KOSDAQ","","1997","-13","-0.65","10783800000"
"0099W0","미래에셋비전스팩11호","KOSDAQ","","1993","-32","-1.58","13951000000"
"0099X0","IBKS제25호스팩","KOSDAQ","","2180","0","0.00","13036400000"
"010170","대한광통신","KOSDAQ","","14310","-550","-3.7","2224999794600"
"0101C0","하나36호스팩","KOSDAQ","","1979","-26","-1.3","15317460000"
"010240","흥국","KOSDAQ","","5420","30","0.56","63446520000"
"010280","아이티센엔텍","KOSDAQ","","5600","10","0.18","72938639200"
"010470","오리콤","KOSDAQ","","4750","40","0.85","56881487500"
"0105P0","유진스팩12호","KOSDAQ","","1999","-21","-1.04","11314340000"
"011040","경동제약","KOSDAQ","","5080","10","0.2","156305331280"
"011080","형지I&C","KOSDAQ","","821","36","4.59","5826031102"
"011320","유니크","KOSDAQ","","3820","5","0.13","73805054900"
"011370","서한","KOSDAQ","","783","0","0.00","79000679295"
"011560","세보엠이씨","KOSDAQ","","26500","3150","13.49","267249108000"
"0115H0","삼성스팩13호","KOSDAQ","","2005","-15","-0.74","14736750000"
"0117P0","피스피스스튜디오","KOSDAQ","","5090","110","2.21","72119756990"
"012210","삼미금속","KOSDAQ","","8870","180","2.07","204467505730"
"012340","뉴인텍","KOSDAQ","","571","-5","-0.87","12587576803"
"012620","원일특강","KOSDAQ","","7050","-10","-0.14","31020000000"
"012700","리드코프","KOSDAQ","","3020","20","0.67","79108453040"
"012790","신일제약","KOSDAQ","","5990","20","0.34","71798625850"
"012860","모베이스전자","KOSDAQ","","2250","-15","-0.66","164775278250"
"0129K0","신한제18호스팩","KOSDAQ","","1984","-11","-0.55","11150080000"
"013030","하이록코리아","KOSDAQ","","33700","150","0.45","396586452800"
"0130D0","신한제17호스팩","KOSDAQ","","1969","-10","-0.51","10514460000"
"0130H0","엔에이치스팩33호","KOSDAQ","","1996","-9","-0.45","15369200000"
"013120","동원개발","KOSDAQ","","2210","25","1.14","200685901000"
"0131D0","키움히어로제2호스팩","KOSDAQ","","1971","-10","-0.5","12437010000"
"0132G0","교보20호스팩","KOSDAQ","","1995","-2","-0.1","11910150000"
"013310","아진산업","KOSDAQ","","2435","35","1.46","94494027170"
"0134X0","대신밸런스제20호스팩","KOSDAQ","","1980","1","0.05","13345200000"
"013720","청보","KOSDAQ","","2355","-35","-1.46","28650053940"
"013810","스페코","KOSDAQ","","1596","41","2.64","23390130120"
"013990","아가방컴퍼니","KOSDAQ","","4360","125","2.95","143389656960"
"014100","메디앙스","KOSDAQ","","1660","-60","-3.49","19588000000"
"014190","원익큐브","KOSDAQ","","1185","-3","-0.25","41943159135"
"014470","부방","KOSDAQ","","954","-6","-0.63","57289856040"
"014570","고려제약","KOSDAQ","","3480","-10","-0.29","38280000000"
"014620","성광벤드","KOSDAQ","","31850","1700","5.64","845852043400"
"014940","오리엔탈정공","KOSDAQ","","4860","-15","-0.31","221487992460"
"014950","삼익제약","KOSDAQ","","4980","35","0.71","50136588240"
"014970","삼륭물산","KOSDAQ","","4475","75","1.7","66341875000"
"0155E0","해치텍","KOSDAQ","","15120","-1730","-10.27","82965708000"
"0156T0","에이치엘지노믹스","KOSDAQ","","9580","550","6.09","74553102380"
"015710","코콤","KOSDAQ","","2905","-5","-0.17","50926102500"
"015750","성우하이텍","KOSDAQ","","6060","80","1.34","484800000000"
"016100","리더스코스메틱","KOSDAQ","","1161","41","3.66","22176137934"
"016250","SGC E&C","KOSDAQ","","12130","140","1.17","61098640180"
"0164H0","한국제16호스팩","KOSDAQ","","1954","-4","-0.2","13189500000"
"0165X0","메리츠제2호스팩","KOSDAQ","","1949","-2","-0.1","14110760000"
"016600","큐캐피탈","KOSDAQ","","2650","-20","-0.75","36998242650"
"016670","디모아","KOSDAQ","","2340","0","0.00","23854507560"
"016790","현대사료","KOSDAQ","","994","0","0.00","187340898626"
"016920","카스","KOSDAQ","","1067","8","0.76","27420547044"
"017000","신원종합개발","KOSDAQ","","2445","25","1.03","28528326015"
"017250","인터엠","KOSDAQ","","1029","4","0.39","21655785543"
"017480","삼현철강","KOSDAQ","","4785","-55","-1.14","73894228650"
"017510","세명전기","KOSDAQ","","7440","-30","-0.4","113430240000"
"017650","대림제지","KOSDAQ","","10800","30","0.28","94878000000"
"017890","한국알콜","KOSDAQ","","14760","520","3.65","305140948560"
"018000","유니슨","KOSDAQ","","1214","74","6.49","315030916776"
"018120","진로발효","KOSDAQ","","16500","20","0.12","109248480000"
"018290","브이티","KOSDAQ","","13540","1310","10.71","473112486520"
"018310","삼목에스폼","KOSDAQ","","13810","-210","-1.5","203007000000"
"018620","우진비앤지","KOSDAQ","","2815","60","2.18","19516344330"
"018680","서울제약","KOSDAQ","","1969","0","0.00","22957199111"
"018700","졸스","KOSDAQ","","1425","-4","-0.28","23829220500"
"019010","베뉴지","KOSDAQ","","4475","0","0.00","215695000000"
"019210","와이지-원","KOSDAQ","","14490","-40","-0.28","538937118720"
"019540","일지테크","KOSDAQ","","5410","-40","-0.73","73108035000"
"019550","SBI인베스트먼트","KOSDAQ","","1040","10","0.97","84274618480"
"019570","GMI벤처","KOSDAQ","","2765","30","1.1","26391936060"
"019660","글로본","KOSDAQ","","1530","61","4.15","21334829490"
"019770","서연탑메탈","KOSDAQ","","3325","65","1.99","38736250000"
"019990","에너토크","KOSDAQ","","5220","10","0.19","50926779360"
"020180","대신정보통신","KOSDAQ","","4000","0","0.00","30743132000"
"020400","대동금속","KOSDAQ","","2870","-30","-1.03","17431036840"
"020710","시공테크","KOSDAQ","","3625","-15","-0.41","72673891250"
"021040","대호특수강","KOSDAQ","","951","0","0.00","20641240074"
"021045","대호특수강우","KOSDAQ","","2595","-55","-2.08","2201836740"
"021080","에이티넘인베스트","KOSDAQ","","2285","45","2.01","109680000000"
"021320","KCC건설","KOSDAQ","","5670","20","0.35","121338000000"
"021650","한국큐빅","KOSDAQ","","2035","38","1.9","33273395705"
"021880","메이슨캐피탈","KOSDAQ","","1383","60","4.54","29345102520"
"0218L0","네오뷰","KOSDAQ","","14390","0","0.00","75924158250"
"022220","티케이지애강","KOSDAQ","","600","2","0.33","31076747400"
"023160","태광","KOSDAQ","","26600","1450","5.77","688068637200"
"023410","유진기업","KOSDAQ","","3275","20","0.61","253193076325"
"023440","제이스코홀딩스","KOSDAQ","","521","0","0.00","46964378481"
"023600","삼보판지","KOSDAQ","","9540","140","1.49","152719182000"
"023760","한국캐피탈","KOSDAQ","","1398","3","0.22","220611093624"
"023770","플레이위드","KOSDAQ","","2320","-5","-0.22","20755868400"
"023790","동일스틸럭스","KOSDAQ","","1279","-35","-2.66","16716284432"
"023900","풍국주정","KOSDAQ","","7210","110","1.55","90846000000"
"023910","대한약품","KOSDAQ","","27000","600","2.27","162000000000"
"024060","흥구석유","KOSDAQ","","9950","200","2.05","149250000000"
"024120","KB오토시스","KOSDAQ","","3120","-20","-0.64","35880000000"
"024740","한일단조","KOSDAQ","","2110","30","1.44","69412773390"
"024800","유성티엔에스","KOSDAQ","","4445","25","0.57","156576769650"
"024830","세원물산","KOSDAQ","","8670","190","2.24","72394500000"
"024840","KBI메탈","KOSDAQ","","5750","160","2.86","248924607000"
"024850","HLB이노베이션","KOSDAQ","","14760","460","3.22","468682309440"
"024880","케이피에프","KOSDAQ","","3870","-5","-0.13","77174084880"
"024910","경창산업","KOSDAQ","","1631","41","2.58","58420797155"
"024940","PN풍년","KOSDAQ","","1931","4","0.21","19310000000"
"024950","삼천리자전거","KOSDAQ","","4605","25","0.55","57102000000"
"025320","시노펙스","KOSDAQ","","3990","-10","-0.25","367886789970"
"025440","DH오토웨어","KOSDAQ","","3330","-40","-1.19","32488292520"
"025550","한국선재","KOSDAQ","","2225","15","0.68","56768658900"
"025770","한국정보통신","KOSDAQ","","8040","70","0.88","301051938840"
"025870","신라에스지","KOSDAQ","","2300","145","6.73","9200000000"
"025880","케이씨피드","KOSDAQ","","2370","0","0.00","39616583460"
"025900","동화기업","KOSDAQ","","7520","-240","-3.09","380190783200"
"025950","동신건설","KOSDAQ","","10560","10","0.09","88704000000"
"025980","아난티","KOSDAQ","","5270","90","1.74","512776217300"
"026040","제이에스티나","KOSDAQ","","2100","5","0.24","34657959000"
"026150","특수건설","KOSDAQ","","3970","15","0.38","69658934070"
"026910","광진실업","KOSDAQ","","3650","85","2.38","28938389900"
"027040","서울전자통신","KOSDAQ","","2045","15","0.74","28461837605"
"027050","코리아나","KOSDAQ","","1456","42","2.97","58240000000"
"027360","아주IB투자","KOSDAQ","","3380","-100","-2.87","409471472280"
"027580","상보","KOSDAQ","","1612","-11","-0.68","19080043060"
"027710","팜스토리","KOSDAQ","","1092","22","2.06","121666927200"
"027830","대성창투","KOSDAQ","","963","7","0.73","52002000000"
"028080","휴맥스홀딩스","KOSDAQ","","4725","-75","-1.56","11955884850"
"028300","HLB","KOSDAQ","","36000","550","1.55","4795136028000"
"029480","광무","KOSDAQ","","1495","15","1.01","89280102340"
"030350","드래곤플라이","KOSDAQ","","973","0","0.00","15171092867"
"030520","한컴","KOSDAQ","","18180","510","2.89","439587745920"
"030530","원익홀딩스","KOSDAQ","","19080","-1170","-5.78","1473700677480"
"030960","양지사","KOSDAQ","","4515","40","0.89","72149700000"
"031310","아이즈비전","KOSDAQ","","955","5","0.53","28408051705"
"031330","에스에이엠티","KOSDAQ","","8150","90","1.12","814959796050"
"031510","오스템","KOSDAQ","","1100","-18","-1.61","30800000000"
"031860","디에이치엑스컴퍼니","KOSDAQ","","6930","0","0.00","18714756060"
"031980","피에스케이홀딩스","KOSDAQ","","120100","-6900","-5.43","2589643639500"
"032080","아즈텍WB","KOSDAQ","","1070","10","0.94","22995401030"
"032190","다우데이타","KOSDAQ","","20350","350","1.75","779405000000"
"032280","삼일","KOSDAQ","","1349","5","0.37","21872132910"
"032300","한국파마","KOSDAQ","","7980","10","0.13","87035473980"
"032500","케이엠더블유","KOSDAQ","","14660","-700","-4.56","618530336660"
"032540","TJ미디어","KOSDAQ","","3125","35","1.13","65304415625"
"032580","피델릭스","KOSDAQ","","4700","340","7.8","155720700800"
"032620","GC메디아이","KOSDAQ","","3105","50","1.64","162072116595"
"032680","소프트센","KOSDAQ","","940","-7","-0.74","19604528140"
"032685","소프트센우","KOSDAQ","","9180","280","3.15","655103160"
"032750","삼진","KOSDAQ","","3035","-25","-0.82","27409455270"
"032790","엠젠솔루션","KOSDAQ","","1140","118","11.55","29275320840"
"032800","판타지오","KOSDAQ","","1551","34","2.24","23430994224"
"032820","우리기술","KOSDAQ","","12510","270","2.21","2161535496120"
"032850","비트컴퓨터","KOSDAQ","","4015","95","2.42","66742521395"
"032860","더라미","KOSDAQ","","690","0","0.00","27873145470"
"032940","원익","KOSDAQ","","6700","590","9.66","121894312700"
"032960","동일기연","KOSDAQ","","1998","-42","-2.06","35150764050"
"033050","제이엠아이","KOSDAQ","","835","3","0.36","26585838880"
"033100","제룡전기","KOSDAQ","","48300","-1800","-3.59","775814354700"
"033130","디지틀조선","KOSDAQ","","1913","3","0.16","71001505771"
"033160","엠케이전자","KOSDAQ","","13920","-660","-4.53","336786966720"
"033170","시그네틱스","KOSDAQ","","1949","-126","-6.07","33416897187"
"033200","모아텍","KOSDAQ","","2490","-20","-0.8","22919277210"
"033230","인성정보","KOSDAQ","","1170","3","0.26","59102994600"
"033290","로젠","KOSDAQ","","1524","2","0.13","85582202724"
"033310","엠투엔","KOSDAQ","","1439","21","1.48","57520364184"
"033320","제이씨현시스템","KOSDAQ","","3210","60","1.9","61357326720"
"033340","좋은사람들","KOSDAQ","","416","-14","-3.26","40331432128"
"033500","동성화인텍","KOSDAQ","","18360","590","3.32","550607109840"
"033540","파라텍","KOSDAQ","","3235","5","0.15","33803375510"
"033560","블루콤","KOSDAQ","","4495","10","0.22","76864500000"
"033640","네패스","KOSDAQ","","23400","-700","-2.9","539585326800"
"033790","피노","KOSDAQ","","6750","100","1.5","562422737250"
"033830","티비씨","KOSDAQ","","1677","56","3.45","31707257010"
"034810","해성산업","KOSDAQ","","6160","60","0.98","194533736320"
"03481K","해성산업1우","KOSDAQ","","6170","70","1.15","8498885010"
"034940","조아제약","KOSDAQ","","3230","560","20.97","20012966950"
"034950","한국기업평가","KOSDAQ","","103700","-200","-0.19","470851301800"
"035080","그래디언트","KOSDAQ","","12250","180","1.49","140033229000"
"035200","프럼파스트","KOSDAQ","","2775","45","1.65","25585447275"
"035290","골드앤에스","KOSDAQ","","2500","-85","-3.29","11919120000"
"035460","기산텔레콤","KOSDAQ","","2390","-20","-0.83","35659612600"
"035600","KG이니시스","KOSDAQ","","10640","590","5.87","293179177760"
"035610","솔본","KOSDAQ","","5030","30","0.6","137550364910"
"035620","바른손이앤에이","KOSDAQ","","699","-10","-1.41","13008332682"
"035760","CJ ENM","KOSDAQ","","32850","200","0.61","720372708900"
"035810","이지홀딩스","KOSDAQ","","4615","115","2.56","297742193775"
"035890","서희건설","KOSDAQ","","2285","-20","-0.87","474339804760"
"035900","JYP Ent.","KOSDAQ","","40100","350","0.88","1424852929200"
"036000","예림당","KOSDAQ","","2900","0","0.00","66799403300"
"036010","아비코전자","KOSDAQ","","7160","160","2.29","95177407440"
"036030","케이티알파","KOSDAQ","","4700","0","0.00","230389962700"
"036090","위지트","KOSDAQ","","1379","4","0.29","58677158806"
"036120","서울평가정보","KOSDAQ","","1586","8","0.51","55739970000"
"036170","에이치엠넥스","KOSDAQ","","2295","-60","-2.55","140834111670"
"036190","금화피에스시","KOSDAQ","","34850","150","0.43","209100000000"
"036200","유니셈","KOSDAQ","","8870","-220","-2.42","271991658010"
"036220","오상헬스케어","KOSDAQ","","6940","270","4.05","99307347040"
"036480","대성미생물","KOSDAQ","","6170","-10","-0.16","23446000000"
"036540","SFA반도체","KOSDAQ","","5610","-170","-2.94","922622299830"
"036560","KZ정밀","KOSDAQ","","12340","0","0.00","194355000000"
"036620","감성코퍼레이션","KOSDAQ","","3790","-20","-0.52","340580557760"
"036630","세종텔레콤","KOSDAQ","","8180","-570","-6.51","114520000000"
"036640","HRS","KOSDAQ","","4970","5","0.1","81283356000"
"036670","삼양케이씨아이","KOSDAQ","","5200","50","0.97","55953040000"
"036690","코맥스","KOSDAQ","","2885","0","0.00","125692107675"
"036710","심텍홀딩스","KOSDAQ","","4000","-160","-3.85","211311016000"
"036800","나이스정보통신","KOSDAQ","","7200","-10","-0.14","327600000000"
"036810","에프에스티","KOSDAQ","","24650","-550","-2.18","533667298850"
"036830","솔브레인홀딩스","KOSDAQ","","43750","-250","-0.57","897049168750"
"036890","진성티이씨","KOSDAQ","","13270","-340","-2.5","292372907210"
"036930","주성엔지니어링","KOSDAQ","","176800","-2300","-1.28","8217862192800"
"037030","파워넷","KOSDAQ","","3345","15","0.45","85340958240"
"037070","파세코","KOSDAQ","","5790","140","2.48","115800000000"
"037230","한국팩키지","KOSDAQ","","1430","12","0.85","42614467610"
"037330","인지디스플레","KOSDAQ","","745","0","0.00","32694491880"
"037350","성도이엔지","KOSDAQ","","7540","170","2.31","114683400000"
"037370","EG","KOSDAQ","","3690","45","1.23","31826146680"
"037400","우리엔터프라이즈","KOSDAQ","","632","0","0.00","16573154672"
"037440","희림","KOSDAQ","","4335","-70","-1.59","60353929125"
"037460","삼지전자","KOSDAQ","","30400","-1300","-4.1","496083068800"
"037760","쎄니트","KOSDAQ","","2320","25","1.09","78492376720"
"037950","엘컴텍","KOSDAQ","","2900","15","0.52","48979558700"
"038010","제일테크노스","KOSDAQ","","5520","20","0.36","49680000000"
"038060","루멘스","KOSDAQ","","848","-2","-0.24","40791402512"
"038070","서린바이오","KOSDAQ","","4430","90","2.07","41201994680"
"038110","에코플라스틱","KOSDAQ","","1989","49","2.53","81885876930"
"038290","마크로젠","KOSDAQ","","12840","240","1.9","139203576000"
"038390","레드캡투어","KOSDAQ","","10020","20","0.2","167542636440"
"038460","바이오스마트","KOSDAQ","","2740","20","0.74","69252245080"
"038500","삼표시멘트","KOSDAQ","","7920","60","0.76","854697143520"
"038530","케이바이오랩스","KOSDAQ","","999","0","0.00","25864231878"
"038540","상상인","KOSDAQ","","2075","55","2.72","114806249475"
"038620","위즈코프","KOSDAQ","","1923","-2","-0.1","29125552239"
"038680","에스넷","KOSDAQ","","4155","95","2.34","82737027510"
"038870","에코심플렉스","KOSDAQ","","1838","33","1.83","25759476262"
"038880","아이에이","KOSDAQ","","3070","30","0.99","23069278610"
"038950","파인디지털","KOSDAQ","","3155","5","0.16","32214963575"
"039010","현대에이치티","KOSDAQ","","7540","40","0.53","65032500000"
"039020","이건홀딩스","KOSDAQ","","2800","50","1.82","63237185200"
"039030","이오테크닉스","KOSDAQ","","398500","-8000","-1.97","4909340675000"
"039200","오스코텍","KOSDAQ","","35800","750","2.14","1369642700800"
"039240","경남스틸","KOSDAQ","","1939","14","0.73","52313452156"
"039290","인포뱅크","KOSDAQ","","3990","100","2.57","34688972220"
"039310","세중","KOSDAQ","","1386","-38","-2.67","25116630462"
"039340","한국경제TV","KOSDAQ","","4915","20","0.41","108130000000"
"039420","케이엘넷","KOSDAQ","","2790","15","0.54","64022113260"
"039440","에스티아이","KOSDAQ","","20150","-400","-1.95","312466997050"
"039560","다산네트웍스","KOSDAQ","","2450","0","0.00","105076746600"
"039610","화성밸브","KOSDAQ","","5700","-20","-0.35","59339280000"
"039740","한국정보공학","KOSDAQ","","3090","20","0.65","24776846730"
"039830","오로라","KOSDAQ","","17700","-160","-0.9","190503153000"
"039840","디오","KOSDAQ","","11100","290","2.68","148915690800"
"039860","나노엔텍","KOSDAQ","","3900","100","2.63","148562906700"
"039980","폴라리스AI","KOSDAQ","","5500","-210","-3.68","79096677000"
"040160","누리플렉스","KOSDAQ","","6930","-270","-3.75","83544857550"
"040300","YTN","KOSDAQ","","2020","28","1.41","96307499600"
"040350","크레오에스지","KOSDAQ","","6010","-320","-5.06","119335737960"
"040420","정상제이엘에스","KOSDAQ","","5820","-20","-0.34","91243352640"
"040610","SG&G","KOSDAQ","","3280","30","0.92","55903001440"
"040910","아이씨디","KOSDAQ","","4520","45","1.01","82147723000"
"041020","폴라리스오피스","KOSDAQ","","3005","70","2.39","149299797965"
"041190","우리기술투자","KOSDAQ","","6490","350","5.7","545160000000"
"041440","현대에버다임","KOSDAQ","","6680","90","1.37","119182636160"
"041460","한국전자인증","KOSDAQ","","3585","70","1.99","68115000000"
"041510","에스엠","KOSDAQ","","75800","1200","1.61","1735417502000"
"041520","이엘씨","KOSDAQ","","11150","150","1.36","135904339500"
"041590","플래스크","KOSDAQ","","2370","0","0.00","116064014460"
"041830","인바디","KOSDAQ","","60300","-200","-0.33","812897184600"
"041910","폴라리스AI파마","KOSDAQ","","5460","50","0.92","72527091000"
"041920","메디아나","KOSDAQ","","9030","-30","-0.33","167941953690"
"041930","SY동아","KOSDAQ","","4895","40","0.82","74404000000"
"041960","코미팜","KOSDAQ","","9260","20","0.22","684188943700"
"042000","카페24","KOSDAQ","","17120","100","0.59","413930253280"
"042040","케이피엠테크","KOSDAQ","","4355","-50","-1.14","37762165805"
"042110","에스씨디","KOSDAQ","","1172","54","4.83","56642249008"
"042370","비츠로테크","KOSDAQ","","8690","70","0.81","227678217250"
"042420","네오위즈홀딩스","KOSDAQ","","23700","200","0.85","192972107100"
"042500","링네트","KOSDAQ","","4590","175","3.96","102316350960"
"042510","라온시큐어","KOSDAQ","","9480","1330","16.32","105283249440"
"042520","한스바이오메드","KOSDAQ","","19840","540","2.8","282945521280"
"042600","새로닉스","KOSDAQ","","12880","300","2.38","160015633120"
"042940","상지건설","KOSDAQ","","5990","0","0.00","40903984880"
"043100","알파AI","KOSDAQ","","520","0","0.00","10457241600"
"043150","바텍","KOSDAQ","","19140","120","0.63","284310459840"
"043200","파루","KOSDAQ","","1475","144","10.82","30830681575"
"043220","티에스넥스젠","KOSDAQ","","1710","0","0.00","28191099330"
"043260","성호전자","KOSDAQ","","15740","-780","-4.72","1155844108480"
"043340","에쎈테크","KOSDAQ","","841","8","0.96","39947500000"
"043360","디지아이","KOSDAQ","","2205","10","0.46","19845000000"
"043370","피에이치에이","KOSDAQ","","11170","60","0.54","234570000000"
"043590","웰킵스하이텍","KOSDAQ","","1476","26","1.79","20026930356"
"043610","KT지니뮤직","KOSDAQ","","1185","-8","-0.67","68866794030"
"043650","국순당","KOSDAQ","","3595","55","1.55","64200602880"
"043710","코스리거글로벌","KOSDAQ","","2950","-95","-3.12","51071880900"
"043910","자연과환경","KOSDAQ","","3640","150","4.3","41274487800"
"044180","KD","KOSDAQ","","205","0","0.00","5477148795"
"044340","위닉스","KOSDAQ","","3495","20","0.58","62467620375"
"044480","빌리언스","KOSDAQ","","820","0","0.00","27265751120"
"044490","태웅","KOSDAQ","","33000","150","0.46","660243573000"
"044780","에이치케이","KOSDAQ","","1351","42","3.21","25001318237"
"044960","이글벳","KOSDAQ","","3065","-15","-0.49","38747371395"
"044990","에이치엔에스하이텍","KOSDAQ","","11290","0","0.00","86768448250"
"045060","오공","KOSDAQ","","2135","-15","-0.7","36171114490"
"045100","한양이엔지","KOSDAQ","","30050","0","0.00","525875000000"
"045300","성우테크론","KOSDAQ","","2675","5","0.19","28213257100"
"045340","토탈소프트","KOSDAQ","","6900","50","0.73","59050476000"
"045390","대아티아이","KOSDAQ","","3150","45","1.45","221991137550"
"045510","정원엔시스","KOSDAQ","","1097","-12","-1.08","34533512829"
"045520","크린앤사이언스","KOSDAQ","","2270","-130","-5.42","14755000000"
"045660","에이텍","KOSDAQ","","9600","-180","-1.84","79296000000"
"045970","코아시아","KOSDAQ","","3135","55","1.79","82497136260"
"046070","코다코","KOSDAQ","","10280","0","0.00","159196994920"
"046120","오르비텍","KOSDAQ","","4875","85","1.77","165045235875"
"046210","HLB파나진","KOSDAQ","","1130","45","4.15","51446594800"
"046310","백금T&A","KOSDAQ","","2400","-30","-1.23","39404738400"
"046390","삼화네트웍스","KOSDAQ","","2140","-15","-0.7","36956030220"
"046440","KG파이낸셜","KOSDAQ","","4260","95","2.28","154426644360"
"046890","서울반도체","KOSDAQ","","9820","-50","-0.51","572559028000"
"046940","우원개발","KOSDAQ","","3055","20","0.66","55217139250"
"046970","우리로","KOSDAQ","","5110","535","11.69","223945744890"
"047080","한빛소프트","KOSDAQ","","932","-2","-0.21","23134441384"
"047310","파워로직스","KOSDAQ","","3025","-35","-1.14","110747533875"
"047560","이스트소프트","KOSDAQ","","8120","460","6.01","95435025840"
"047770","코데즈컴바인","KOSDAQ","","3620","165","4.78","136990219240"
"047820","초록뱀미디어","KOSDAQ","","3115","0","0.00","76173991950"
"047920","HLB제약","KOSDAQ","","7230","30","0.42","237139343880"
"048410","현대바이오","KOSDAQ","","6540","110","1.71","631146440880"
"048430","유라테크","KOSDAQ","","5920","10","0.17","68198400000"
"048470","대동스틸","KOSDAQ","","2750","0","0.00","26537500000"
"048530","인트론바이오","KOSDAQ","","2845","50","1.79","87887051510"
"048550","SM C&C","KOSDAQ","","1294","18","1.41","125148718280"
"048770","TPC로보틱스","KOSDAQ","","2885","-35","-1.2","45288704035"
"048830","엔피케이","KOSDAQ","","1038","-11","-1.05","19435432074"
"048870","시너지이노베이션","KOSDAQ","","1677","18","1.08","147755376951"
"048910","대원미디어","KOSDAQ","","5900","210","3.69","74215781400"
"049070","인탑스","KOSDAQ","","18040","140","0.78","283991092000"
"049080","기가레인","KOSDAQ","","8210","-590","-6.7","69689222140"
"049120","파인디앤씨","KOSDAQ","","3125","-30","-0.95","33130196875"
"049180","셀루메드","KOSDAQ","","1009","0","0.00","83975227728"
"049430","코메론","KOSDAQ","","20650","-150","-0.72","186841200000"
"049470","비트플래닛","KOSDAQ","","2640","40","1.54","62158533360"
"049480","오픈베이스","KOSDAQ","","1897","16","0.85","59608260551"
"049520","유아이엘","KOSDAQ","","3810","75","2.01","117510401250"
"049550","잉크테크","KOSDAQ","","3490","-5","-0.14","68425906730"
"049630","재영솔루텍","KOSDAQ","","7050","0","0.00","164724229950"
"049720","고려신용정보","KOSDAQ","","9270","140","1.53","132561000000"
"049830","승일","KOSDAQ","","6410","-40","-0.62","39306837920"
"049950","미래컴퍼니","KOSDAQ","","10880","50","0.46","95938577920"
"049960","쎌바이오텍","KOSDAQ","","15760","70","0.45","148144000000"
"050090","비케이홀딩스","KOSDAQ","","823","13","1.6","19369086905"
"050110","캠시스","KOSDAQ","","1078","29","2.76","31504359194"
"050120","ES큐브","KOSDAQ","","3260","-5","-0.15","44218920360"
"050760","에스폴리텍","KOSDAQ","","1181","1","0.08","19291254718"
"050860","아세아텍","KOSDAQ","","1646","-12","-0.72","37035000000"
"050890","쏠리드","KOSDAQ","","8900","-420","-4.51","540733152600"
"050960","수산아이앤티","KOSDAQ","","8980","0","0.00","60623980000"
"051160","지어소프트","KOSDAQ","","9530","260","2.8","147471317900"
"051360","토비스","KOSDAQ","","11010","-280","-2.48","106154764680"
"051370","인터플렉스","KOSDAQ","","6170","10","0.16","143930502240"
"051380","피씨디렉트","KOSDAQ","","1611","24","1.51","24712855992"
"051390","YW","KOSDAQ","","4055","40","1.00","46046017240"
"051490","나라엠앤디","KOSDAQ","","2695","0","0.00","38269000000"
"051500","CJ프레시웨이","KOSDAQ","","24200","350","1.47","287292381200"
"051780","큐로홀딩스","KOSDAQ","","2655","10","0.38","16821057825"
"051980","중앙첨단소재","KOSDAQ","","960","-16","-1.64","106648040640"
"052020","에스티큐브","KOSDAQ","","8180","140","1.74","556103320380"
"052220","iMBC","KOSDAQ","","1812","0","0.00","41676000000"
"052260","현대바이오랜드","KOSDAQ","","4135","55","1.35","124050000000"
"052300","오션인더블유","KOSDAQ","","1517","143","10.41","24642342176"
"052330","코텍","KOSDAQ","","11810","30","0.25","209764366090"
"052400","코나아이","KOSDAQ","","40550","1100","2.79","590541450050"
"052420","오성첨단소재","KOSDAQ","","9920","60","0.61","96640729280"
"052460","아이크래프트","KOSDAQ","","6450","440","7.32","94221187200"
"052600","한네트","KOSDAQ","","3095","45","1.48","35789651500"
"052710","아모텍","KOSDAQ","","10820","-380","-3.39","183751147720"
"052770","아이톡시","KOSDAQ","","312","0","0.00","4545457488"
"052790","액토즈소프트","KOSDAQ","","4095","35","0.86","44736019965"
"052860","아이앤씨","KOSDAQ","","5980","-180","-2.92","106843786920"
"052900","KX하이텍","KOSDAQ","","972","-17","-1.72","74521383480"
"053030","바이넥스","KOSDAQ","","7070","40","0.57","231077209160"
"053050","지에스이","KOSDAQ","","1855","-18","-0.96","55626992435"
"053060","세동","KOSDAQ","","1329","-13","-0.97","23466709851"
"053080","케이엔솔","KOSDAQ","","9070","-70","-0.77","117908249490"
"053160","프리엠스","KOSDAQ","","9580","140","1.48","57480000000"
"053260","금강철강","KOSDAQ","","5400","0","0.00","101088000000"
"053270","구영테크","KOSDAQ","","2060","-5","-0.24","56465434300"
"053280","예스24","KOSDAQ","","3165","35","1.12","79125000000"
"053290","NE능률","KOSDAQ","","1714","-19","-1.1","28326090198"
"053300","한국정보인증","KOSDAQ","","5060","110","2.22","205390945760"
"053350","이니텍","KOSDAQ","","3930","140","3.69","86542785450"
"053450","세코닉스","KOSDAQ","","3255","80","2.52","48150573765"
"053580","웹케시","KOSDAQ","","7140","60","0.85","92494673040"
"053610","프로텍","KOSDAQ","","60700","-2200","-3.5","546300000000"
"053620","태양","KOSDAQ","","6900","10","0.15","59340000000"
"053700","삼보모터스","KOSDAQ","","4000","10","0.25","106863028000"
"053800","안랩","KOSDAQ","","59500","2600","4.57","662027107000"
"053950","경남제약","KOSDAQ","","1648","47","2.94","32333181552"
"053980","오상자이엘","KOSDAQ","","2520","-10","-0.4","47836613160"
"054040","한국컴퓨터","KOSDAQ","","4530","0","0.00","72802943700"
"054050","NH농우바이오","KOSDAQ","","6870","70","1.03","110129954070"
"054090","삼진엘앤디","KOSDAQ","","995","21","2.16","24834435840"
"054180","메디콕스","KOSDAQ","","2295","0","0.00","12686716395"
"054210","이랜텍","KOSDAQ","","6950","100","1.46","175773909500"
"054220","비츠로시스","KOSDAQ","","1630","33","2.07","20522704080"
"054300","팬스타엔터프라이즈","KOSDAQ","","1083","-15","-1.37","62674233435"
"054410","케이피티유","KOSDAQ","","3435","65","1.93","19670335140"
"054450","텔레칩스","KOSDAQ","","9620","10","0.1","145687521460"
"054540","삼영엠텍","KOSDAQ","","6580","20","0.3","85540000000"
"054620","APS","KOSDAQ","","3850","5","0.13","70817750850"
"054670","대한뉴팜","KOSDAQ","","5770","20","0.35","82827888400"
"054780","키이스트","KOSDAQ","","1385","5","0.36","27226043305"
"054800","아이디스홀딩스","KOSDAQ","","15100","-150","-0.98","156251115600"
"054920","한컴위드","KOSDAQ","","3955","15","0.38","111598555355"
"054930","유신","KOSDAQ","","18760","10","0.05","56280000000"
"054940","엑사이엔씨","KOSDAQ","","3300","-45","-1.35","21894539700"
"054950","제이브이엠","KOSDAQ","","24050","250","1.05","290761902600"
"056080","유진로봇","KOSDAQ","","12150","70","0.58","464561154900"
"056090","시지메드텍","KOSDAQ","","1200","49","4.26","123910843200"
"056190","SFA","KOSDAQ","","23950","-350","-1.44","860014802000"
"056360","코위버","KOSDAQ","","5430","80","1.5","53196624000"
"056700","신화인터텍","KOSDAQ","","1412","2","0.14","41138748492"
"056730","CNT85","KOSDAQ","","1275","-53","-3.99","18898352175"
"057030","YBM넷","KOSDAQ","","2140","20","0.94","34909171580"
"057540","옴니시스템","KOSDAQ","","630","-7","-1.1","37418388840"
"057680","티사이언티픽","KOSDAQ","","1786","134","8.11","28206135474"
"058110","멕아이씨에스","KOSDAQ","","1724","32","1.89","27671113720"
"058400","KNN","KOSDAQ","","5890","340","6.13","78001105080"
"058450","한주에이알티","KOSDAQ","","1868","-55","-2.86","10083411696"
"058470","리노공업","KOSDAQ","","66800","100","0.15","5090951580000"
"058610","에스피지","KOSDAQ","","92700","-1500","-1.59","2055841272000"
"058630","엠게임","KOSDAQ","","4120","55","1.35","77343004880"
"058820","CMG제약","KOSDAQ","","584","29","5.23","86504156704"
"058970","엠로","KOSDAQ","","17880","1880","11.75","221046756720"
"059090","미코","KOSDAQ","","19470","150","0.78","650624667660"
"059100","아이컴포넌트","KOSDAQ","","6070","-20","-0.33","42920120200"
"059120","아진엑스텍","KOSDAQ","","6440","-50","-0.77","117916825040"
"059210","메타바이오메드","KOSDAQ","","3940","50","1.29","107055493300"
"059270","해성에어로보틱스","KOSDAQ","","5600","0","0.00","62525674400"
"060150","인선이엔티","KOSDAQ","","3125","50","1.63","142386287500"
"060230","제이케이시냅스","KOSDAQ","","1210","-100","-7.63","23649713780"
"060250","NHN KCP","KOSDAQ","","16150","1070","7.1","648593867650"
"060260","뉴보텍","KOSDAQ","","1079","6","0.56","14396402124"
"060280","큐렉소","KOSDAQ","","8900","40","0.45","367212131000"
"060310","3S","KOSDAQ","","1180","75","6.79","62609667200"
"060370","LS마린솔루션","KOSDAQ","","33800","-650","-1.89","1765673265200"
"060380","동양에스텍","KOSDAQ","","1289","-26","-1.98","25393300000"
"060480","국일신동","KOSDAQ","","1390","-6","-0.43","15415100000"
"060540","에스에이티","KOSDAQ","","1305","57","4.57","34103478870"
"060560","HC홈센타","KOSDAQ","","1989","13","0.66","50496733989"
"060570","드림어스컴퍼니","KOSDAQ","","3625","30","0.83","53723638250"
"060590","씨티씨바이오","KOSDAQ","","3090","70","2.32","74719351800"
"060720","KH바텍","KOSDAQ","","10600","-30","-0.28","250980885200"
"060850","영림원소프트랩","KOSDAQ","","4775","0","0.00","38825525000"
"060900","에이전트AI","KOSDAQ","","3705","-55","-1.46","18094960650"
"061040","알에프텍","KOSDAQ","","7220","-140","-1.9","65328170060"
"061090","세나테크놀로지","KOSDAQ","","41500","-700","-1.66","226903325000"
"061250","화일약품","KOSDAQ","","8310","230","2.85","69950123040"
"061970","LB세미콘","KOSDAQ","","4365","-50","-1.13","305912321190"
"062970","한국첨단소재","KOSDAQ","","2235","0","0.00","63796526145"
"063080","컴투스홀딩스","KOSDAQ","","13550","-320","-2.31","89364851600"
"063170","서울옥션","KOSDAQ","","5980","180","3.1","106290116660"
"063440","SM Life Design","KOSDAQ","","1064","6","0.57","48219803296"
"063570","NICE인프라","KOSDAQ","","3425","25","0.74","116955968400"
"063760","이엘피","KOSDAQ","","2580","-10","-0.39","24058835400"
"064090","인크레더블버즈","KOSDAQ","","798","0","0.00","39694710510"
"064240","홈캐스트","KOSDAQ","","1810","61","3.49","62796594310"
"064260","다날","KOSDAQ","","5550","190","3.54","419832286350"
"064290","인텍플러스","KOSDAQ","","32500","-700","-2.11","421121285000"
"064480","브리지텍","KOSDAQ","","2855","-5","-0.17","34124387500"
"064520","테크엘","KOSDAQ","","1482","-7","-0.47","33124273884"
"064550","바이오니아","KOSDAQ","","8310","240","2.97","214483518210"
"064760","티씨케이","KOSDAQ","","238500","-4000","-1.65","2666290716000"
"064800","포니링크","KOSDAQ","","3445","80","2.38","88059226255"
"064820","케이프","KOSDAQ","","7820","-30","-0.38","241326881300"
"064850","에프앤가이드","KOSDAQ","","16370","-170","-1.03","186787134840"
"065060","지엔코","KOSDAQ","","3385","85","2.58","20277456610"
"065130","탑엔지니어링","KOSDAQ","","2990","20","0.67","47851960000"
"065150","대산F&B","KOSDAQ","","1500","48","3.31","23907360000"
"065170","비엘팜텍","KOSDAQ","","2190","269","14.00","61131206670"
"065350","신성델타테크","KOSDAQ","","30650","-350","-1.13","842383006200"
"065370","위세아이텍","KOSDAQ","","2780","-40","-1.42","20527392120"
"065420","에스아이리소스","KOSDAQ","","94","0","0.00","7283384140"
"065440","이루온","KOSDAQ","","1380","-19","-1.36","37639527600"
"065450","빅텍","KOSDAQ","","2850","60","2.15","84063038550"
"065500","오리엔트정공","KOSDAQ","","1200","-11","-0.91","42891494400"
"065510","휴비츠","KOSDAQ","","7200","150","2.13","78320844000"
"065530","와이어블","KOSDAQ","","1223","15","1.24","58506802257"
"065570","삼영이엔씨","KOSDAQ","","764","0","0.00","12295692232"
"065650","하이퍼코퍼레이션","KOSDAQ","","1571","-75","-4.56","17196145577"
"065660","안트로젠","KOSDAQ","","14850","-90","-0.6","148590585000"
"065680","우주일렉트로","KOSDAQ","","25600","-1200","-4.48","236556057600"
"065690","파커스","KOSDAQ","","1857","15","0.81","22310939499"
"065710","서호전기","KOSDAQ","","45350","1250","2.83","233552500000"
"065770","CS","KOSDAQ","","1253","-72","-5.43","13175375192"
"065950","웰크론","KOSDAQ","","1219","89","7.88","34413957138"
"066130","하츠","KOSDAQ","","3465","35","1.02","44352000000"
"066310","큐에스아이","KOSDAQ","","7700","110","1.45","71391481700"
"066360","체리부로","KOSDAQ","","1423","83","6.19","34117857961"
"066410","버킷스튜디오","KOSDAQ","","1153","0","0.00","159637252154"
"066430","아이로보틱스","KOSDAQ","","2105","-10","-0.47","82418066980"
"066590","스모트로닉","KOSDAQ","","2695","0","0.00","104237040215"
"066620","국보디자인","KOSDAQ","","25350","400","1.6","190125000000"
"066670","디티씨","KOSDAQ","","3125","-130","-3.99","58412243750"
"066700","테라젠이텍스","KOSDAQ","","2135","30","1.43","79320322760"
"066790","씨씨에스","KOSDAQ","","2205","0","0.00","97355245995"
"066900","디에이피","KOSDAQ","","1738","14","0.81","39529946214"
"066910","손오공","KOSDAQ","","1892","-47","-2.42","29111507744"
"066980","한성크린텍","KOSDAQ","","1579","12","0.77","84904729537"
"067000","조이시티","KOSDAQ","","1169","17","1.48","81717128374"
"067010","이씨에스","KOSDAQ","","2480","10","0.4","27003480000"
"067080","대화제약","KOSDAQ","","10830","260","2.46","201618319500"
"067160","SOOP","KOSDAQ","","39500","1200","3.13","454043296500"
"067170","오텍","KOSDAQ","","2815","55","1.99","77302278675"
"067280","멀티캠퍼스","KOSDAQ","","23900","200","0.84","141650018100"
"067290","JW신약","KOSDAQ","","2100","110","5.53","117677916300"
"067310","하나마이크론","KOSDAQ","","35350","-3400","-8.77","2350452219150"
"067370","선바이오","KOSDAQ","","6170","70","1.15","75359398970"
"067390","아스트","KOSDAQ","","4985","-75","-1.48","209947048645"
"067570","엔브이에이치코리아","KOSDAQ","","1708","5","0.29","72026360000"
"067630","HLB생명과학","KOSDAQ","","2645","5","0.19","322470618410"
"067730","로지시스","KOSDAQ","","2240","20","0.9","21669585280"
"067770","세진티에스","KOSDAQ","","2690","40","1.51","22586835170"
"067900","와이엔텍","KOSDAQ","","6100","10","0.16","111017919900"
"067920","이글루","KOSDAQ","","5490","110","2.04","60368693310"
"067990","도이치모터스","KOSDAQ","","3735","65","1.77","108993089250"
"068050","팬엔터테인먼트","KOSDAQ","","1160","11","0.96","32125128160"
"068100","케이웨더","KOSDAQ","","2340","15","0.65","27910434240"
"068240","다원시스","KOSDAQ","","2530","0","0.00","96553495610"
"068330","일신바이오","KOSDAQ","","1097","39","3.69","48505105580"
"068760","셀트리온제약","KOSDAQ","","42600","600","1.43","1891539343200"
"068790","DMS","KOSDAQ","","7250","-40","-0.55","163634124000"
"068930","디지털대성","KOSDAQ","","8500","0","0.00","235240407000"
"068940","셀피글로벌","KOSDAQ","","778","0","0.00","35720093048"
"069080","웹젠","KOSDAQ","","11290","420","3.86","349612631750"
"069140","누리플랜","KOSDAQ","","1894","-35","-1.81","28591452776"
"069330","유아이디","KOSDAQ","","1247","28","2.3","21139859778"
"069410","엔텔스","KOSDAQ","","2830","60","2.17","28992851920"
"069510","에스텍","KOSDAQ","","12600","-80","-0.63","137466000000"
"069540","빛과전자","KOSDAQ","","2930","-170","-5.48","330187258210"
"069920","엑시온그룹","KOSDAQ","","1227","106","9.46","17681628285"
"070300","퀀텀레일","KOSDAQ","","1798","-54","-2.92","63873462742"
"070590","인티큐브","KOSDAQ","","1936","-2","-0.1","26870752656"
"071200","인피니트헬스케어","KOSDAQ","","9890","410","4.32","241280969620"
"071280","로체시스템즈","KOSDAQ","","6670","10","0.15","102028342010"
"071670","에이테크솔루션","KOSDAQ","","5060","80","1.61","50600000000"
"071850","캐스텍코리아","KOSDAQ","","1335","20","1.52","32388352230"
"072020","중앙백신","KOSDAQ","","9310","80","0.87","86180631110"
"072470","우리산업홀딩스","KOSDAQ","","2470","-80","-3.14","46651732270"
"072770","멤레이비티","KOSDAQ","","999","12","1.22","41470585902"
"072870","메가스터디","KOSDAQ","","13680","350","2.63","163078719120"
"072950","빛샘전자","KOSDAQ","","8620","-350","-3.9","69413498200"
"072990","에이치시티","KOSDAQ","","3150","125","4.13","45669348900"
"073010","케이에스피","KOSDAQ","","3010","-20","-0.66","120975662500"
"073110","엘엠에스","KOSDAQ","","4920","45","0.92","43767114600"
"073190","듀오백","KOSDAQ","","1622","0","0.00","19412160880"
"073490","LIG아큐버","KOSDAQ","","29550","-1050","-3.43","224693649300"
"073540","에프알텍","KOSDAQ","","2245","5","0.22","25593000000"
"073560","우리손에프앤지","KOSDAQ","","1527","2","0.13","105725880861"
"073570","리튬포어스","KOSDAQ","","1662","77","4.86","20006039136"
"073640","테라사이언스","KOSDAQ","","654","0","0.00","76111715580"
"074430","아미노로직스","KOSDAQ","","1158","-2","-0.17","102066492876"
"074600","원익QnC","KOSDAQ","","26150","-550","-2.06","687431200000"
"075130","플랜티넷","KOSDAQ","","2090","40","1.95","33695648800"
"075970","동국알앤에스","KOSDAQ","","1585","-4","-0.25","29164000000"
"076080","웰크론한텍","KOSDAQ","","1150","40","3.6","25983279400"
"076610","해성옵틱스","KOSDAQ","","1300","-13","-0.99","77007034000"
"077360","덕산하이메탈","KOSDAQ","","9850","-170","-1.7","447554469700"
"078020","LS증권","KOSDAQ","","6800","80","1.19","377272092000"
"078070","유비쿼스홀딩스","KOSDAQ","","9060","30","0.33","154553117580"
"078130","국일제지","KOSDAQ","","3535","20","0.57","398537975045"
"078140","대봉엘에스","KOSDAQ","","8240","230","2.87","91353410960"
"078150","HB테크놀러지","KOSDAQ","","1915","-16","-0.83","181775243170"
"078160","메디포스트","KOSDAQ","","8980","240","2.75","352057334940"
"078340","컴투스","KOSDAQ","","36000","900","2.56","435287268000"
"078350","한양디지텍","KOSDAQ","","20600","-550","-2.6","314034269200"
"078590","휴림에이텍","KOSDAQ","","3010","-65","-2.11","30075375190"
"078600","대주전자재료","KOSDAQ","","91800","-700","-0.76","1441639868400"
"078860","아이오케이이엔엠","KOSDAQ","","2915","265","10.00","18006503020"
"078890","가온그룹","KOSDAQ","","4350","-15","-0.34","80148502050"
"079000","와토스코리아","KOSDAQ","","4045","95","2.41","29124000000"
"079170","한창산업","KOSDAQ","","5800","-20","-0.34","30160000000"
"079190","케스피온","KOSDAQ","","1206","-18","-1.47","11564186868"
"079370","제우스","KOSDAQ","","10290","-190","-1.81","319164827100"
"079650","서산","KOSDAQ","","5070","320","6.74","101400000000"
"079810","APS이노베이션","KOSDAQ","","3680","100","2.79","79223385920"
"079940","가비아","KOSDAQ","","45850","300","0.66","615338361400"
"079950","인베니아","KOSDAQ","","969","43","4.64","13371327900"
"079960","동양이엔피","KOSDAQ","","18860","210","1.13","142424269880"
"079970","투비소프트","KOSDAQ","","596","0","0.00","7646223464"
"080010","이상네트웍스","KOSDAQ","","7750","-140","-1.77","76221800250"
"080160","모두투어","KOSDAQ","","9150","110","1.22","172935000000"
"080220","제주반도체","KOSDAQ","","76700","-1000","-1.29","2641765291100"
"080420","모다이노칩","KOSDAQ","","1638","-11","-0.67","130584016836"
"080470","성창오토텍","KOSDAQ","","2845","-30","-1.04","20768500000"
"080520","오디텍","KOSDAQ","","2790","25","0.9","31589543430"
"080530","코디","KOSDAQ","","2380","-40","-1.65","26350607920"
"080580","오킨스전자","KOSDAQ","","20300","890","4.59","428146386500"
"080720","한국유니온제약","KOSDAQ","","2410","0","0.00","47841519730"
"081150","티플랙스","KOSDAQ","","2785","20","0.72","67587499570"
"081180","쎄크","KOSDAQ","","5200","-80","-1.52","45892782000"
"081580","성우전자","KOSDAQ","","2280","5","0.22","35358566040"
"082210","옵트론텍","KOSDAQ","","1776","67","3.92","62094874080"
"082270","젬백스","KOSDAQ","","11450","870","8.22","506882374350"
"082660","코스나인","KOSDAQ","","480","0","0.00","47827617120"
"082800","비보존 제약","KOSDAQ","","3260","135","4.32","197946111160"
"082850","우리바이오","KOSDAQ","","897","0","0.00","43465550466"
"082920","비츠로셀","KOSDAQ","","27750","-1450","-4.97","1252620486750"
"083310","엘오티베큠","KOSDAQ","","9830","140","1.44","175072624390"
"083450","GST","KOSDAQ","","44350","-750","-1.66","817370500000"
"083470","이엠앤아이","KOSDAQ","","909","9","1.00","19398359061"
"083500","에프엔에스테크","KOSDAQ","","11840","-150","-1.25","98347503680"
"083550","케이엠","KOSDAQ","","3205","5","0.16","43447508825"
"083640","인콘","KOSDAQ","","1087","0","0.00","24955718841"
"083650","비에이치아이","KOSDAQ","","65400","1400","2.19","2023762125000"
"083660","CSA 코스믹","KOSDAQ","","1761","-151","-7.9","25038831330"
"083790","CG인바이츠","KOSDAQ","","929","-69","-6.91","71434695078"
"083930","아바코","KOSDAQ","","11700","350","3.08","171723813300"
"084110","휴온스글로벌","KOSDAQ","","28150","-2750","-8.9","356373707800"
"084180","수성웹툰","KOSDAQ","","593","0","0.00","10718049819"
"084370","유진테크","KOSDAQ","","134000","-4000","-2.9","3070749628000"
"084440","유비온","KOSDAQ","","1196","0","0.00","22882375516"
"084650","랩지노믹스","KOSDAQ","","559","-42","-6.99","41500154410"
"084730","팅크웨어","KOSDAQ","","6650","0","0.00","73877669600"
"084850","아이티엠반도체","KOSDAQ","","8940","150","1.71","202785429960"
"084990","헬릭스미스","KOSDAQ","","3000","30","1.01","138278391000"
"085660","차바이오텍","KOSDAQ","","8160","60","0.74","758658423360"
"085670","뉴프렉스","KOSDAQ","","3000","30","1.01","73502283000"
"085810","알티캐스트","KOSDAQ","","1732","49","2.91","24485202596"
"085910","네오티스","KOSDAQ","","16760","-640","-3.68","231201149680"
"086040","바이오톡스텍","KOSDAQ","","2500","70","2.88","39895617500"
"086060","진바이오텍","KOSDAQ","","4745","25","0.53","40857235315"
"086390","유니테스트","KOSDAQ","","10530","-250","-2.32","222542346780"
"086450","동국제약","KOSDAQ","","21500","2860","15.34","972454030000"
"086520","에코프로","KOSDAQ","","90200","-1800","-1.96","12247008910400"
"086670","비엠티","KOSDAQ","","16800","-390","-2.27","166754868000"
"086710","선진뷰티사이언스","KOSDAQ","","8180","310","3.94","99822830400"
"086820","바이오솔루션","KOSDAQ","","6730","-80","-1.17","174469092050"
"086890","이수앱지스","KOSDAQ","","3430","30","0.88","139858051060"
"086900","메디톡스","KOSDAQ","","71100","4200","6.28","518923136700"
"086960","MDS테크","KOSDAQ","","2040","-5","-0.24","86758486800"
"086980","쇼박스","KOSDAQ","","2040","5","0.25","127373520000"
"087010","펩트론","KOSDAQ","","192400","4200","2.23","4486258140000"
"087260","모바일어플라이언스","KOSDAQ","","247","0","0.00","8040556667"
"087600","픽셀플러스","KOSDAQ","","3900","15","0.39","31849576200"
"088130","동아엘텍","KOSDAQ","","5480","10","0.18","95819520720"
"088280","쏘닉스","KOSDAQ","","2340","-15","-0.64","40497186600"
"088290","이원컴포텍","KOSDAQ","","2405","90","3.89","19182453160"
"088340","유라클","KOSDAQ","","7200","140","1.98","31423449600"
"088390","이녹스","KOSDAQ","","7830","60","0.77","73491158520"
"088800","에이스테크","KOSDAQ","","1872","-64","-3.31","141348044448"
"088910","동우팜투테이블","KOSDAQ","","2090","20","0.97","53758486760"
"089010","켐트로닉스","KOSDAQ","","22500","-250","-1.1","377325607500"
"089030","테크윙","KOSDAQ","","49900","200","0.4","1848976885500"
"089140","넥스턴앤롤코리아","KOSDAQ","","2090","-15","-0.71","32010929060"
"089150","케이씨티","KOSDAQ","","1895","50","2.71","32499250000"
"089230","THE E&M","KOSDAQ","","2230","-115","-4.9","87909619420"
"089600","KT나스미디어","KOSDAQ","","13330","70","0.53","154203612790"
"089790","제이티","KOSDAQ","","4090","-10","-0.24","42190448170"
"089850","유비벨록스","KOSDAQ","","4070","30","0.74","59951909930"
"089890","코세스","KOSDAQ","","23500","-2150","-8.38","389746607000"
"089970","브이엠","KOSDAQ","","58000","-2500","-4.13","1526952370000"
"089980","상아프론테크","KOSDAQ","","15100","0","0.00","241434458700"
"090150","아이윈","KOSDAQ","","5940","10","0.17","24873922260"
"090360","로보스타","KOSDAQ","","77900","-2000","-2.5","759525000000"
"090410","덕신이피씨","KOSDAQ","","819","0","0.00","37742873805"
"090470","제이스로보틱스","KOSDAQ","","4800","570","13.48","83887651200"
"090710","휴림로봇","KOSDAQ","","6650","50","0.76","795067542850"
"090850","현대이지웰","KOSDAQ","","5120","120","2.4","115086863360"
"091120","이엠텍","KOSDAQ","","4945","110","2.28","84722368520"
"091340","S&K폴리텍","KOSDAQ","","2210","25","1.14","25865223410"
"091440","한울소재과학","KOSDAQ","","2735","-50","-1.8","94387494745"
"091580","상신이디피","KOSDAQ","","22500","50","0.22","299884927500"
"091590","남화토건","KOSDAQ","","6520","340","5.5","76544800000"
"091700","파트론","KOSDAQ","","5440","10","0.18","272000000000"
"091970","LSK아이로봇","KOSDAQ","","4005","-5","-0.12","30176793900"
"092040","아미코젠","KOSDAQ","","970","17","1.78","68535725390"
"092070","디엔에프","KOSDAQ","","12880","-80","-0.62","149045531040"
"092130","이크레더블","KOSDAQ","","14240","-20","-0.14","171500864000"
"092190","서울바이오시스","KOSDAQ","","9210","280","3.14","422447807430"
"092300","현우산업","KOSDAQ","","2595","-25","-0.95","52288915245"
"092460","한라IMS","KOSDAQ","","17690","-260","-1.45","302670239200"
"092600","앤씨앤","KOSDAQ","","1907","70","3.81","9566852621"
"092730","네오팜","KOSDAQ","","25350","1850","7.87","406309521150"
"092870","엑시콘","KOSDAQ","","25900","-250","-0.96","338015642300"
"093190","빅솔론","KOSDAQ","","8450","70","0.84","162568747250"
"093320","케이아이엔엑스","KOSDAQ","","152300","10300","7.25","743224000000"
"093380","풍강","KOSDAQ","","3110","-10","-0.32","30724663430"
"093520","매커스","KOSDAQ","","26250","-250","-0.94","312423221250"
"093640","케이알엠","KOSDAQ","","4685","-55","-1.16","153872809460"
"093920","서원인텍","KOSDAQ","","4900","30","0.62","91140000000"
"094170","동운아나텍","KOSDAQ","","32400","-300","-0.92","677481926400"
"094360","칩스앤미디어","KOSDAQ","","10640","-50","-0.47","227220115360"
"094480","갤럭시아머니트리","KOSDAQ","","6220","370","6.32","244009592360"
"094820","일진파워","KOSDAQ","","12130","10","0.08","182904740170"
"094840","슈프리마에이치큐","KOSDAQ","","13010","-120","-0.91","127577478090"
"094850","참좋은여행","KOSDAQ","","4450","50","1.14","62300000000"
"094860","네오리진","KOSDAQ","","1400","59","4.4","74354019600"
"094940","푸른로보틱스","KOSDAQ","","6360","-40","-0.63","53178414960"
"094970","제이엠티","KOSDAQ","","2770","0","0.00","46392624800"
"095190","신화프리텍","KOSDAQ","","1883","10","0.53","122885449946"
"095270","웨이브일렉트로","KOSDAQ","","4080","-110","-2.63","58639416480"
"095340","ISC","KOSDAQ","","173400","2200","1.29","3675569857200"
"095500","미래나노텍","KOSDAQ","","7170","0","0.00","222341692830"
"095610","테스","KOSDAQ","","142700","-3300","-2.26","2762672000000"
"095660","네오위즈","KOSDAQ","","18470","500","2.78","399625397730"
"095700","제넥신","KOSDAQ","","2735","-20","-0.73","124553251090"
"095910","에스에너지","KOSDAQ","","634","-1","-0.16","23646240306"
"096240","크레버스","KOSDAQ","","8500","-170","-1.96","87024530000"
"096250","와이즈넛","KOSDAQ","","5980","110","1.87","70652988380"
"096350","대창솔루션","KOSDAQ","","1980","-19","-0.95","72972428760"
"096530","씨젠","KOSDAQ","","35650","3750","11.76","1861856686100"
"096610","알에프세미","KOSDAQ","","101","-14","-12.17","1756027511"
"096630","에스코넥","KOSDAQ","","1865","-12","-0.64","29609342395"
"096690","에이루트","KOSDAQ","","6550","-300","-4.38","26349615100"
"096870","엘디티","KOSDAQ","","2355","-5","-0.21","19659537645"
"097780","에코볼트","KOSDAQ","","1509","7","0.47","30622271301"
"097800","윈팩","KOSDAQ","","2045","-15","-0.73","55808142025"
"097870","효성오앤비","KOSDAQ","","4670","105","2.3","39648300000"
"098070","한텍","KOSDAQ","","25200","100","0.4","280252753200"
"098120","마이크로컨텍솔","KOSDAQ","","41850","0","0.00","347889257100"
"098460","고영","KOSDAQ","","28700","-450","-1.54","1957460913100"
"098660","에스티오","KOSDAQ","","1741","41","2.41","21764199216"
"099190","아이센스","KOSDAQ","","18110","460","2.61","520794865990"
"099220","SDN","KOSDAQ","","511","0","0.00","32164562850"
"099320","쎄트렉아이","KOSDAQ","","74500","300","0.4","815870211000"
"099390","브레인즈컴퍼니","KOSDAQ","","3890","30","0.78","31930220870"
"099410","동방선기","KOSDAQ","","3385","15","0.45","47390000000"
"099430","바이오플러스","KOSDAQ","","3470","40","1.17","213893305340"
"099440","스맥","KOSDAQ","","4010","-45","-1.11","273656009940"
"099520","DGI","KOSDAQ","","1284","0","0.00","58141862016"
"099750","이지케어텍","KOSDAQ","","6600","0","0.00","90150541800"
"100030","인지소프트","KOSDAQ","","20600","-50","-0.24","67644508400"
"100120","뷰웍스","KOSDAQ","","27450","850","3.2","246265231950"
"100130","동국S&C","KOSDAQ","","1421","19","1.36","81200203000"
"100590","머큐리","KOSDAQ","","3620","-40","-1.09","62045152900"
"100660","서암기계공업","KOSDAQ","","3050","0","0.00","38430000000"
"100700","세운메디칼","KOSDAQ","","2410","45","1.9","105558000000"
"100790","미래에셋벤처투자","KOSDAQ","","16000","-180","-1.11","849929248000"
"101000","KS인더스트리","KOSDAQ","","781","73","10.31","7740090347"
"101160","월덱스","KOSDAQ","","29900","600","2.05","493678690700"
"101170","우림피티에스","KOSDAQ","","8280","-100","-1.19","111780000000"
"101240","씨큐브","KOSDAQ","","3530","40","1.15","40090393560"
"101330","모베이스","KOSDAQ","","3475","45","1.31","80435925775"
"101360","에코앤드림","KOSDAQ","","8320","270","3.35","147980468480"
"101400","엔시트론","KOSDAQ","","1860","23","1.25","21839725680"
"101490","에스앤에스텍","KOSDAQ","","41200","-1200","-2.83","878997014800"
"101670","하이드로리튬","KOSDAQ","","505","-9","-1.75","28672479435"
"101680","한국정밀기계","KOSDAQ","","2940","-5","-0.17","24707760000"
"101730","위메이드맥스","KOSDAQ","","4240","-20","-0.47","355325932640"
"101930","인화정공","KOSDAQ","","6900","0","0.00","315293229900"
"101970","우양에이치씨","KOSDAQ","","11300","470","4.34","167127101700"
"102120","어보브반도체","KOSDAQ","","7190","-100","-1.37","127843614070"
"102370","케이옥션","KOSDAQ","","3205","5","0.16","82971969450"
"102710","이엔에프테크놀로지","KOSDAQ","","45250","-50","-0.11","646524579000"
"102940","코오롱생명과학","KOSDAQ","","15330","80","0.52","200678943990"
"103230","에스앤더블류","KOSDAQ","","2370","-50","-2.07","17064000000"
"103840","우양","KOSDAQ","","1720","-20","-1.15","28150256160"
"104040","디에스엠","KOSDAQ","","2660","-55","-2.03","71324082900"
"104200","NHN벅스","KOSDAQ","","2680","95","3.68","39737834000"
"104460","디와이피엔에프","KOSDAQ","","7920","120","1.54","83303359920"
"104480","티케이케미칼","KOSDAQ","","1757","7","0.4","159703277538"
"104540","코렌텍","KOSDAQ","","4045","40","1.00","54232973450"
"104620","노랑풍선","KOSDAQ","","3270","40","1.24","54970505040"
"104830","원익머트리얼즈","KOSDAQ","","33000","-150","-0.45","416064000000"
"105330","케이엔더블유","KOSDAQ","","6740","80","1.2","107971564800"
"105550","엣지파운드리","KOSDAQ","","2030","-15","-0.73","31792662300"
"105740","디케이락","KOSDAQ","","7840","20","0.26","79721141920"
"105760","포스뱅크","KOSDAQ","","5300","240","4.74","54011701100"
"106080","케이이엠텍","KOSDAQ","","1650","0","0.00","9506998050"
"106190","하이텍팜","KOSDAQ","","11100","0","0.00","118028220300"
"106240","파인테크닉스","KOSDAQ","","1184","6","0.51","31472986176"
"107600","새빗켐","KOSDAQ","","16390","60","0.37","92604385060"
"107640","한중엔시에스","KOSDAQ","","41500","600","1.47","376195259000"
"108230","톱텍","KOSDAQ","","3385","40","1.2","128708684325"
"108380","대양전기공업","KOSDAQ","","18470","-140","-0.75","176708640510"
"108490","로보티즈","KOSDAQ","","242000","-13000","-5.1","3547968776000"
"108860","셀바스AI","KOSDAQ","","9510","-20","-0.21","255959652900"
"109080","옵티시스","KOSDAQ","","8780","30","0.34","49484080000"
"109610","에스와이","KOSDAQ","","1917","-3","-0.16","93755485800"
"109670","씨싸이트","KOSDAQ","","3880","45","1.17","22646015760"
"109740","디에스케이","KOSDAQ","","4195","-190","-4.33","107855086050"
"109820","진매트릭스","KOSDAQ","","1655","137","9.03","33751474200"
"109860","동일금속","KOSDAQ","","7360","0","0.00","66976000000"
"109960","앱토크롬","KOSDAQ","","1875","0","0.00","28372936875"
"110020","전진바이오팜","KOSDAQ","","1986","36","1.85","17990701332"
"110790","크리스에프앤씨","KOSDAQ","","2910","-15","-0.51","68184093600"
"110990","디아이티","KOSDAQ","","16570","250","1.53","313173000000"
"111710","남화산업","KOSDAQ","","3190","20","0.63","65675720000"
"112040","위메이드","KOSDAQ","","15050","-100","-0.66","510924669150"
"112290","와이씨켐","KOSDAQ","","10220","-130","-1.26","206659539800"
"113810","디젠스","KOSDAQ","","2900","-55","-1.86","18924269000"
"114190","강원에너지","KOSDAQ","","9090","-280","-2.99","237458415420"
"114450","그린생명과학","KOSDAQ","","2250","70","3.21","45000000000"
"114630","폴라리스우노","KOSDAQ","","1491","10","0.68","25697754768"
"114810","한솔아이원스","KOSDAQ","","13020","-280","-2.11","366424125480"
"114840","아이패밀리에스씨","KOSDAQ","","9800","650","7.1","163477573000"
"115160","휴맥스","KOSDAQ","","5270","-310","-5.56","22700698910"
"115180","큐리언트","KOSDAQ","","20300","-2000","-8.97","761943265300"
"115310","인포바인","KOSDAQ","","9100","150","1.68","134967095900"
"115440","우리넷","KOSDAQ","","7470","-20","-0.27","80633361240"
"115450","HLB테라퓨틱스","KOSDAQ","","2120","-35","-1.62","187789831080"
"115480","씨유메디칼","KOSDAQ","","2340","30","1.3","28372291740"
"115500","케이씨에스","KOSDAQ","","9250","180","1.98","111000000000"
"115530","씨엔플러스","KOSDAQ","","3000","15","0.5","25746165000"
"115570","스타플렉스","KOSDAQ","","2600","-30","-1.14","20759720800"
"115610","이미지스","KOSDAQ","","1546","78","5.31","18271816874"
"117670","알파칩스","KOSDAQ","","8030","-50","-0.62","53493788260"
"117730","티로보틱스","KOSDAQ","","13050","-240","-1.81","294382461150"
"118990","모트렉스","KOSDAQ","","6590","330","5.27","161701274890"
"119500","포메탈","KOSDAQ","","2455","-10","-0.41","29084954560"
"119610","인터로조","KOSDAQ","","13860","0","0.00","158194533420"
"119830","아이텍","KOSDAQ","","7060","-500","-6.61","187362064160"
"119850","지엔씨에너지","KOSDAQ","","52200","1900","3.78","858633049800"
"120240","대정화금","KOSDAQ","","15040","100","0.67","108143480640"
"121440","골프존홀딩스","KOSDAQ","","8250","680","8.98","353403748500"
"121600","나노신소재","KOSDAQ","","50200","-700","-1.38","615561988200"
"121800","비덴트","KOSDAQ","","3320","0","0.00","256309348520"
"121850","코이즈","KOSDAQ","","724","167","29.98","3661267276"
"121890","에스디시스템","KOSDAQ","","2560","-185","-6.74","34026101760"
"122310","제노레이","KOSDAQ","","3375","0","0.00","49119223500"
"122350","삼기","KOSDAQ","","1660","118","7.65","63643450480"
"122450","KX","KOSDAQ","","2725","-5","-0.18","122134047650"
"122640","예스티","KOSDAQ","","30200","1550","5.41","653870015000"
"122690","서진오토모티브","KOSDAQ","","1704","-19","-1.1","39326898864"
"122870","와이지엔터테인먼트","KOSDAQ","","40450","600","1.51","756052932050"
"122990","와이솔","KOSDAQ","","6080","150","2.53","161965612480"
"123010","MSDI","KOSDAQ","","2100","60","2.94","42453110700"
"123040","엠에스오토텍","KOSDAQ","","1728","19","1.11","108221700672"
"123330","제닉","KOSDAQ","","36500","2700","7.99","290856820000"
"123410","코리아에프티","KOSDAQ","","5790","170","3.02","161199760560"
"123420","위메이드플레이","KOSDAQ","","6380","60","0.95","66358641580"
"123570","이엠넷","KOSDAQ","","1659","9","0.55","36956013402"
"123750","알톤","KOSDAQ","","1672","-23","-1.36","23105801048"
"123840","뉴온","KOSDAQ","","1685","0","0.00","26206889250"
"123860","아나패스","KOSDAQ","","13450","30","0.22","163059931750"
"124500","아이티센글로벌","KOSDAQ","","38800","1050","2.78","900335647600"
"124560","태웅로직스","KOSDAQ","","2025","25","1.25","78409642275"
"125020","티씨머티리얼즈","KOSDAQ","","5770","-90","-1.54","202172433500"
"125210","아모그린텍","KOSDAQ","","5710","-80","-1.38","94196670900"
"125490","한라캐스트","KOSDAQ","","10250","-500","-4.65","374149108000"
"126340","비나텍","KOSDAQ","","63600","-3700","-5.5","456674330400"
"126600","BGF에코머티리얼즈","KOSDAQ","","2905","25","0.87","182337841595"
"126640","화신정공","KOSDAQ","","4290","40","0.94","150389853900"
"126700","하이비젼시스템","KOSDAQ","","12090","20","0.17","180650134080"
"126730","코칩","KOSDAQ","","19290","590","3.16","169175730540"
"126880","제이엔케이글로벌","KOSDAQ","","2550","10","0.39","59078713650"
"127120","제이에스링크","KOSDAQ","","33950","-50","-0.15","1243777499650"
"127710","아시아경제","KOSDAQ","","1024","6","0.59","45106391040"
"127980","화인써키트","KOSDAQ","","2825","25","0.89","33449932300"
"128540","에코캡","KOSDAQ","","1228","-9","-0.73","32775884880"
"128660","피제이메탈","KOSDAQ","","3025","30","1.00","75030191225"
"129890","앱코","KOSDAQ","","1022","-14","-1.35","46547605244"
"129920","대성하이텍","KOSDAQ","","5830","80","1.39","94729897680"
"130500","GH신소재","KOSDAQ","","1917","32","1.7","27882864684"
"130580","나이스디앤비","KOSDAQ","","5560","70","1.28","85624000000"
"130740","티피씨글로벌","KOSDAQ","","2070","-50","-2.36","23342725530"
"131030","옵투스제약","KOSDAQ","","5800","90","1.58","102350222000"
"131090","시큐브","KOSDAQ","","4210","-10","-0.24","32241110410"
"131100","티엔엔터테인먼트","KOSDAQ","","2265","-5","-0.22","14607764160"
"131180","딜리","KOSDAQ","","3995","120","3.1","23450650000"
"131220","대한과학","KOSDAQ","","3745","15","0.4","27917065050"
"131290","티에스이","KOSDAQ","","238500","-14500","-5.73","2638150816500"
"131370","알서포트","KOSDAQ","","1500","9","0.6","79900624500"
"131400","이브이첨단소재","KOSDAQ","","720","-5","-0.69","42906155040"
"131760","파인텍","KOSDAQ","","1837","18","0.99","15956762492"
"131970","두산테스나","KOSDAQ","","81700","-1400","-1.68","1579035344600"
"133750","메가엠디","KOSDAQ","","1498","-5","-0.33","35063801346"
"134060","이퓨쳐","KOSDAQ","","5410","-20","-0.37","25801642500"
"134580","탑코미디어","KOSDAQ","","3450","130","3.92","170064814050"
"136150","원일티엔아이","KOSDAQ","","7970","-30","-0.38","66796809100"
"136410","아셈스","KOSDAQ","","4215","45","1.08","46445531790"
"136480","하림","KOSDAQ","","2690","35","1.32","285704098380"
"136540","윈스테크넷","KOSDAQ","","10710","220","2.1","131516079660"
"137080","나래나노텍","KOSDAQ","","6340","-140","-2.16","67901076660"
"137400","피엔티","KOSDAQ","","29950","-400","-1.32","709537303600"
"137940","넥스트아이","KOSDAQ","","1999","14","0.71","19614321933"
"137950","제이씨케미칼","KOSDAQ","","3740","55","1.49","83281624360"
"138070","신진에스엠","KOSDAQ","","1525","0","0.00","26692386100"
"138080","오이솔루션","KOSDAQ","","23400","-1550","-6.21","289639537200"
"138360","앤로보틱스","KOSDAQ","","1739","8","0.46","152986671226"
"138610","나이벡","KOSDAQ","","15500","-500","-3.13","176200791500"
"139670","키네마스터","KOSDAQ","","2040","20","0.99","28802372400"
"140070","서플러스글로벌","KOSDAQ","","1915","63","3.4","70832020000"
"140410","메지온","KOSDAQ","","69200","2800","4.22","2119019840800"
"140430","카티스","KOSDAQ","","1778","59","3.43","19005943446"
"140520","대창스틸","KOSDAQ","","2005","9","0.45","42324032215"
"140670","알에스오토메이션","KOSDAQ","","10500","70","0.67","134818320000"
"140860","파크시스템스","KOSDAQ","","271000","-500","-0.18","1897669099000"
"141000","비아트론","KOSDAQ","","9000","-40","-0.44","109032390000"
"141080","리가켐바이오","KOSDAQ","","101000","1400","1.41","3738961218000"
"142210","유니트론텍","KOSDAQ","","6000","0","0.00","124508418000"
"142280","녹십자엠에스","KOSDAQ","","3045","135","4.64","72967429395"
"142760","모아라이프플러스","KOSDAQ","","349","0","0.00","14716276020"
"143160","아이디스","KOSDAQ","","16150","150","0.94","173069698500"
"143240","사람인","KOSDAQ","","17680","200","1.14","189754684080"
"143540","영우디에스피","KOSDAQ","","1068","0","0.00","47632687860"
"144510","지씨셀","KOSDAQ","","13490","-20","-0.15","213146640560"
"144960","뉴파워프라즈마","KOSDAQ","","9640","-370","-3.7","421196895360"
"145020","휴젤","KOSDAQ","","259000","13500","5.5","3241429807000"
"145170","노브랜드","KOSDAQ","","2835","10","0.35","47935328175"
"146060","율촌","KOSDAQ","","1046","3","0.29","25120312370"
"146320","비씨엔씨","KOSDAQ","","9960","-120","-1.19","127467313080"
"147760","피엠티","KOSDAQ","","3230","-225","-6.51","64600000000"
"147830","제룡산업","KOSDAQ","","7050","-60","-0.84","141000000000"
"148150","세경하이테크","KOSDAQ","","3960","140","3.66","140749559280"
"148250","알엔투테크놀로지","KOSDAQ","","1661","-109","-6.16","22607379344"
"148780","비큐AI","KOSDAQ","","3425","55","1.63","21540321625"
"148930","에이치와이티씨","KOSDAQ","","3280","-20","-0.61","33374698640"
"149950","아바텍","KOSDAQ","","9000","140","1.58","123009327000"
"149980","하이로닉","KOSDAQ","","5160","20","0.39","88747077360"
"150900","파수AI","KOSDAQ","","3640","120","3.41","42602276080"
"151860","KG에코솔루션","KOSDAQ","","5680","130","2.34","270385051360"
"153460","네이블","KOSDAQ","","5990","70","1.18","39114783860"
"153490","우리이앤엘하루틴","KOSDAQ","","2220","-75","-3.27","22857120000"
"153710","옵티팜","KOSDAQ","","4820","10","0.21","70709197560"
"153890","져스텍","KOSDAQ","","11750","-450","-3.69","141591083750"
"154030","아시아종묘","KOSDAQ","","1657","34","2.09","19986513619"
"154040","다산솔루에타","KOSDAQ","","1070","1","0.09","23128706980"
"155650","와이엠씨","KOSDAQ","","3210","-80","-2.43","60907689180"
"156100","엘앤케이바이오","KOSDAQ","","4140","5","0.12","92533773420"
"158430","아톤","KOSDAQ","","4795","185","4.01","117391631140"
"159010","아스플로","KOSDAQ","","20500","50","0.24","273362149500"
"159580","제로투세븐","KOSDAQ","","2240","40","1.82","44873104640"
"159910","에코글로우","KOSDAQ","","3190","-80","-2.45","33390039430"
"160190","하이젠알앤엠","KOSDAQ","","18330","-390","-2.08","566177040000"
"160550","NEW","KOSDAQ","","1005","-1","-0.1","28045636530"
"160980","싸이맥스","KOSDAQ","","23950","-1950","-7.53","261635619850"
"161580","필옵틱스","KOSDAQ","","27700","-300","-1.07","649350241900"
"162300","신스틸","KOSDAQ","","1659","4","0.24","68801022738"
"163280","에어레인","KOSDAQ","","3410","-15","-0.44","46386495980"
"163730","핑거","KOSDAQ","","9950","0","0.00","119556384150"
"166090","하나머티리얼즈","KOSDAQ","","52600","-1400","-2.59","1040305652400"
"166480","코아스템켐온","KOSDAQ","","2040","-60","-2.86","107855567040"
"168330","내츄럴엔도텍","KOSDAQ","","2090","-40","-1.88","66367741000"
"168360","펨트론","KOSDAQ","","13280","-320","-2.35","297373156960"
"169330","엠브레인","KOSDAQ","","1289","-8","-0.62","23610507302"
"170030","현대공업","KOSDAQ","","4875","5","0.1","74782500000"
"170790","파이오링크","KOSDAQ","","8350","130","1.58","53417747250"
"170920","엘티씨","KOSDAQ","","33000","-2600","-7.3","348616158000"
"171010","램테크놀러지","KOSDAQ","","2755","15","0.55","39393061760"
"171090","선익시스템","KOSDAQ","","71600","3300","4.83","725138021600"
"171120","라이온켐텍","KOSDAQ","","2025","5","0.25","72701064000"
"172670","에이엘티","KOSDAQ","","10400","-190","-1.79","93186693600"
"173130","오파스넷","KOSDAQ","","5780","10","0.17","75408613940"
"173940","에프엔씨엔터","KOSDAQ","","2350","75","3.3","36173098800"
"174900","앱클론","KOSDAQ","","26050","-1600","-5.79","519752960450"
"175140","아고스","KOSDAQ","","2775","220","8.61","69220302075"
"175250","아이큐어","KOSDAQ","","2170","0","0.00","81501658560"
"176750","듀켐바이오","KOSDAQ","","6030","-10","-0.17","171786981600"
"177350","베셀","KOSDAQ","","1700","199","13.26","16856946700"
"177830","파버나인","KOSDAQ","","2365","10","0.42","26785973445"
"177900","쓰리에이로직스","KOSDAQ","","3950","10","0.25","38029020000"
"178320","서진시스템","KOSDAQ","","38950","-2400","-5.8","2479196206150"
"178780","일월지엠엘","KOSDAQ","","2370","215","9.98","44174892150"
"179290","엠아이텍","KOSDAQ","","5250","-20","-0.38","169919809500"
"179530","애드바이오텍","KOSDAQ","","2470","-165","-6.26","66979590210"
"179900","유티아이","KOSDAQ","","2440","-20","-0.81","48288605280"
"180400","DXVX","KOSDAQ","","2540","-35","-1.36","250010757280"
"182360","큐브엔터","KOSDAQ","","5700","30","0.53","88604140200"
"182400","엔케이젠바이오텍코리아","KOSDAQ","","3670","0","0.00","265496721770"
"183300","코미코","KOSDAQ","","25400","-50","-0.2","1304627185000"
"183490","엔지켐생명과학","KOSDAQ","","990","0","0.00","83793832650"
"184230","SGA솔루션즈","KOSDAQ","","1986","118","6.32","37511526294"
"185490","아이진","KOSDAQ","","1920","63","3.39","83001185280"
"186230","그린플러스","KOSDAQ","","3500","10","0.29","38220658000"
"187220","디티앤씨","KOSDAQ","","1995","-30","-1.48","22992241335"
"187270","신화콘텍","KOSDAQ","","3060","-45","-1.45","31040165700"
"187420","HLB제넥스","KOSDAQ","","1917","67","3.62","62580363399"
"187660","페니트리움바이오","KOSDAQ","","4230","250","6.28","270577250190"
"187790","나노","KOSDAQ","","2980","20","0.68","91905673400"
"187870","디바이스","KOSDAQ","","10860","-260","-2.34","150549703920"
"188040","바이오포트","KOSDAQ","","5080","-130","-2.5","23770884640"
"188260","세니젠","KOSDAQ","","1973","-12","-0.6","27427300414"
"189300","인텔리안테크","KOSDAQ","","63800","-1900","-2.89","685052308600"
"189330","씨이랩","KOSDAQ","","12730","-1770","-12.21","119436475320"
"189690","포시에스","KOSDAQ","","1525","-12","-0.78","41666002725"
"189860","서전기전","KOSDAQ","","4560","10","0.22","44226436800"
"189980","흥국에프엔비","KOSDAQ","","1139","-7","-0.61","45716984953"
"190510","나무가","KOSDAQ","","13870","0","0.00","195363346790"
"190650","코리아에셋투자증권","KOSDAQ","","6870","60","0.88","43885560000"
"191410","육일씨엔에쓰","KOSDAQ","","1795","210","13.25","20111637725"
"191420","테고사이언스","KOSDAQ","","7410","-120","-1.59","60086459940"
"192250","케이사인","KOSDAQ","","7690","110","1.45","54346191250"
"192390","윈하이텍","KOSDAQ","","1745","-71","-3.91","20882844270"
"192410","오늘이엔엠","KOSDAQ","","5040","295","6.22","126936981360"
"192440","슈피겐코리아","KOSDAQ","","30100","200","0.67","187112526300"
"193250","링크드","KOSDAQ","","2240","50","2.28","29946409920"
"194480","데브시스터즈","KOSDAQ","","16950","730","4.5","205589092500"
"194700","노바렉스","KOSDAQ","","11740","230","2.00","214311915520"
"195500","마니커에프앤지","KOSDAQ","","1845","11","0.6","29479410000"
"195940","HK이노엔","KOSDAQ","","43650","600","1.39","1236599742150"
"195990","루트K","KOSDAQ","","1359","-8","-0.59","22135220766"
"196170","알테오젠","KOSDAQ","","320000","8500","2.73","22289642560000"
"196300","HLB펩","KOSDAQ","","4430","-120","-2.64","42058185210"
"196450","코아시아씨엠","KOSDAQ","","790","0","0.00","35802800000"
"196490","디에이테크놀로지","KOSDAQ","","6090","0","0.00","69131518050"
"196700","웹스","KOSDAQ","","1361","-9","-0.66","19549599984"
"197140","디지캡","KOSDAQ","","2390","10","0.42","31101438060"
"198080","캐프","KOSDAQ","","2135","15","0.71","45977619975"
"198440","강동씨앤엘","KOSDAQ","","1336","19","1.44","81405013056"
"198940","한주라이트메탈","KOSDAQ","","1308","1","0.08","26041966080"
"199430","케이엔알시스템","KOSDAQ","","14480","-820","-5.36","162133182640"
"199480","뱅크웨어글로벌","KOSDAQ","","4200","365","9.52","42825669600"
"199550","레이저옵텍","KOSDAQ","","3250","270","9.06","48248820750"
"199730","바이오인프라","KOSDAQ","","1517","-4","-0.26","7379244739"
"199800","툴젠","KOSDAQ","","35800","-450","-1.24","322115118200"
"199820","제일일렉트릭","KOSDAQ","","7650","-70","-0.91","169983000000"
"200130","콜마비앤에이치","KOSDAQ","","9600","530","5.84","282389356800"
"200230","텔콘RF제약","KOSDAQ","","2250","-10","-0.44","21335105250"
"200350","아티스트스튜디오","KOSDAQ","","2550","-10","-0.39","25489863750"
"200470","에이팩트","KOSDAQ","","6030","-80","-1.31","255443420790"
"200670","휴메딕스","KOSDAQ","","26250","-50","-0.19","294785662500"
"200710","에이디테크놀로지","KOSDAQ","","25500","-900","-3.41","343281178500"
"200780","비씨월드제약","KOSDAQ","","3020","5","0.17","32210296220"
"201490","미투온","KOSDAQ","","2610","125","5.03","85408924860"
"203400","에이비온","KOSDAQ","","676","0","0.00","60908481504"
"203450","유니온바이오메트릭스","KOSDAQ","","2525","5","0.2","35549492675"
"203650","드림시큐리티","KOSDAQ","","2125","5","0.24","216122028500"
"204020","그리티","KOSDAQ","","1835","5","0.27","35692276720"
"204270","제이앤티씨","KOSDAQ","","20250","-750","-3.57","1171431436500"
"204610","티쓰리","KOSDAQ","","3295","-50","-1.49","183617894900"
"204620","글로벌텍스프리","KOSDAQ","","5960","790","15.28","418888646800"
"204840","지엘팜텍","KOSDAQ","","4760","155","3.37","73826652760"
"205100","엑셈","KOSDAQ","","1410","-27","-1.88","95230517340"
"205470","휴마시스","KOSDAQ","","3105","165","5.61","76615878105"
"205500","넥써쓰","KOSDAQ","","1817","10","0.55","147876626765"
"206400","베노티앤알","KOSDAQ","","945","2","0.21","35447099310"
"206560","덱스터","KOSDAQ","","934","35","3.89","23734561424"
"206640","바디텍메드","KOSDAQ","","10370","270","2.67","227185140770"
"206650","유바이오로직스","KOSDAQ","","9510","680","7.7","349514439570"
"207760","미스터블루","KOSDAQ","","384","0","0.00","31902636672"
"208140","정다운","KOSDAQ","","2300","35","1.55","75173765800"
"208350","지란지교시큐리티","KOSDAQ","","3090","45","1.48","25033851300"
"208370","셀바스헬스케어","KOSDAQ","","2475","20","0.81","63707895900"
"208640","썸에이지","KOSDAQ","","672","-5","-0.74","9356944800"
"208710","포톤","KOSDAQ","","2825","-10","-0.35","37233872900"
"208860","다산디엠씨","KOSDAQ","","1298","-13","-0.99","44067064954"
"209640","와이제이링크","KOSDAQ","","3210","-5","-0.16","91302498660"
"210120","캔버스엔","KOSDAQ","","1472","339","29.92","14271026752"
"211050","인카금융서비스","KOSDAQ","","10900","250","2.35","536973861300"
"211270","AP위성","KOSDAQ","","8240","50","0.61","124278184960"
"212560","네오오토","KOSDAQ","","9000","-230","-2.49","121377132000"
"212710","아이에스티이","KOSDAQ","","7720","-220","-2.77","74999630160"
"213420","덕산네오룩스","KOSDAQ","","32200","-150","-0.46","799563963800"
"214150","클래시스","KOSDAQ","","33250","950","2.94","2169085661750"
"214180","헥토이노베이션","KOSDAQ","","15020","740","5.18","195160372340"
"214260","라파스","KOSDAQ","","8540","-20","-0.23","76197834020"
"214270","FSN","KOSDAQ","","1327","22","1.69","60048920972"
"214370","케어젠","KOSDAQ","","52900","-300","-0.56","2841523500000"
"214430","아이쓰리시스템","KOSDAQ","","59800","-2500","-4.01","436971457000"
"214450","파마리서치","KOSDAQ","","461500","29000","6.71","4794822552000"
"214610","롤링스톤","KOSDAQ","","2290","0","0.00","19197807380"
"214680","디알텍","KOSDAQ","","960","0","0.00","80137973760"
"215000","골프존","KOSDAQ","","36700","1250","3.53","230307730500"
"215090","솔디펜스","KOSDAQ","","1304","20","1.56","30194981944"
"215100","로보로보","KOSDAQ","","4120","-45","-1.08","83835630480"
"215200","메가스터디교육","KOSDAQ","","36050","350","0.98","373666036800"
"215360","우리산업","KOSDAQ","","6420","30","0.47","58628486460"
"215380","콜마바이오텍","KOSDAQ","","2180","20","0.93","36688475680"
"215480","토박스코리아","KOSDAQ","","2035","40","2.01","21855900000"
"215600","신라젠","KOSDAQ","","2600","-55","-2.07","360239266400"
"215790","이노인스트루먼트","KOSDAQ","","685","31","4.74","27593957065"
"216050","인크로스","KOSDAQ","","5270","70","1.35","64286737940"
"216080","제테마","KOSDAQ","","4790","-45","-0.93","178605204210"
"217190","제너셈","KOSDAQ","","6200","20","0.32","81553318200"
"217270","넵튠","KOSDAQ","","2440","0","0.00","114034968920"
"217330","싸이토젠","KOSDAQ","","3185","-15","-0.47","73667607195"
"217480","에스디생명공학","KOSDAQ","","499","0","0.00","54756837359"
"217500","러셀","KOSDAQ","","1624","17","1.06","51662688000"
"217730","강스템바이오텍","KOSDAQ","","2400","30","1.27","225729957600"
"217820","원익피앤이","KOSDAQ","","1991","-29","-1.44","94482026969"
"218150","미래생명자원","KOSDAQ","","2115","55","2.67","43179421230"
"218410","RFHIC","KOSDAQ","","46800","-2000","-4.1","1243730685600"
"219130","타이거일렉","KOSDAQ","","62100","-500","-0.8","392117409000"
"219420","링크제니시스","KOSDAQ","","3365","5","0.15","38594891055"
"219550","디와이디","KOSDAQ","","1232","130","11.8","50979186720"
"219750","한국비티비","KOSDAQ","","1625","7","0.43","21263737625"
"220100","퓨쳐켐","KOSDAQ","","8180","-200","-2.39","183456295600"
"220180","폴라리스AI핸디","KOSDAQ","","1420","39","2.82","33981795640"
"220260","켐트로스","KOSDAQ","","3930","-25","-0.63","126043176150"
"221800","지구홀딩스","KOSDAQ","","5340","1225","29.77","87142664340"
"221840","하이즈항공","KOSDAQ","","2060","-5","-0.24","38523155660"
"221980","케이디켐","KOSDAQ","","9320","-140","-1.48","37604336000"
"222040","코스맥스엔비티","KOSDAQ","","8970","570","6.79","185033160000"
"222080","SFA넥셀","KOSDAQ","","7960","-190","-2.33","619129946240"
"222110","팬젠","KOSDAQ","","4980","-60","-1.19","67302254820"
"222420","쎄노텍","KOSDAQ","","863","-1","-0.12","41785185349"
"222800","심텍","KOSDAQ","","122800","-4100","-3.23","4663235198400"
"222980","한국맥널티","KOSDAQ","","2200","10","0.46","24269262600"
"223250","드림씨아이에스","KOSDAQ","","3480","115","3.42","85609545120"
"223310","사토시홀딩스","KOSDAQ","","2800","200","7.69","14572997600"
"224060","더코디","KOSDAQ","","3850","260","7.24","19868779700"
"224110","에이텍모빌리티","KOSDAQ","","9000","20","0.22","45723474000"
"225190","LK삼양","KOSDAQ","","777","-23","-2.88","54753977880"
"225220","제놀루션","KOSDAQ","","1380","40","2.99","26482228980"
"225430","케이엠제약","KOSDAQ","","1391","-3","-0.22","9021573925"
"225530","HC보광산업","KOSDAQ","","2090","60","2.96","75947939430"
"225570","넥슨게임즈","KOSDAQ","","11100","100","0.91","731047931400"
"225590","패션플랫폼","KOSDAQ","","3260","-50","-1.51","16695685760"
"226330","신테카바이오","KOSDAQ","","1421","33","2.38","34471292975"
"226340","본느","KOSDAQ","","6990","190","2.79","58649483160"
"226400","오스테오닉","KOSDAQ","","4395","120","2.81","90807736395"
"226590","엠디바이스","KOSDAQ","","12870","140","1.1","137925010080"
"226950","올릭스","KOSDAQ","","105900","1100","1.05","2230555815000"
"227610","아우딘퓨쳐스","KOSDAQ","","1299","-4","-0.31","25167567729"
"227950","엔투텍","KOSDAQ","","1348","-32","-2.32","46517065732"
"228340","동양파일","KOSDAQ","","2850","70","2.52","57000000000"
"228670","레이","KOSDAQ","","4610","15","0.33","72100496810"
"228760","지노믹트리","KOSDAQ","","11750","-10","-0.09","292095623500"
"228850","레이언스","KOSDAQ","","7300","-400","-5.19","121114402200"
"229000","젠큐릭스","KOSDAQ","","1965","-100","-4.84","46036344225"
"230240","에치에프알","KOSDAQ","","12860","-800","-5.86","171153740000"
"232140","와이씨","KOSDAQ","","11350","-1140","-9.13","931214722500"
"232680","라온로보틱스","KOSDAQ","","9160","-220","-2.35","121438700000"
"232830","아이티센피엔에스","KOSDAQ","","1907","-25","-1.29","31529815482"
"234030","싸이닉솔루션","KOSDAQ","","3110","-30","-0.96","73411550000"
"234100","폴라리스세원","KOSDAQ","","2800","15","0.54","40884580800"
"234300","에스트래픽","KOSDAQ","","2780","40","1.46","75637628400"
"234340","헥토파이낸셜","KOSDAQ","","23400","2200","10.38","326913350400"
"234690","녹십자웰빙","KOSDAQ","","9300","430","4.85","167058597000"
"234920","자이글","KOSDAQ","","5310","0","0.00","71849132100"
"235980","메드팩토","KOSDAQ","","2740","-15","-0.54","93913831540"
"236200","슈프리마","KOSDAQ","","56000","800","1.45","390561416000"
"236810","엔비티","KOSDAQ","","1604","-2","-0.12","27228583304"
"237690","에스티팜","KOSDAQ","","110200","-700","-0.63","2300605507600"
"237750","피앤씨테크","KOSDAQ","","3710","35","0.95","24102386000"
"237820","플레이디","KOSDAQ","","2340","-15","-0.64","30015507600"
"237880","클리오","KOSDAQ","","13430","660","5.17","242698270790"
"238090","앤디포스","KOSDAQ","","1730","-44","-2.48","52748461200"
"238120","얼라인드","KOSDAQ","","2980","55","1.88","42370456520"
"238200","비피도","KOSDAQ","","2790","10","0.36","22822200000"
"238490","힘스","KOSDAQ","","2320","100","4.5","26244387520"
"239340","이스트에이드","KOSDAQ","","504","0","0.00","13597735536"
"239610","에이치엘사이언스","KOSDAQ","","5380","-20","-0.37","29009578700"
"239890","피엔에이치테크","KOSDAQ","","3355","80","2.44","33334458025"
"240550","동방메디컬","KOSDAQ","","6010","210","3.62","125812979400"
"240600","유진테크놀로지","KOSDAQ","","1706","-51","-2.9","14158793460"
"240810","원익IPS","KOSDAQ","","111100","-1600","-1.42","5453221401100"
"241520","DSC인베스트먼트","KOSDAQ","","8510","210","2.53","226366000000"
"241690","유니테크노","KOSDAQ","","2620","0","0.00","64113249720"
"241710","코스메카코리아","KOSDAQ","","153900","14900","10.72","1643652000000"
"241770","메카로","KOSDAQ","","37250","-1100","-2.87","379675840000"
"241790","티이엠씨씨엔에스","KOSDAQ","","5650","-20","-0.35","56514882100"
"241820","피씨엘","KOSDAQ","","6040","0","0.00","16803871920"
"241840","에이스토리","KOSDAQ","","2410","30","1.26","22991385540"
"242040","나무에이엑스","KOSDAQ","","3215","40","1.26","111259138760"
"243070","휴온스","KOSDAQ","","22200","-500","-2.2","265948563000"
"243840","신흥에스이씨","KOSDAQ","","6010","-80","-1.31","231734992350"
"244460","올리패스","KOSDAQ","","1651","0","0.00","13415218661"
"245620","EDGC","KOSDAQ","","741","0","0.00","167118555474"
"246250","에스엘에스바이오","KOSDAQ","","1969","0","0.00","30220617614"
"246690","TS인베스트먼트","KOSDAQ","","2120","45","2.17","50409728880"
"246710","티앤알바이오팹","KOSDAQ","","2365","-25","-1.05","112726551960"
"246720","아스타","KOSDAQ","","6070","0","0.00","99434491000"
"246960","SCL사이언스","KOSDAQ","","2205","-95","-4.13","75007588635"
"247540","에코프로비엠","KOSDAQ","","118200","200","0.17","11563557298800"
"247660","나노씨엠에스","KOSDAQ","","3280","-140","-4.09","14248057600"
"250000","보라티알","KOSDAQ","","5720","-50","-0.87","38614192760"
"250060","모비스","KOSDAQ","","3075","75","2.5","98926790550"
"250930","예선테크","KOSDAQ","","1700","-12","-0.7","11220149600"
"251120","바이오에프디엔씨","KOSDAQ","","9090","40","0.44","79043913000"
"251370","와이엠티","KOSDAQ","","8310","10","0.12","149689800030"
"251630","브이원텍","KOSDAQ","","3500","-75","-2.1","55800101000"
"251970","펌텍코리아","KOSDAQ","","61700","5100","9.01","765080000000"
"252500","세화피앤씨","KOSDAQ","","499","0","0.00","20701708610"
"252990","샘씨엔에스","KOSDAQ","","13890","560","4.2","836426478210"
"253450","스튜디오드래곤","KOSDAQ","","22000","300","1.38","661286956000"
"253590","네오셈","KOSDAQ","","10900","-140","-1.27","478173887600"
"253840","수젠텍","KOSDAQ","","4580","260","6.02","76683856000"
"254120","자비스","KOSDAQ","","1050","96","10.06","32291983500"
"254490","미래반도체","KOSDAQ","","15640","-350","-2.19","225810320000"
"255220","SG","KOSDAQ","","1262","-37","-2.85","138268887124"
"255440","야스","KOSDAQ","","7260","-200","-2.68","94801080000"
"256150","한독크린텍","KOSDAQ","","4855","10","0.21","40757725000"
"256630","포인트엔지니어링","KOSDAQ","","4410","100","2.32","51153415740"
"256840","한국비엔씨","KOSDAQ","","2410","25","1.05","164831675260"
"256940","킵스파마","KOSDAQ","","5720","80","1.42","114847000840"
"257370","피엔티엠에스","KOSDAQ","","1992","-8","-0.4","24909683112"
"257720","실리콘투","KOSDAQ","","53300","4150","8.44","3495214231600"
"258610","케일럼","KOSDAQ","","1187","-13","-1.08","43307769781"
"258790","소프트캠프","KOSDAQ","","4675","175","3.89","23366846800"
"258830","세종메디칼","KOSDAQ","","412","0","0.00","31223976612"
"259630","엠플러스","KOSDAQ","","9280","-250","-2.62","113423834880"
"260660","알리코제약","KOSDAQ","","2365","10","0.42","36248404665"
"260930","씨티케이","KOSDAQ","","2600","-60","-2.26","50288136600"
"260970","에스앤디","KOSDAQ","","61000","1700","2.87","176457994000"
"261200","덴티스","KOSDAQ","","2540","-5","-0.2","40156638000"
"261520","이지스","KOSDAQ","","4240","80","1.92","43577872000"
"261780","아리바이오랩","KOSDAQ","","2475","45","1.85","71666040600"
"262260","에이프로","KOSDAQ","","3570","60","1.71","53827246200"
"262840","아이퀘스트","KOSDAQ","","2760","20","0.73","29164787520"
"263020","디케이앤디","KOSDAQ","","3130","-25","-0.79","43307136980"
"263050","유틸렉스","KOSDAQ","","959","0","0.00","35324626904"
"263600","덕우전자","KOSDAQ","","3685","5","0.14","58703192350"
"263690","디알젬","KOSDAQ","","5050","-10","-0.2","57194330500"
"263700","케어랩스","KOSDAQ","","1921","-4","-0.21","37294678200"
"263720","디앤씨미디어","KOSDAQ","","7270","140","1.96","90239536570"
"263750","펄어비스","KOSDAQ","","32500","950","3.01","2042427075000"
"263770","유에스티","KOSDAQ","","1614","-22","-1.34","38252077608"
"263800","데이타솔루션","KOSDAQ","","4875","-5","-0.1","79098727500"
"263810","상신전자","KOSDAQ","","2555","0","0.00","40687927875"
"263860","지니언스","KOSDAQ","","17210","2750","19.02","156259916000"
"263920","휴엠앤씨","KOSDAQ","","3325","-10","-0.3","32615011450"
"264450","유비쿼스","KOSDAQ","","10680","130","1.23","156627465240"
"264660","씨앤지하이테크","KOSDAQ","","13710","-140","-1.01","133277268120"
"264850","이랜시스","KOSDAQ","","5680","-190","-3.24","172073396160"
"265520","AP시스템","KOSDAQ","","19290","-310","-1.58","290330337090"
"265560","영화테크","KOSDAQ","","7130","-10","-0.14","76220983400"
"265740","엔에프씨","KOSDAQ","","8090","620","8.3","144516524000"
"267320","나인테크","KOSDAQ","","2175","25","1.16","124878266625"
"267790","배럴","KOSDAQ","","3485","-5","-0.14","26797241865"
"267980","매일유업","KOSDAQ","","34600","550","1.62","265161874800"
"270520","앱튼","KOSDAQ","","3550","90","2.6","82214144700"
"270660","에브리봇","KOSDAQ","","14400","-280","-1.91","182744395200"
"270870","뉴트리","KOSDAQ","","3930","-90","-2.24","35349744780"
"271830","팸텍","KOSDAQ","","1063","-16","-1.48","31348084726"
"272110","케이엔제이","KOSDAQ","","24500","-750","-2.97","196622177500"
"272290","이녹스첨단소재","KOSDAQ","","21050","-50","-0.24","419684564450"
"273060","와이즈버즈","KOSDAQ","","864","0","0.00","42460657920"
"273640","와이엠텍","KOSDAQ","","5260","140","2.73","57681160000"
"274090","켄코아에어로스페이스","KOSDAQ","","10290","-10","-0.1","141736590030"
"274400","이노시뮬레이션","KOSDAQ","","2285","-5","-0.22","20762636505"
"275630","에스에스알","KOSDAQ","","3905","125","3.31","20516120240"
"276040","스코넥","KOSDAQ","","327","0","0.00","7073119545"
"276730","한울앤제주","KOSDAQ","","1306","193","17.34","29486084400"
"277070","린드먼아시아","KOSDAQ","","3280","-125","-3.67","44909760000"
"277410","인산가","KOSDAQ","","5660","100","1.8","21740909000"
"277810","레인보우로보틱스","KOSDAQ","","456000","-15000","-3.18","8846335248000"
"277880","티에스아이","KOSDAQ","","3570","-5","-0.14","70840266840"
"278280","천보","KOSDAQ","","43200","2400","5.88","529330680000"
"278650","HLB바이오스텝","KOSDAQ","","2315","75","3.35","40355996740"
"279600","미디어젠","KOSDAQ","","3940","210","5.63","18458037140"
"281740","레이크머티리얼즈","KOSDAQ","","11980","-220","-1.8","787451965040"
"282620","기도산업","KOSDAQ","","14730","-390","-2.58","86328214110"
"282720","금양그린파워","KOSDAQ","","7780","-90","-1.14","94289710000"
"282880","코윈테크","KOSDAQ","","10230","20","0.2","119630458860"
"284620","카이노스메드","KOSDAQ","","1087","0","0.00","35965517911"
"285490","노바텍","KOSDAQ","","12060","40","0.33","127544521860"
"285800","진영","KOSDAQ","","733","0","0.00","13171211763"
"286750","나노실리칸첨단소재","KOSDAQ","","1425","0","0.00","45641121225"
"287840","인투셀","KOSDAQ","","19040","-340","-1.75","286018118400"
"288180","케이피항공산업","KOSDAQ","","7600","80","1.06","56188791200"
"288330","파라택시스코리아","KOSDAQ","","416","0","0.00","44129674368"
"288620","에스프리즘","KOSDAQ","","3740","-20","-0.53","26102641840"
"288980","모아데이타","KOSDAQ","","312","72","30.00","11350990248"
"289010","아이스크림에듀","KOSDAQ","","965","-19","-1.93","13457172040"
"289080","SV인베스트먼트","KOSDAQ","","2460","-55","-2.19","147940053180"
"289220","자이언트스텝","KOSDAQ","","1073","-6","-0.56","23941013133"
"289930","웨이비스","KOSDAQ","","6670","-80","-1.19","87703896700"
"290090","트윔","KOSDAQ","","4260","115","2.77","31696819680"
"290120","DH오토리드","KOSDAQ","","2305","10","0.44","36477032985"
"290270","휴네시온","KOSDAQ","","2885","5","0.17","27718133720"
"290520","신도기연","KOSDAQ","","1543","-18","-1.15","24280901052"
"290550","디케이티","KOSDAQ","","15310","-190","-1.23","306218831300"
"290560","파라택시스이더리움","KOSDAQ","","1414","-1","-0.07","31620900220"
"290650","엘앤씨바이오","KOSDAQ","","52900","2500","4.96","1426697341600"
"290660","다이나믹솔루션","KOSDAQ","","1979","-166","-7.74","84776180352"
"290670","대보마그네틱","KOSDAQ","","5190","110","2.17","40781255400"
"290690","아리바이오홀딩스","KOSDAQ","","4110","-10","-0.24","217663244970"
"290720","푸드나무","KOSDAQ","","2865","-5","-0.17","109297667145"
"290740","액트로","KOSDAQ","","10150","80","0.79","102159861650"
"291230","컴투스엔","KOSDAQ","","2515","-25","-0.98","60388245965"
"291650","츌립앤사이언스","KOSDAQ","","1750","-139","-7.36","53409336750"
"291810","핀텔","KOSDAQ","","1220","8","0.66","13869828640"
"293490","카카오게임즈","KOSDAQ","","8260","70","0.85","881715888900"
"293580","나우IB","KOSDAQ","","1491","2","0.13","141540555450"
"293780","압타바이오","KOSDAQ","","6170","90","1.48","173336308850"
"294090","이오플로우","KOSDAQ","","1490","0","0.00","62295566450"
"294140","레몬","KOSDAQ","","2400","-10","-0.41","59795563200"
"294570","쿠콘","KOSDAQ","","30900","5950","23.85","311834518800"
"294630","서남","KOSDAQ","","2810","65","2.37","74462692990"
"295310","에이치브이엠","KOSDAQ","","47000","-1850","-3.79","578063528000"
"296640","이노에이엑스","KOSDAQ","","6330","-30","-0.47","32778335160"
"297090","씨에스베어링","KOSDAQ","","4070","60","1.5","110988900000"
"297570","아틀라스링크","KOSDAQ","","869","0","0.00","30085838442"
"297890","HB솔루션","KOSDAQ","","1698","5","0.3","124193271972"
"298060","풍전약품","KOSDAQ","","2480","-20","-0.8","23900868560"
"298380","에이비엘바이오","KOSDAQ","","76900","900","1.18","4305435904700"
"298540","더네이쳐홀딩스","KOSDAQ","","7000","330","4.95","101404702000"
"298830","슈어소프트테크","KOSDAQ","","4350","105","2.47","232544470650"
"299030","하나기술","KOSDAQ","","14950","-30","-0.2","119523904500"
"299170","더블유에스아이","KOSDAQ","","1240","-4","-0.32","51473997120"
"299660","셀리드","KOSDAQ","","2155","85","4.11","63578915435"
"300080","플리토","KOSDAQ","","9100","220","2.48","150199604100"
"300120","라온피플","KOSDAQ","","2590","-190","-6.83","25643079770"
"301300","바이브컴퍼니","KOSDAQ","","1790","-40","-2.19","23546934480"
"302430","이노메트리","KOSDAQ","","7340","-170","-2.26","72175746720"
"302550","리메드","KOSDAQ","","2760","45","1.66","85303734000"
"303030","지니틱스","KOSDAQ","","2025","112","5.85","18543888900"
"303360","프로티아","KOSDAQ","","4965","10","0.2","63947784975"
"303530","이노뎁","KOSDAQ","","2875","75","2.68","21100484625"
"303810","동국생명과학","KOSDAQ","","2280","40","1.79","72923839200"
"304100","솔트룩스","KOSDAQ","","16290","60","0.37","205153897950"
"304360","에스바이오메딕스","KOSDAQ","","19450","340","1.78","240890739600"
"304840","피플바이오","KOSDAQ","","561","0","0.00","13643890260"
"305090","마이크로디지탈","KOSDAQ","","1660","-40","-2.35","31124724440"
"306040","에스제이그룹","KOSDAQ","","1968","42","2.18","18276902592"
"306620","지아이에스","KOSDAQ","","1930","-6","-0.31","92528415120"
"307180","아이엘","KOSDAQ","","5420","-360","-6.23","200082963920"
"307280","원바이오젠","KOSDAQ","","6330","140","2.26","44908988910"
"307750","국전","KOSDAQ","","2265","25","1.12","122278942320"
"307870","비투엔","KOSDAQ","","1159","209","22.00","86112871315"
"307930","컴퍼니케이","KOSDAQ","","6420","190","3.05","100216200000"
"308080","바이젠셀","KOSDAQ","","5740","-10","-0.17","117665752400"
"308100","형지글로벌","KOSDAQ","","367","16","4.56","9475939266"
"308430","셀비온","KOSDAQ","","13310","10","0.08","171768890810"
"309710","아이티켐","KOSDAQ","","21000","0","0.00","268443021000"
"309930","조이웍스앤코","KOSDAQ","","894","10","1.13","17214764766"
"309960","LB인베스트먼트","KOSDAQ","","4400","5","0.11","102155851600"
"310200","애니플러스","KOSDAQ","","2050","-20","-0.97","106933813800"
"310210","보로노이","KOSDAQ","","172600","5600","3.35","3197164384800"
"310870","디와이씨","KOSDAQ","","1301","-8","-0.61","28521305202"
"311320","지오엘리먼트","KOSDAQ","","8770","-90","-1.02","110629691200"
"311390","네오크레마","KOSDAQ","","2595","55","2.17","32836582455"
"311690","CJ 바이오사이언스","KOSDAQ","","4100","135","3.4","53568394200"
"312610","에이에프더블류","KOSDAQ","","386","89","29.97","7819158768"
"313760","캐리","KOSDAQ","","468","0","0.00","5244963048"
"314130","지놈앤컴퍼니","KOSDAQ","","3815","-170","-4.27","199522306375"
"314140","알피바이오","KOSDAQ","","6100","30","0.49","52864802100"
"314930","바이오다인","KOSDAQ","","7320","-10","-0.14","217873233960"
"315640","딥노이드","KOSDAQ","","1724","34","2.01","50637727968"
"317120","라닉스","KOSDAQ","","1471","47","3.3","22447460000"
"317240","TS트릴리온","KOSDAQ","","1187","30","2.59","34632755957"
"317330","덕산테코피아","KOSDAQ","","10970","100","0.92","224628126480"
"317530","에피소드컴퍼니","KOSDAQ","","2960","-10","-0.34","51784850720"
"317690","퀀타매트릭스","KOSDAQ","","2410","0","0.00","48525419890"
"317770","엑스페릭스","KOSDAQ","","2510","10","0.4","91976801440"
"317830","에스피시스템스","KOSDAQ","","4760","-70","-1.45","51283373680"
"317850","대모","KOSDAQ","","5930","70","1.19","49363810600"
"317870","엔바이오니아","KOSDAQ","","5310","-150","-2.75","46950462450"
"318000","KBG","KOSDAQ","","2910","15","0.52","25434048930"
"318010","팜스빌","KOSDAQ","","3735","5","0.13","29616077430"
"318020","포인트모바일","KOSDAQ","","2590","-45","-1.71","31860294480"
"318060","그래피","KOSDAQ","","18040","-10","-0.06","201816673080"
"318160","셀바이오휴먼텍","KOSDAQ","","7030","450","6.84","65642716390"
"318410","비비씨","KOSDAQ","","6630","-60","-0.9","36831261090"
"319400","현대무벡스","KOSDAQ","","23750","-400","-1.66","2645180926250"
"319660","피에스케이","KOSDAQ","","128600","-4800","-3.6","3725119420400"
"320000","한울반도체","KOSDAQ","","8930","-130","-1.43","61739073100"
"321260","프로이천","KOSDAQ","","1700","50","3.03","47926542800"
"321370","센서뷰","KOSDAQ","","1269","-18","-1.4","65562765714"
"321550","티움바이오","KOSDAQ","","4285","45","1.06","128714865375"
"321820","아티스트컴퍼니","KOSDAQ","","2415","-135","-5.29","37653173040"
"322180","LS티라유텍","KOSDAQ","","4185","55","1.33","89961203610"
"322310","오로스테크놀로지","KOSDAQ","","13160","-320","-2.37","123263692720"
"322510","제이엘케이","KOSDAQ","","5080","95","1.91","130687531360"
"322780","코퍼스코리아","KOSDAQ","","1945","7","0.36","17456044350"
"323280","태성","KOSDAQ","","49450","-1150","-2.27","1510103111000"
"323350","다원넥스뷰","KOSDAQ","","7640","-130","-1.67","61202298080"
"323990","박셀바이오","KOSDAQ","","4000","90","2.3","93029380000"
"327260","RF머트리얼즈","KOSDAQ","","34900","-3350","-8.76","627810481100"
"328130","루닛","KOSDAQ","","9230","180","1.99","687249001400"
"328380","솔트웨어","KOSDAQ","","4025","170","4.41","27581533875"
"330350","위더스제약","KOSDAQ","","8570","1070","14.27","113121257600"
"330730","스톤브릿지벤처스","KOSDAQ","","4890","30","0.62","89085188700"
"330860","네패스아크","KOSDAQ","","26300","-950","-3.49","320440383500"
"331380","포커스에이아이","KOSDAQ","","1937","-53","-2.66","70818397442"
"331520","밸로프","KOSDAQ","","2525","-50","-1.94","24747994650"
"331740","아우토크립트","KOSDAQ","","6870","70","1.03","66989308170"
"331920","셀레믹스","KOSDAQ","","12950","2060","18.92","144801137250"
"332290","누보","KOSDAQ","","897","0","0.00","35607533559"
"332370","아이디피","KOSDAQ","","5410","50","0.93","71810857660"
"332570","PS일렉트로닉스","KOSDAQ","","7220","-570","-7.32","337257484860"
"333050","이노테나","KOSDAQ","","5200","110","2.16","25606984000"
"333430","일승","KOSDAQ","","3800","-30","-0.78","116761638600"
"333620","엔시스","KOSDAQ","","5480","-30","-0.54","60268546800"
"334970","프레스티지바이오로직스","KOSDAQ","","1790","1","0.06","139177220230"
"335810","프리시젼바이오","KOSDAQ","","1540","-14","-0.9","33802239240"
"335870","윙스풋","KOSDAQ","","5370","-80","-1.47","17990004780"
"336060","웨이버스","KOSDAQ","","3040","60","2.01","29278361600"
"336570","원텍","KOSDAQ","","5070","140","2.84","452652875220"
"336680","탑런토탈솔루션","KOSDAQ","","2710","10","0.37","106084462180"
"337930","젝시믹스","KOSDAQ","","2895","35","1.22","85913395125"
"338220","뷰노","KOSDAQ","","7400","20","0.27","103613490200"
"338840","와이바이오로직스","KOSDAQ","","8950","-60","-0.67","137531794950"
"339950","아이비김영","KOSDAQ","","2615","105","4.18","117535502825"
"340360","다보링크","KOSDAQ","","910","17","1.9","47377122520"
"340440","세림B&G","KOSDAQ","","756","23","3.14","21454043184"
"340450","지씨지놈","KOSDAQ","","5970","370","6.61","141195234210"
"340570","티앤엘","KOSDAQ","","30900","-400","-1.28","496566708000"
"340810","시선AI","KOSDAQ","","3670","105","2.95","50077061920"
"340930","성원에너텍","KOSDAQ","","806","0","0.00","55513882710"
"342870","오아","KOSDAQ","","3695","-20","-0.54","20138477915"
"344860","이노진","KOSDAQ","","1325","41","3.19","19119750000"
"347000","센코","KOSDAQ","","1877","0","0.00","70970957942"
"347700","스피어","KOSDAQ","","22250","-900","-3.89","1147017804500"
"347740","피엔케이피부임상연구센타","KOSDAQ","","1836","18","0.99","55099417536"
"347770","핌스","KOSDAQ","","1055","92","9.55","23905985610"
"347850","디앤디파마텍","KOSDAQ","","55600","-700","-1.24","2548571060400"
"347860","알체라","KOSDAQ","","1352","8","0.6","56991730744"
"347890","엠엑스온","KOSDAQ","","4560","25","0.55","77580210240"
"348030","모비릭스","KOSDAQ","","3430","15","0.44","32941034000"
"348080","큐라티스","KOSDAQ","","2725","-20","-0.73","34955626925"
"348150","고바이오랩","KOSDAQ","","3070","100","3.37","59615989230"
"348210","넥스틴","KOSDAQ","","32300","-750","-2.27","338407261500"
"348340","뉴로메카","KOSDAQ","","18980","-310","-1.61","444291887520"
"348350","위드텍","KOSDAQ","","9720","0","0.00","94999392000"
"348370","엔켐","KOSDAQ","","21250","-1550","-6.8","465608622500"
"351320","넥사다이내믹스","KOSDAQ","","2565","15","0.59","76177016730"
"351330","이삭엔지니어링","KOSDAQ","","3575","30","0.85","29631459000"
"351870","차이커뮤니케이션","KOSDAQ","","2655","275","11.55","29631504510"
"352090","스톰테크","KOSDAQ","","3675","10","0.27","98758267650"
"352480","씨앤씨인터내셔널","KOSDAQ","","23600","900","3.96","321665663600"
"352700","씨앤투스","KOSDAQ","","1401","16","1.16","36813935499"
"352770","셀레스트라","KOSDAQ","","5250","0","0.00","13610136750"
"352910","오비고","KOSDAQ","","4660","240","5.43","58892157320"
"352940","인바이오","KOSDAQ","","1980","0","0.00","21518105400"
"353190","휴럼","KOSDAQ","","2880","60","2.13","22681969920"
"353590","오토앤","KOSDAQ","","1699","11","0.65","21875593430"
"353810","이지바이오","KOSDAQ","","6550","160","2.5","216686576000"
"354200","엔젠바이오","KOSDAQ","","1729","-49","-2.76","15451352007"
"354320","알멕","KOSDAQ","","29750","-1200","-3.88","190143584750"
"355150","코스텍시스","KOSDAQ","","21900","-1250","-5.4","170761965000"
"355390","크라우드웍스","KOSDAQ","","1500","-20","-1.32","23811516000"
"355690","에이텀","KOSDAQ","","4495","-15","-0.33","43018898555"
"356680","엑스게이트","KOSDAQ","","12020","220","1.86","343092773840"
"356860","티엘비","KOSDAQ","","39600","-1900","-4.58","938569896000"
"356890","싸이버원","KOSDAQ","","2305","-15","-0.65","27553566625"
"357230","에이치피오","KOSDAQ","","2235","65","3.00","92290918860"
"357550","석경에이티","KOSDAQ","","34100","-200","-0.58","186015500000"
"357580","아모센스","KOSDAQ","","5170","-100","-1.9","60953069540"
"357780","솔브레인","KOSDAQ","","346500","5500","1.61","2695273119000"
"357880","SKAI","KOSDAQ","","1854","-23","-1.23","100453650480"
"358570","지아이이노베이션","KOSDAQ","","8090","70","0.87","521934488540"
"359090","씨엔알리서치","KOSDAQ","","2005","19","0.96","23045756715"
"360070","탑머티리얼","KOSDAQ","","8870","-180","-1.99","72663421410"
"360350","코셈","KOSDAQ","","5470","-110","-1.97","29745695900"
"361390","제노코","KOSDAQ","","12920","330","2.62","125794042520"
"361570","알비더블유","KOSDAQ","","1620","1","0.06","46564131420"
"361670","삼영에스앤씨","KOSDAQ","","3630","-15","-0.41","20573598540"
"362320","청담글로벌","KOSDAQ","","4920","165","3.47","101809151640"
"362990","드림인사이트","KOSDAQ","","1237","4","0.32","20782310038"
"363250","진시스템","KOSDAQ","","4035","15","0.37","34331321370"
"363260","모비데이즈","KOSDAQ","","916","0","0.00","29462012404"
"364950","에이아이코리아","KOSDAQ","","3450","-100","-2.82","28622735250"
"365270","큐라클","KOSDAQ","","10790","180","1.7","239073943680"
"365330","에스와이스틸텍","KOSDAQ","","1591","-34","-2.09","79822061000"
"365340","성일하이텍","KOSDAQ","","37100","350","0.95","479373366500"
"365590","하이딥","KOSDAQ","","783","0","0.00","28825792650"
"365660","레몬헬스케어","KOSDAQ","","4785","35","0.74","64384849815"
"365900","브이씨","KOSDAQ","","2535","0","0.00","18531610500"
"366030","나인앤컴퍼니","KOSDAQ","","5150","-210","-3.92","116667327500"
"367000","플래티어","KOSDAQ","","3395","-5","-0.15","28477962765"
"368600","아이씨에이치","KOSDAQ","","1035","-15","-1.43","26698254525"
"368770","파이버프로","KOSDAQ","","11820","-980","-7.66","388336939500"
"368970","오에스피","KOSDAQ","","2395","20","0.84","26919124610"
"369370","블리츠웨이엔터테인먼트","KOSDAQ","","3755","5","0.13","37453804410"
"370090","퓨런티어","KOSDAQ","","6560","70","1.08","56132804800"
"371950","풍원정밀","KOSDAQ","","3325","-85","-2.49","75742402750"
"372170","윤성에프앤씨","KOSDAQ","","21500","200","0.94","171549532000"
"372320","큐로셀","KOSDAQ","","24650","-350","-1.4","375349296800"
"372800","아이티아이즈","KOSDAQ","","3250","235","7.79","22870864250"
"373110","엑셀세라퓨틱스","KOSDAQ","","1237","-15","-1.2","21393165378"
"373160","데이원컴퍼니","KOSDAQ","","3080","80","2.67","42527004520"
"373170","엠아이큐브솔루션","KOSDAQ","","1714","1","0.06","25905036060"
"373200","엑스플러스","KOSDAQ","","1748","-70","-3.85","43775578276"
"376180","피코그램","KOSDAQ","","1583","33","2.13","29382123154"
"376270","HEM파마","KOSDAQ","","40550","1250","3.18","292736410850"
"376290","씨유테크","KOSDAQ","","2930","-55","-1.84","51736475000"
"376300","디어유","KOSDAQ","","18910","120","0.64","448893257460"
"376900","로킷헬스케어","KOSDAQ","","28150","450","1.62","490071513500"
"376930","노을","KOSDAQ","","334","0","0.00","17131301882"
"376980","원티드랩","KOSDAQ","","3480","50","1.46","33987051120"
"377030","비트맥스","KOSDAQ","","1800","179","11.04","25725063600"
"377220","프롬바이오","KOSDAQ","","2930","-25","-0.85","16589660000"
"377330","이지트로닉스","KOSDAQ","","2465","-180","-6.81","20064986610"
"377450","리파인","KOSDAQ","","16380","-20","-0.12","283865400000"
"377460","큐에이드","KOSDAQ","","4080","0","0.00","253187202960"
"377480","마음AI","KOSDAQ","","10390","260","2.57","73875757250"
"378340","필에너지","KOSDAQ","","10900","-120","-1.09","235918313800"
"378800","샤페론","KOSDAQ","","506","19","3.9","23398973686"
"380540","옵티코어","KOSDAQ","","8450","0","0.00","206658126350"
"380550","뉴로핏","KOSDAQ","","8110","190","2.4","98932803260"
"381620","제닉스로보틱스","KOSDAQ","","5980","-120","-1.97","78445161600"
"382150","온코크로스","KOSDAQ","","3430","-10","-0.29","44748994220"
"382480","지아이텍","KOSDAQ","","1650","-27","-1.61","64939281000"
"382800","지앤비에스 에코","KOSDAQ","","5280","110","2.13","168067896480"
"382840","원준","KOSDAQ","","5040","45","0.9","76968768240"
"382900","범한퓨얼셀","KOSDAQ","","17980","1200","7.15","157522780000"
"383310","에코프로에이치엔","KOSDAQ","","26000","1600","6.56","545348232000"
"383930","디티앤씨알오","KOSDAQ","","1543","-16","-1.03","19725909504"
"384470","코어라인소프트","KOSDAQ","","2630","35","1.35","47199799960"
"387570","파인메딕스","KOSDAQ","","6500","300","4.84","36568350000"
"387690","레메디","KOSDAQ","","12750","1670","15.07","97228835250"
"388050","지투파워","KOSDAQ","","10000","-230","-2.25","187094370000"
"388210","씨엠티엑스","KOSDAQ","","72500","-2300","-3.07","699946755000"
"388610","지에프씨생명과학","KOSDAQ","","5320","150","2.9","28331037560"
"388720","유일로보틱스","KOSDAQ","","67000","-1400","-2.05","789350115000"
"388790","라이콤","KOSDAQ","","4115","-100","-2.37","125977268400"
"388870","파로스아이바이오","KOSDAQ","","5350","40","0.75","69260736200"
"389020","자람테크놀로지","KOSDAQ","","22450","-800","-3.44","155019090900"
"389030","지니너스","KOSDAQ","","2005","-5","-0.25","78981503355"
"389140","포바이포","KOSDAQ","","5250","50","0.96","74916108750"
"389260","대명에너지","KOSDAQ","","13690","-20","-0.15","245274489250"
"389470","인벤티지랩","KOSDAQ","","29050","-150","-0.51","386588917400"
"389500","에스비비테크","KOSDAQ","","37900","-1250","-3.19","252545588800"
"389650","넥스트바이오메디컬","KOSDAQ","","33000","-450","-1.35","273150438000"
"389680","유디엠텍","KOSDAQ","","1913","156","8.88","15917485709"
"391710","코닉오토메이션","KOSDAQ","","1190","3","0.25","50718359300"
"393210","토마토시스템","KOSDAQ","","2295","-10","-0.43","35835378480"
"393890","더블유씨피","KOSDAQ","","9650","-90","-0.92","326586339600"
"393970","대진첨단소재","KOSDAQ","","2825","0","0.00","50428566500"
"394280","오픈엣지테크놀로지","KOSDAQ","","9330","30","0.32","245813124900"
"394420","리센스메디컬","KOSDAQ","","11710","30","0.26","128806498710"
"394800","쓰리빌리언","KOSDAQ","","5350","160","3.08","170250658550"
"396270","넥스트칩","KOSDAQ","","2000","-60","-2.91","65774862000"
"396300","세아메카닉스","KOSDAQ","","4480","-170","-3.66","118672960000"
"396470","워트","KOSDAQ","","6450","160","2.54","103974000000"
"397030","에이프릴바이오","KOSDAQ","","18550","-720","-3.74","510297181100"
"397810","애드포러스","KOSDAQ","","7130","30","0.42","36796290100"
"398120","에스지헬스케어","KOSDAQ","","1810","72","4.14","21433134910"
"399720","가온칩스","KOSDAQ","","44500","-1550","-3.37","527718558000"
"402030","코난테크놀로지","KOSDAQ","","14400","0","0.00","180251827200"
"402490","그린리소스","KOSDAQ","","6840","-50","-0.73","115836884280"
"403490","우듬지팜","KOSDAQ","","2425","20","0.83","22277243100"
"403850","더핑크퐁컴퍼니","KOSDAQ","","11460","0","0.00","164462574600"
"403870","HPSP","KOSDAQ","","51100","600","1.19","4205530000000"
"405000","플라즈맵","KOSDAQ","","3650","-50","-1.35","19613391800"
"405100","큐알티","KOSDAQ","","12580","-550","-4.19","154599406580"
"405920","나라셀라","KOSDAQ","","1750","-6","-0.34","22536633000"
"406820","뷰티스킨","KOSDAQ","","1997","88","4.61","28229905529"
"407400","꿈비","KOSDAQ","","2105","20","0.96","30805694070"
"408470","한패스","KOSDAQ","","5380","230","4.47","56877360000"
"408900","스튜디오미르","KOSDAQ","","1089","-7","-0.64","35667939681"
"408920","메쎄이상","KOSDAQ","","3250","115","3.67","140505478750"
"411080","샌즈랩","KOSDAQ","","4240","160","3.92","64734785120"
"412350","레이저쎌","KOSDAQ","","4280","-155","-3.49","62501024040"
"412540","제일엠앤에스","KOSDAQ","","3935","0","0.00","81063616775"
"413390","엠오티","KOSDAQ","","7820","110","1.43","90557007600"
"413630","씨피시스템","KOSDAQ","","3960","-40","-1.00","144288955800"
"413640","비아이매트릭스","KOSDAQ","","5660","20","0.35","40791280400"
"415380","스튜디오삼익","KOSDAQ","","2015","-5","-0.25","23057594625"
"416180","신성에스티","KOSDAQ","","26000","750","2.97","235034228000"
"417010","나노팀","KOSDAQ","","6490","340","5.53","130921004720"
"417030","니어스랩","KOSDAQ","","29150","-550","-1.85","168415757400"
"417180","핑거스토리","KOSDAQ","","4325","20","0.46","18637354875"
"417200","LS머트리얼즈","KOSDAQ","","11620","-120","-1.02","786123897580"
"417500","제이아이테크","KOSDAQ","","3600","-20","-0.55","118025078400"
"417790","트루엔","KOSDAQ","","6730","-40","-0.59","70452271430"
"417840","저스템","KOSDAQ","","13320","600","4.72","304620154920"
"417860","오브젠","KOSDAQ","","7060","230","3.37","33230756360"
"417970","모델솔루션","KOSDAQ","","10960","420","3.98","70107832000"
"418250","시큐레터","KOSDAQ","","6550","0","0.00","47629012750"
"418420","라온텍","KOSDAQ","","3885","10","0.26","119559157830"
"418470","KT밀리의서재","KOSDAQ","","9770","130","1.35","83687758530"
"418550","제이오","KOSDAQ","","4520","-100","-2.16","144719881960"
"418620","E8","KOSDAQ","","462","24","5.48","9170920374"
"419050","삼기에너지솔루션즈","KOSDAQ","","1582","-1","-0.06","90484451680"
"419080","엔젯","KOSDAQ","","5660","-40","-0.7","61534484220"
"419120","산돌","KOSDAQ","","2340","-20","-0.85","33282028260"
"419530","SAMG엔터","KOSDAQ","","19980","-120","-0.6","203942593260"
"419540","비스토스","KOSDAQ","","3420","120","3.64","20377225260"
"420570","제이투케이바이오","KOSDAQ","","10610","40","0.38","62041794630"
"420770","기가비스","KOSDAQ","","109800","1600","1.48","1391798228400"
"424760","벨로크","KOSDAQ","","2500","120","5.04","25135920000"
"424870","이뮨온시아","KOSDAQ","","3030","25","0.83","276752652270"
"424960","스마트레이더시스템","KOSDAQ","","3895","-25","-0.64","64209503450"
"424980","마이크로투나노","KOSDAQ","","7230","30","0.42","42793574700"
"425040","티이엠씨","KOSDAQ","","8860","-170","-1.88","194236876280"
"425420","티에프이","KOSDAQ","","47500","-50","-0.11","586491097500"
"429270","시지트로닉스","KOSDAQ","","3510","10","0.29","22636800810"
"430690","한싹","KOSDAQ","","2565","65","2.6","27946454760"
"431190","케이쓰리아이","KOSDAQ","","2845","105","3.83","21298927490"
"432430","와이랩","KOSDAQ","","2085","-75","-3.47","34419847200"
"432470","케이엔에스","KOSDAQ","","9870","-520","-5.00","86575257720"
"432720","퀄리타스반도체","KOSDAQ","","9110","-90","-0.98","129248780920"
"432980","엠에프씨","KOSDAQ","","2595","115","4.64","22295570490"
"434480","모니터랩","KOSDAQ","","2675","55","2.1","32930052500"
"435570","에르코스","KOSDAQ","","7180","110","1.56","54689937940"
"437730","삼현","KOSDAQ","","32150","-850","-2.58","1019398279050"
"438700","버넥트","KOSDAQ","","1830","-44","-2.35","20395148700"
"439090","마녀공장","KOSDAQ","","17890","980","5.8","293275421400"
"439580","블루엠텍","KOSDAQ","","1978","103","5.49","66948469966"
"439960","코스모로보틱스","KOSDAQ","","12560","-340","-2.64","407579862560"
"440110","파두","KOSDAQ","","63300","-1200","-1.86","3172028009100"
"440290","HB인베스트먼트","KOSDAQ","","1750","35","2.04","48136252500"
"440320","오픈놀","KOSDAQ","","2440","55","2.31","24351200000"
"441270","파인엠텍","KOSDAQ","","8180","100","1.24","345236343760"
"443250","레뷰코퍼레이션","KOSDAQ","","5920","-60","-1.00","63994116640"
"443670","에스피소프트","KOSDAQ","","3780","870","29.9","90759931920"
"444530","심플랫폼","KOSDAQ","","4655","30","0.65","29939963830"
"445090","에이직랜드","KOSDAQ","","21000","-450","-2.1","229438818000"
"445180","퓨릿","KOSDAQ","","8600","-100","-1.15","147827016800"
"445680","큐리옥스바이오시스템즈","KOSDAQ","","54100","-1600","-2.87","931141446700"
"446540","메가터치","KOSDAQ","","6850","-290","-4.06","199191910350"
"446840","지슨","KOSDAQ","","3135","-100","-3.09","34537091160"
"448280","에코아이","KOSDAQ","","9550","180","1.92","282977281950"
"448710","코츠테크놀로지","KOSDAQ","","11890","50","0.42","62842121880"
"448900","한국피아이엠","KOSDAQ","","47500","-550","-1.14","288536707500"
"450330","하스","KOSDAQ","","5160","20","0.39","42244109880"
"450520","인스웨이브","KOSDAQ","","1901","8","0.42","27953402778"
"450950","아스테라시스","KOSDAQ","","5400","130","2.47","203188996800"
"451220","아이엠티","KOSDAQ","","8790","-150","-1.68","69217830690"
"451250","삐아","KOSDAQ","","7800","290","3.86","79761840600"
"451760","컨텍","KOSDAQ","","7150","20","0.28","118030584100"
"452160","제이엔비","KOSDAQ","","3215","20","0.63","30920349305"
"452190","한빛레이저","KOSDAQ","","3880","-40","-1.02","92811761160"
"452200","민테크","KOSDAQ","","1637","18","1.11","39832793600"
"452280","한선엔지니어링","KOSDAQ","","10390","-10","-0.1","199983291300"
"452300","캡스톤파트너스","KOSDAQ","","2330","15","0.65","33014946650"
"452400","이닉스","KOSDAQ","","6070","80","1.34","55063567960"
"452430","사피엔반도체","KOSDAQ","","28250","100","0.36","233215643250"
"452450","피아이이","KOSDAQ","","3290","-55","-1.64","118533765000"
"453450","그리드위즈","KOSDAQ","","14430","100","0.7","114613882500"
"453860","에이에스텍","KOSDAQ","","8490","-30","-0.35","54713151270"
"455180","케이지에이","KOSDAQ","","1353","-7","-0.51","19887822768"
"455900","엔젤로보틱스","KOSDAQ","","20450","-350","-1.68","314786461450"
"456010","아이씨티케이","KOSDAQ","","16170","-540","-3.23","234502999500"
"456070","이엔셀","KOSDAQ","","6030","60","1.01","66507987510"
"456160","지투지바이오","KOSDAQ","","43650","2400","5.82","725874444900"
"457370","한켐","KOSDAQ","","8440","30","0.36","68086610960"
"457550","우진엔텍","KOSDAQ","","14030","40","0.29","130744980740"
"457600","벡트","KOSDAQ","","5010","0","0.00","68674575000"
"458350","에스팀","KOSDAQ","","3410","10","0.29","29609712000"
"458650","성우","KOSDAQ","","8080","20","0.25","121569013600"
"458870","씨어스","KOSDAQ","","22100","300","1.38","847432500200"
"459100","위츠","KOSDAQ","","4290","40","0.94","57769569000"
"459510","나우로보틱스","KOSDAQ","","14900","-400","-2.61","193377891800"
"459550","알트","KOSDAQ","","2420","-30","-1.22","61034241620"
"460470","아이빔테크놀로지","KOSDAQ","","2850","-15","-0.52","43090204500"
"460870","에스엠씨지","KOSDAQ","","2905","45","1.57","58312948120"
"460930","현대힘스","KOSDAQ","","13670","-90","-0.65","485430872570"
"460940","피앤에스로보틱스","KOSDAQ","","5150","20","0.39","69294692000"
"461030","아이엠비디엑스","KOSDAQ","","3080","25","0.82","44150312360"
"461300","아이스크림미디어","KOSDAQ","","19560","360","1.88","260811729480"
"462310","뉴키즈온","KOSDAQ","","3965","40","1.02","31317968825"
"462350","이노스페이스","KOSDAQ","","6040","-40","-0.66","204644694880"
"462510","라메디텍","KOSDAQ","","2870","15","0.53","25264509550"
"462860","더즌","KOSDAQ","","2950","165","5.92","211681742850"
"462980","아이지넷","KOSDAQ","","1559","22","1.43","28427487283"
"463020","뉴엔AI","KOSDAQ","","8990","-60","-0.66","80794928000"
"463480","모티브링크","KOSDAQ","","4080","15","0.37","50552660640"
"464080","에스오에스랩","KOSDAQ","","10100","280","2.85","181937046900"
"464280","티디에스팜","KOSDAQ","","5960","-220","-3.56","32958800000"
"464490","쿼드메디슨","KOSDAQ","","5180","-220","-4.07","59477345340"
"464500","아이언디바이스","KOSDAQ","","1879","14","0.75","26293341177"
"464580","닷밀","KOSDAQ","","1598","4","0.25","29412930222"
"465320","교보15호스팩","KOSDAQ","","2130","-5","-0.23","8115300000"
"465480","인스피언","KOSDAQ","","3330","-150","-4.31","33758780760"
"466100","클로봇","KOSDAQ","","25600","-1050","-3.94","651756518400"
"466410","사이냅소프트","KOSDAQ","","8660","120","1.41","43620619180"
"466690","키움히어로제1호스팩","KOSDAQ","","2020","-15","-0.74","10291900000"
"468530","프로티나","KOSDAQ","","35900","-1900","-5.03","396163967200"
"468760","유진스팩10호","KOSDAQ","","2080","0","0.00","8819200000"
"469480","IBKS제24호스팩","KOSDAQ","","2130","0","0.00","9009900000"
"469610","이노테크","KOSDAQ","","15710","-80","-0.51","140492959000"
"469750","아이비젼웍스","KOSDAQ","","945","0","0.00","32561374545"
"469900","하나31호스팩","KOSDAQ","","2095","0","0.00","11742475000"
"471050","대신밸런스제17호스팩","KOSDAQ","","2115","0","0.00","12816900000"
"471820","셀로맥스사이언스","KOSDAQ","","4145","45","1.1","46850433455"
"472220","신영스팩10호","KOSDAQ","","2110","0","0.00","9895900000"
"472230","에스케이증권제11호스팩","KOSDAQ","","2100","-5","-0.24","8725500000"
"472850","폰드그룹","KOSDAQ","","5550","470","9.25","319522668600"
"473000","에스케이증권제12호스팩","KOSDAQ","","2075","0","0.00","6868250000"
"473050","유안타제15호스팩","KOSDAQ","","2100","-5","-0.24","14721000000"
"473950","에스케이증권제13호스팩","KOSDAQ","","2050","-5","-0.24","9061000000"
"473980","노머스","KOSDAQ","","12050","270","2.29","131137161600"
"474170","루미르","KOSDAQ","","6700","140","2.13","119378563200"
"474490","유안타제16호스팩","KOSDAQ","","2075","0","0.00","11433250000"
"474610","RF시스템즈","KOSDAQ","","7370","130","1.8","106240171400"
"474650","링크솔루션","KOSDAQ","","23200","-1200","-4.92","133447142400"
"474660","신한제12호스팩","KOSDAQ","","2095","-5","-0.24","11564400000"
"474930","신한제13호스팩","KOSDAQ","","2095","5","0.24","7583900000"
"475040","스트라드비젼","KOSDAQ","","3035","-10","-0.33","163193279330"
"475230","엔알비","KOSDAQ","","10790","-70","-0.64","117596789570"
"475240","하나32호스팩","KOSDAQ","","2100","0","0.00","6720000000"
"475250","하나33호스팩","KOSDAQ","","2080","-5","-0.24","7696000000"
"475400","씨메스로보틱스","KOSDAQ","","18310","-240","-1.29","216184229140"
"475430","키스트론","KOSDAQ","","4385","15","0.34","78263962350"
"475460","미트박스","KOSDAQ","","6500","110","1.72","36702412500"
"475580","에이럭스","KOSDAQ","","7640","70","0.92","104094236000"
"475660","에스켐","KOSDAQ","","3360","155","4.84","26644245600"
"475830","오름테라퓨틱","KOSDAQ","","66000","-800","-1.2","1433492940000"
"475960","토모큐브","KOSDAQ","","30050","-750","-2.44","404959028700"
"476040","오가노이드사이언스","KOSDAQ","","7060","-40","-0.56","46495465600"
"476060","온코닉테라퓨틱스","KOSDAQ","","14770","400","2.78","670673796800"
"476080","M83","KOSDAQ","","4125","130","3.25","33317625000"
"476830","알지노믹스","KOSDAQ","","31350","-250","-0.79","879537918600"
"477340","에이치엠씨제7호스팩","KOSDAQ","","2055","-5","-0.24","15433050000"
"477380","미래에셋비전스팩4호","KOSDAQ","","2095","-20","-0.95","16969500000"
"477470","미래에셋비전스팩5호","KOSDAQ","","2080","10","0.48","11398400000"
"477760","DB금융스팩12호","KOSDAQ","","2080","-5","-0.24","12147200000"
"477850","마키나락스","KOSDAQ","","24600","0","0.00","436766505600"
"478110","이베스트스팩6호","KOSDAQ","","2055","-5","-0.24","10316100000"
"478340","나라스페이스테크놀로지","KOSDAQ","","10200","0","0.00","118015356600"
"478390","KB제29호스팩","KOSDAQ","","2080","5","0.24","12937600000"
"478440","미래에셋비전스팩6호","KOSDAQ","","2070","-5","-0.24","14345100000"
"478560","블랙야크아이앤씨","KOSDAQ","","3355","185","5.84","86660649790"
"479880","한국제15호스팩","KOSDAQ","","2070","0","0.00","14220900000"
"479960","위너스일렉","KOSDAQ","","6030","70","1.17","42969780000"
"481070","에이유브랜즈","KOSDAQ","","19310","1010","5.52","276717127500"
"481890","엔에이치스팩31호","KOSDAQ","","2075","-5","-0.24","13165875000"
"482520","교보16호스팩","KOSDAQ","","2055","0","0.00","12535500000"
"482630","삼양엔씨켐","KOSDAQ","","13250","-260","-1.92","290019710000"
"482680","미래에셋비전스팩7호","KOSDAQ","","2055","0","0.00","16881825000"
"482690","대신밸런스제19호스팩","KOSDAQ","","2070","0","0.00","11623050000"
"483350","딜리셔스","KOSDAQ","","3460","230","7.12","75701201600"
"484120","도우인시스","KOSDAQ","","18440","-320","-1.71","202054861680"
"484130","하나34호스팩","KOSDAQ","","2025","-5","-0.25","9153000000"
"484590","삼양컴텍","KOSDAQ","","6960","380","5.78","286824732000"
"484810","티엑스알로보틱스","KOSDAQ","","13570","-210","-1.52","209668916550"
"486630","KB제30호스팩","KOSDAQ","","2050","0","0.00","10885500000"
"486990","노타","KOSDAQ","","18790","70","0.37","401963759700"
"487360","신한제14호스팩","KOSDAQ","","2030","5","0.25","11449200000"
"487400","케이앤에스아이앤씨","KOSDAQ","","9700","-870","-8.23","99530555400"
"487580","폴레드","KOSDAQ","","3295","55","1.7","82977526995"
"487720","키움제10호스팩","KOSDAQ","","2030","-5","-0.25","8586900000"
"487830","신한제15호스팩","KOSDAQ","","2050","0","0.00","8917500000"
"488060","유진스팩11호","KOSDAQ","","2035","5","0.25","9605200000"
"488280","에스투더블유","KOSDAQ","","10440","-370","-3.42","113018073840"
"488900","비츠로넥스텍","KOSDAQ","","9490","-150","-1.56","274986444070"
"489210","교보17호스팩","KOSDAQ","","2045","0","0.00","10593100000"
"489460","바이오비쥬","KOSDAQ","","11510","20","0.17","169810333370"
"489480","키움제11호스팩","KOSDAQ","","2125","0","0.00","14025000000"
"489500","엘케이켐","KOSDAQ","","21250","-50","-0.23","135813807500"
"489730","디비금융제13호스팩","KOSDAQ","","2035","5","0.25","12885620000"
"490470","세미파이브","KOSDAQ","","15360","-380","-2.41","522630758400"
"491000","리브스메드","KOSDAQ","","33450","-50","-0.15","844788814950"
"492220","KB제31호스팩","KOSDAQ","","2020","0","0.00","12544200000"
"493280","아이엠바이오로직스","KOSDAQ","","15470","-280","-1.78","229521413030"
"493330","지에프아이","KOSDAQ","","11820","250","2.16","95027043660"
"493790","유안타제17호스팩","KOSDAQ","","2015","0","0.00","10699650000"
"494120","큐리오시스","KOSDAQ","","9260","10","0.11","141305414640"
"496070","신한제16호스팩","KOSDAQ","","2010","-5","-0.25","11296200000"
"498390","한화플러스제5호스팩","KOSDAQ","","2035","0","0.00","10093600000"
"900070","글로벌에스엠","KOSDAQ","","1012","-4","-0.39","27194447808"
"900100","파이온엑스","KOSDAQ","","1811","11","0.61","9554926550"
"900110","딥커머스","KOSDAQ","","1201","0","0.00","22142994331"
"900120","씨엑스아이","KOSDAQ","","1040","0","0.00","17336446400"
"900250","크리스탈신소재","KOSDAQ","","1156","7","0.61","41402141156"
"900260","로스웰","KOSDAQ","","1649","-5","-0.3","75902985194"
"900270","헝셩그룹","KOSDAQ","","3770","225","6.35","19273325760"
"900290","GRT","KOSDAQ","","3900","10","0.26","325691121600"
"900300","오가닉티코스메틱","KOSDAQ","","3665","195","5.62","75426055505"
"900310","컬러레이","KOSDAQ","","2150","0","0.00","27537920250"
"900340","윙입푸드","KOSDAQ","","1505","-28","-1.83","18937011660"
"950130","엑세스바이오","KOSDAQ","","2525","165","6.99","88813930850"
"950140","잉글우드랩","KOSDAQ","","9050","690","8.25","179804187300"
"950160","코오롱티슈진","KOSDAQ","","18710","-30","-0.16","1589791693600"
"950170","JTC","KOSDAQ","","4340","-55","-1.25","224579150320"
"950190","고스트스튜디오","KOSDAQ","","9500","1100","13.1","123662060500"
"950200","소마젠","KOSDAQ","","3565","-115","-3.13","68576528945"
"950220","네오이뮨텍","KOSDAQ","","2510","-60","-2.33","85871718400"
"950250","테라뷰","KOSDAQ","","2350","-35","-1.47","83466667850"
"950260","인제니아테라퓨틱스(Reg.S)","KOSDAQ","","18000","650","3.75","890002926000"
