종목코드,종목명,시장구분,업종명,종가,대비,등락률,시가총액
"0001A0","덕양에너젠","KOSDAQ","","8910","120","1.37","226928451420"
"000250","삼천당제약","KOSDAQ","","157000","1600","1.03","3682823104000"
"000440","중앙에너비스","KOSDAQ","","11900","290","2.5","74102847000"
"0004V0","엔비알모션","KOSDAQ","","5510","510","10.2","60667215840"
"0004Y0","디비금융제14호스팩","KOSDAQ","","1997","-3","-0.15","10614055000"
"0007C0","아크릴","KOSDAQ","","16400","1820","12.48","131697313600"
"0007J0","인벤테라","KOSDAQ","","8190","300","3.8","64420197660"
"0008Z0","에스엔시스","KOSDAQ","","24600","-450","-1.8","232139474400"
"0009K0","에임드바이오","KOSDAQ","","23450","1050","4.69","1516538725450"
"001000","신라섬유","KOSDAQ","","462","0","0.00","11216223480"
"0010F0","보원케미칼","KOSDAQ","","2145","-60","-2.72","23903024145"
"0010V0","제이피아이헬스케어","KOSDAQ","","8750","20","0.23","44672250000"
"0011A0","액스비스","KOSDAQ","","8320","380","4.79","77656716800"
"0011T0","채비","KOSDAQ","","4555","160","3.64","213855387005"
"0013V0","삼진식품","KOSDAQ","","4990","-20","-0.4","49494093440"
"001540","안국약품","KOSDAQ","","10490","-250","-2.33","136814985800"
"0015G0","그린광학","KOSDAQ","","14080","620","4.61","164771777280"
"0015N0","아로마티카","KOSDAQ","","10120","740","7.89","127278450640"
"0015S0","페스카로","KOSDAQ","","6830","160","2.4","67389765900"
"0017J0","세미티에스","KOSDAQ","","2545","5","0.2","76734399345"
"001810","무림SP","KOSDAQ","","1177","2","0.17","26055837500"
"001840","이화공영","KOSDAQ","","2215","0","0.00","62588831935"
"002230","피에스텍","KOSDAQ","","5050","0","0.00","93026403500"
"002290","삼일기업공사","KOSDAQ","","3365","0","0.00","41726000000"
"002680","한탑","KOSDAQ","","2700","-45","-1.64","17451069300"
"002800","신신제약","KOSDAQ","","4610","50","1.1","69936005000"
"003100","선광","KOSDAQ","","21050","150","0.72","138930000000"
"003310","대주산업","KOSDAQ","","1682","22","1.33","59529932700"
"003380","하림지주","KOSDAQ","","11020","130","1.19","1234301943420"
"0037T0","KB제32호스팩","KOSDAQ","","1995","-1","-0.05","12628350000"
"003800","에이스침대","KOSDAQ","","32800","-50","-0.15","363752000000"
"0039P0","매드업","KOSDAQ","","8180","350","4.47","153844532000"
"0041B0","교보18호스팩","KOSDAQ","","2015","0","0.00","10155600000"
"0041J0","엘에스스팩1호","KOSDAQ","","1994","0","0.00","8195340000"
"0041L0","하나35호스팩","KOSDAQ","","1990","-2","-0.1","11999700000"
"0044K0","삼성스팩10호","KOSDAQ","","1991","-2","-0.1","14972320000"
"004590","한국가구","KOSDAQ","","5080","80","1.6","76200000000"
"004650","창해에탄올","KOSDAQ","","9400","0","0.00","86394319000"
"004780","대륙제관","KOSDAQ","","4200","35","0.84","66793435800"
"005160","동국산업","KOSDAQ","","2560","40","1.59","138865873920"
"005290","동진쎄미켐","KOSDAQ","","40250","500","1.26","2051547571500"
"0054V0","엔에이치스팩32호","KOSDAQ","","2010","0","0.00","12495165000"
"005670","푸드웰","KOSDAQ","","6490","130","2.04","64900000000"
"005710","대원산업","KOSDAQ","","10650","230","2.21","213400440000"
"005860","한일사료","KOSDAQ","","2400","15","0.63","94568844000"
"005990","매일홀딩스","KOSDAQ","","10960","-20","-0.18","145749411840"
"006050","국영지앤엠","KOSDAQ","","4795","0","0.00","16732267580"
"006140","피제이전자","KOSDAQ","","4750","100","2.15","70608750000"
"006620","동구바이오제약","KOSDAQ","","3605","95","2.71","102616296160"
"006730","서부T&D","KOSDAQ","","11210","100","0.9","720544306830"
"0068Y0","비엔케이제3호스팩","KOSDAQ","","1979","-6","-0.3","8529490000"
"006910","보성파워텍","KOSDAQ","","6780","60","0.89","333100206720"
"006920","모헨즈","KOSDAQ","","3390","-70","-2.02","37018800000"
"0071M0","삼성스팩11호","KOSDAQ","","1978","-1","-0.05","11393280000"
"0072Z0","KB제33호스팩","KOSDAQ","","1986","8","0.4","15659610000"
"007330","푸른저축은행","KOSDAQ","","10070","-30","-0.3","151883796000"
"007370","진양제약","KOSDAQ","","4020","5","0.12","56821039740"
"007390","네이처셀","KOSDAQ","","23950","50","0.21","1543219591200"
"007530","와이엠","KOSDAQ","","1578","-20","-1.25","35117176518"
"007680","대원","KOSDAQ","","3365","5","0.15","44494513370"
"007720","소노스퀘어","KOSDAQ","","1259","13","1.04","25381553310"
"007770","한일화학","KOSDAQ","","8220","30","0.37","28852200000"
"007820","엠엑스로보틱스","KOSDAQ","","3870","170","4.59","77531371020"
"008290","원풍물산","KOSDAQ","","427","-183","-30.00","8688100253"
"0082N0","카나프테라퓨틱스","KOSDAQ","","15600","-560","-3.47","207489048000"
"008370","원풍","KOSDAQ","","4990","-20","-0.4","59880000000"
"008470","부스타","KOSDAQ","","1700","20","1.19","28576320000"
"008830","대동기어","KOSDAQ","","6320","90","1.44","121229709120"
"0088D0","메리츠제1호스팩","KOSDAQ","","2080","0","0.00","12053600000"
"0088M0","메쥬","KOSDAQ","","12970","520","4.18","128166297500"
"0091W0","신영스팩11호","KOSDAQ","","2020","5","0.25","12257360000"
"009300","삼아제약","KOSDAQ","","14000","50","0.36","89180000000"
"0093G0","미래에셋비전스팩8호","KOSDAQ","","1981","-2","-0.1","12678400000"
"009520","포스코엠텍","KOSDAQ","","12650","150","1.2","526780192950"
"009620","삼보산업","KOSDAQ","","870","0","0.00","15201551760"
"0096B0","삼성스팩12호","KOSDAQ","","1984","1","0.05","13054720000"
"0096D0","미래에셋비전스팩9호","KOSDAQ","","1972","-10","-0.5","10846000000"
"009730","이렘","KOSDAQ","","1984","-66","-3.22","15823397952"
"009780","엠에스씨","KOSDAQ","","7140","50","0.71","125664000000"
"0097F0","미래에셋비전스팩10호","KOSDAQ","","1982","0","0.00","12883000000"
"0098T0","교보19호스팩","KOSDAQ","","1996","2","0.1","10778400000"
"0099W0","미래에셋비전스팩11호","KOSDAQ","","1981","1","0.05","13867000000"
"0099X0","IBKS제25호스팩","KOSDAQ","","2180","0","0.00","13036400000"
"010170","대한광통신","KOSDAQ","","13010","160","1.25","2022868436600"
"0101C0","하나36호스팩","KOSDAQ","","1978","2","0.1","15309720000"
"010240","흥국","KOSDAQ","","5400","10","0.19","63212400000"
"010280","아이티센엔텍","KOSDAQ","","5540","180","3.36","72157153780"
"010470","오리콤","KOSDAQ","","4850","15","0.31","58078992500"
"0105P0","유진스팩12호","KOSDAQ","","2000","-5","-0.25","11320000000"
"011040","경동제약","KOSDAQ","","5110","10","0.2","157228394260"
"011080","형지I&C","KOSDAQ","","896","2","0.22","6358250752"
"011320","유니크","KOSDAQ","","3760","25","0.67","72645813200"
"011370","서한","KOSDAQ","","3890","55","1.43","78496204970"
"011560","세보엠이씨","KOSDAQ","","24150","300","1.26","243549658800"
"0115H0","삼성스팩13호","KOSDAQ","","1990","-5","-0.25","14626500000"
"0117P0","피스피스스튜디오","KOSDAQ","","5640","70","1.26","79912658040"
"012210","삼미금속","KOSDAQ","","8350","10","0.12","192480684650"
"012340","뉴인텍","KOSDAQ","","548","-1","-0.18","12080546564"
"012620","원일특강","KOSDAQ","","7030","10","0.14","30932000000"
"012700","리드코프","KOSDAQ","","2985","15","0.51","78191633220"
"012790","신일제약","KOSDAQ","","6050","30","0.5","72517810750"
"012860","모베이스전자","KOSDAQ","","2215","130","6.24","162212107255"
"0129K0","신한제18호스팩","KOSDAQ","","1972","-6","-0.3","11082640000"
"013030","하이록코리아","KOSDAQ","","34200","300","0.88","402470524800"
"0130D0","신한제17호스팩","KOSDAQ","","1966","-5","-0.25","10498440000"
"0130H0","엔에이치스팩33호","KOSDAQ","","1992","-3","-0.15","15338400000"
"013120","동원개발","KOSDAQ","","2165","-35","-1.59","196599536500"
"0131D0","키움히어로제2호스팩","KOSDAQ","","1962","-8","-0.41","12380220000"
"0132G0","교보20호스팩","KOSDAQ","","1991","-1","-0.05","11886270000"
"013310","아진산업","KOSDAQ","","2375","30","1.28","92165632250"
"0134X0","대신밸런스제20호스팩","KOSDAQ","","1973","-7","-0.35","13298020000"
"013720","청보","KOSDAQ","","2370","-25","-1.04","28832538360"
"013810","스페코","KOSDAQ","","1555","0","0.00","22789255850"
"013990","아가방컴퍼니","KOSDAQ","","4625","-55","-1.18","152104854000"
"014100","메디앙스","KOSDAQ","","1650","-10","-0.6","19470000000"
"014190","원익큐브","KOSDAQ","","1293","53","4.27","45765826803"
"014470","부방","KOSDAQ","","1006","-3","-0.3","60412573560"
"014570","고려제약","KOSDAQ","","3500","0","0.00","38500000000"
"014620","성광벤드","KOSDAQ","","30850","450","1.48","819294679400"
"014940","오리엔탈정공","KOSDAQ","","4610","-10","-0.22","210094577210"
"014950","삼익제약","KOSDAQ","","6760","1090","19.22","68056894880"
"014970","삼륭물산","KOSDAQ","","4400","-15","-0.34","65230000000"
"0155E0","해치텍","KOSDAQ","","12560","220","1.78","68918604000"
"0156T0","에이치엘지노믹스","KOSDAQ","","8900","100","1.14","69261232900"
"015710","코콤","KOSDAQ","","2915","-20","-0.68","51101407500"
"015750","성우하이텍","KOSDAQ","","5970","150","2.58","477600000000"
"016100","리더스코스메틱","KOSDAQ","","1172","13","1.12","22386247768"
"016250","SGC E&C","KOSDAQ","","11900","360","3.12","59940133400"
"0164H0","한국제16호스팩","KOSDAQ","","1953","-4","-0.2","13182750000"
"0165X0","메리츠제2호스팩","KOSDAQ","","1954","4","0.21","14146960000"
"016600","큐캐피탈","KOSDAQ","","2515","5","0.2","35113426515"
"016670","디모아","KOSDAQ","","2430","50","2.1","24771988620"
"016790","현대사료","KOSDAQ","","994","0","0.00","187340898626"
"016920","카스","KOSDAQ","","1110","16","1.46","28525592520"
"017000","신원종합개발","KOSDAQ","","2450","40","1.66","28586666150"
"017250","인터엠","KOSDAQ","","1047","11","1.06","22034603949"
"017480","삼현철강","KOSDAQ","","4780","-65","-1.34","73817014200"
"017510","세명전기","KOSDAQ","","7150","150","2.14","109008900000"
"017650","대림제지","KOSDAQ","","10700","-150","-1.38","93999500000"
"017890","한국알콜","KOSDAQ","","14410","330","2.34","297905221460"
"018000","유니슨","KOSDAQ","","1240","5","0.4","321777872160"
"018120","진로발효","KOSDAQ","","16560","0","0.00","109645747200"
"018290","브이티","KOSDAQ","","12410","110","0.89","433628209580"
"018310","삼목에스폼","KOSDAQ","","13790","50","0.36","202713000000"
"018620","우진비앤지","KOSDAQ","","2790","-5","-0.18","19343019780"
"018680","서울제약","KOSDAQ","","1932","-26","-1.33","22525804308"
"018700","졸스","KOSDAQ","","1410","21","1.51","23578386600"
"019010","베뉴지","KOSDAQ","","4600","25","0.55","221720000000"
"019210","와이지-원","KOSDAQ","","14260","770","5.71","530382561280"
"019540","일지테크","KOSDAQ","","5320","40","0.76","71891820000"
"019550","SBI인베스트먼트","KOSDAQ","","1030","24","2.39","83464285610"
"019570","GMI벤처","KOSDAQ","","2880","15","0.52","27489611520"
"019660","글로본","KOSDAQ","","1521","-4","-0.26","21209330493"
"019770","서연탑메탈","KOSDAQ","","3340","45","1.37","38911000000"
"019990","에너토크","KOSDAQ","","4850","10","0.21","47317026800"
"020180","대신정보통신","KOSDAQ","","3995","0","0.00","30704703085"
"020400","대동금속","KOSDAQ","","2870","40","1.41","17431036840"
"020710","시공테크","KOSDAQ","","3665","30","0.83","73475810050"
"021040","대호특수강","KOSDAQ","","940","9","0.97","20402487560"
"021045","대호특수강우","KOSDAQ","","2490","-95","-3.68","2112745080"
"021080","에이티넘인베스트","KOSDAQ","","2185","45","2.1","104880000000"
"021320","KCC건설","KOSDAQ","","5630","0","0.00","120482000000"
"021650","한국큐빅","KOSDAQ","","1993","-6","-0.3","32586672059"
"021880","메이슨캐피탈","KOSDAQ","","1270","-5","-0.39","26947418800"
"0218L0","네오뷰","KOSDAQ","","13350","350","2.69","70436936250"
"022220","티케이지애강","KOSDAQ","","894","0","0.00","46304353626"
"023160","태광","KOSDAQ","","26150","350","1.36","676428378300"
"023410","유진기업","KOSDAQ","","3190","15","0.47","246621652970"
"023440","제이스코홀딩스","KOSDAQ","","521","0","0.00","46964378481"
"023600","삼보판지","KOSDAQ","","9500","170","1.82","152078850000"
"023760","한국캐피탈","KOSDAQ","","1421","13","0.92","224240603748"
"023770","플레이위드","KOSDAQ","","2870","150","5.51","25676440650"
"023790","동일스틸럭스","KOSDAQ","","1447","-4","-0.28","18912012176"
"023900","풍국주정","KOSDAQ","","7260","90","1.26","91476000000"
"023910","대한약품","KOSDAQ","","27150","-100","-0.37","162900000000"
"024060","흥구석유","KOSDAQ","","10820","200","1.88","162300000000"
"024120","KB오토시스","KOSDAQ","","3100","45","1.47","35650000000"
"024740","한일단조","KOSDAQ","","2060","5","0.24","67767920940"
"024800","유성티엔에스","KOSDAQ","","4760","85","1.82","167672761200"
"024830","세원물산","KOSDAQ","","8480","-190","-2.19","70808000000"
"024840","KBI메탈","KOSDAQ","","5230","140","2.75","226413164280"
"024850","HLB이노베이션","KOSDAQ","","16660","780","4.91","529014043040"
"024880","케이피에프","KOSDAQ","","3870","60","1.57","77174084880"
"024910","경창산업","KOSDAQ","","1589","19","1.21","56916398945"
"024940","PN풍년","KOSDAQ","","1935","-1","-0.05","19350000000"
"024950","삼천리자전거","KOSDAQ","","4640","40","0.87","57536000000"
"025320","시노펙스","KOSDAQ","","3855","75","1.98","355439492565"
"025440","DH오토웨어","KOSDAQ","","3390","-10","-0.29","33073667160"
"025550","한국선재","KOSDAQ","","2125","-10","-0.47","54217258500"
"025770","한국정보통신","KOSDAQ","","7910","10","0.13","296184183610"
"025870","신라에스지","KOSDAQ","","1150","-87","-7.03","4600000000"
"025880","케이씨피드","KOSDAQ","","2355","10","0.43","39365845590"
"025900","동화기업","KOSDAQ","","7190","50","0.7","363506879150"
"025950","동신건설","KOSDAQ","","10250","250","2.5","86100000000"
"025980","아난티","KOSDAQ","","5710","310","5.74","555588652900"
"026040","제이에스티나","KOSDAQ","","2630","105","4.16","43404967700"
"026150","특수건설","KOSDAQ","","3835","25","0.66","67290179385"
"026910","광진실업","KOSDAQ","","3290","-140","-4.08","26084192540"
"027040","서울전자통신","KOSDAQ","","1810","-56","-3.00","25191161890"
"027050","코리아나","KOSDAQ","","1310","9","0.69","52400000000"
"027360","아주IB투자","KOSDAQ","","3185","160","5.29","385848118110"
"027580","상보","KOSDAQ","","1702","72","4.42","20145306010"
"027710","팜스토리","KOSDAQ","","1142","16","1.42","127237757200"
"027830","대성창투","KOSDAQ","","904","-10","-1.09","48816000000"
"028080","휴맥스홀딩스","KOSDAQ","","5040","-20","-0.4","12752943840"
"028300","HLB","KOSDAQ","","33750","950","2.9","4495440026250"
"029480","광무","KOSDAQ","","1427","28","2.00","85219201364"
"030350","드래곤플라이","KOSDAQ","","973","0","0.00","15171092867"
"030520","한컴","KOSDAQ","","17410","170","0.99","420969343040"
"030530","원익홀딩스","KOSDAQ","","22500","5180","29.91","1737854572500"
"030960","양지사","KOSDAQ","","4790","240","5.27","76544200000"
"031310","아이즈비전","KOSDAQ","","1018","5","0.49","30282090718"
"031330","에스에이엠티","KOSDAQ","","7970","250","3.24","796960683990"
"031510","오스템","KOSDAQ","","1129","-22","-1.91","31612000000"
"031860","디에이치엑스컴퍼니","KOSDAQ","","6930","0","0.00","18714756060"
"031980","피에스케이홀딩스","KOSDAQ","","144000","14500","11.2","3104984880000"
"032080","아즈텍WB","KOSDAQ","","1077","26","2.47","23145838233"
"032190","다우데이타","KOSDAQ","","20000","-350","-1.72","766000000000"
"032280","삼일","KOSDAQ","","1373","19","1.4","22261259070"
"032300","한국파마","KOSDAQ","","8000","300","3.9","87253608000"
"032500","케이엠더블유","KOSDAQ","","14650","480","3.39","618108419650"
"032540","TJ미디어","KOSDAQ","","3595","105","3.01","75126199735"
"032580","피델릭스","KOSDAQ","","4655","155","3.44","154229757920"
"032620","GC메디아이","KOSDAQ","","3100","-5","-0.16","161811130900"
"032680","소프트센","KOSDAQ","","923","18","1.99","21280578163"
"032685","소프트센우","KOSDAQ","","9140","240","2.7","652248680"
"032750","삼진","KOSDAQ","","3015","30","1.01","27228832830"
"032790","엠젠솔루션","KOSDAQ","","1190","59","5.22","30559326140"
"032800","판타지오","KOSDAQ","","1481","-6","-0.4","22373502544"
"032820","우리기술","KOSDAQ","","10630","130","1.24","1836700425560"
"032850","비트컴퓨터","KOSDAQ","","3775","-15","-0.4","62752931075"
"032860","더라미","KOSDAQ","","2760","-50","-1.78","22298514720"
"032940","원익","KOSDAQ","","10050","1470","17.13","182841469050"
"032960","동일기연","KOSDAQ","","2055","40","1.99","36153563625"
"033050","제이엠아이","KOSDAQ","","830","9","1.1","26426642240"
"033100","제룡전기","KOSDAQ","","44350","450","1.03","712367839150"
"033130","디지틀조선","KOSDAQ","","1840","2","0.11","68292091280"
"033160","엠케이전자","KOSDAQ","","13910","490","3.65","341686046780"
"033170","시그네틱스","KOSDAQ","","1784","7","0.39","30587862792"
"033200","모아텍","KOSDAQ","","2540","65","2.63","23379503660"
"033230","인성정보","KOSDAQ","","1068","-3","-0.28","53950425840"
"033290","로젠","KOSDAQ","","1524","4","0.26","85582202724"
"033310","엠투엔","KOSDAQ","","1469","-8","-0.54","58719537864"
"033320","제이씨현시스템","KOSDAQ","","3105","-15","-0.48","59350311360"
"033340","좋은사람들","KOSDAQ","","551","-74","-11.84","53419757458"
"033500","동성화인텍","KOSDAQ","","17160","130","0.76","514619717040"
"033540","파라텍","KOSDAQ","","3240","-60","-1.82","33855621840"
"033560","블루콤","KOSDAQ","","4685","-5","-0.11","80113500000"
"033640","네패스","KOSDAQ","","21550","0","0.00","496925803100"
"033790","피노","KOSDAQ","","10200","1370","15.52","849883247400"
"033830","티비씨","KOSDAQ","","1685","-4","-0.24","31858514050"
"034810","해성산업","KOSDAQ","","6130","80","1.32","193586331760"
"03481K","해성산업1우","KOSDAQ","","6180","120","1.98","8512659540"
"034940","조아제약","KOSDAQ","","2835","25","0.89","17565560775"
"034950","한국기업평가","KOSDAQ","","103900","-900","-0.86","471759404600"
"035080","그래디언트","KOSDAQ","","11980","-10","-0.08","133866065420"
"035200","프럼파스트","KOSDAQ","","2885","-65","-2.2","26599645185"
"035290","골드앤에스","KOSDAQ","","1304","-77","-5.58","6217012992"
"035460","기산텔레콤","KOSDAQ","","2305","35","1.54","34391383700"
"035600","KG이니시스","KOSDAQ","","10390","20","0.19","286290569260"
"035610","솔본","KOSDAQ","","5060","105","2.12","138370744820"
"035620","바른손이앤에이","KOSDAQ","","685","7","1.03","12747793830"
"035760","CJ ENM","KOSDAQ","","33050","850","2.64","724758539700"
"035810","이지홀딩스","KOSDAQ","","4695","35","0.75","302903488575"
"035890","서희건설","KOSDAQ","","2325","60","2.65","482643346200"
"035900","JYP Ent.","KOSDAQ","","39300","800","2.08","1396426935600"
"036000","예림당","KOSDAQ","","2895","-20","-0.69","66684231915"
"036010","아비코전자","KOSDAQ","","7000","140","2.04","93050538000"
"036030","케이티알파","KOSDAQ","","4760","60","1.28","233331111160"
"036090","위지트","KOSDAQ","","1361","107","8.53","57911249554"
"036120","서울평가정보","KOSDAQ","","1690","5","0.3","59395050000"
"036170","에이치엠넥스","KOSDAQ","","2290","-35","-1.51","140527283540"
"036190","금화피에스시","KOSDAQ","","33100","-700","-2.07","198600000000"
"036200","유니셈","KOSDAQ","","8910","120","1.37","273218226930"
"036220","오상헬스케어","KOSDAQ","","6640","210","3.27","95014522240"
"036480","대성미생물","KOSDAQ","","6290","50","0.8","23902000000"
"036540","SFA반도체","KOSDAQ","","5610","-10","-0.18","922622299830"
"036560","KZ정밀","KOSDAQ","","12150","0","0.00","191362500000"
"036620","감성코퍼레이션","KOSDAQ","","3740","-25","-0.66","336087410560"
"036630","세종텔레콤","KOSDAQ","","8780","-20","-0.23","122920000000"
"036640","HRS","KOSDAQ","","4895","-5","-0.1","80056746000"
"036670","삼양케이씨아이","KOSDAQ","","5110","-10","-0.2","54984622000"
"036690","코맥스","KOSDAQ","","2885","0","0.00","125692107675"
"036710","심텍홀딩스","KOSDAQ","","3900","60","1.56","206028240600"
"036800","나이스정보통신","KOSDAQ","","7270","70","0.97","330785000000"
"036810","에프에스티","KOSDAQ","","25550","0","0.00","553152108950"
"036830","솔브레인홀딩스","KOSDAQ","","43100","1600","3.86","883721581100"
"036890","진성티이씨","KOSDAQ","","13180","120","0.92","290389971140"
"036930","주성엔지니어링","KOSDAQ","","178300","10300","6.13","8287583874300"
"037030","파워넷","KOSDAQ","","3175","120","3.93","81003749600"
"037070","파세코","KOSDAQ","","6150","-100","-1.6","123000000000"
"037230","한국팩키지","KOSDAQ","","1413","5","0.36","42107862051"
"037330","인지디스플레","KOSDAQ","","732","20","2.81","32123983968"
"037350","성도이엔지","KOSDAQ","","7130","140","2.00","108447300000"
"037370","EG","KOSDAQ","","3605","45","1.26","31093024060"
"037400","우리엔터프라이즈","KOSDAQ","","632","0","0.00","16573154672"
"037440","희림","KOSDAQ","","4385","100","2.33","61050052875"
"037460","삼지전자","KOSDAQ","","30000","0","0.00","489555660000"
"037760","쎄니트","KOSDAQ","","2400","25","1.05","81199010400"
"037950","엘컴텍","KOSDAQ","","2900","15","0.52","48979558700"
"038010","제일테크노스","KOSDAQ","","5370","0","0.00","48330000000"
"038060","루멘스","KOSDAQ","","824","0","0.00","39636928856"
"038070","서린바이오","KOSDAQ","","4265","-5","-0.12","39667383140"
"038110","에코플라스틱","KOSDAQ","","2070","45","2.22","85220595900"
"038290","마크로젠","KOSDAQ","","12300","150","1.23","133349220000"
"038390","레드캡투어","KOSDAQ","","9970","10","0.1","166706595340"
"038460","바이오스마트","KOSDAQ","","2685","40","1.51","67862145270"
"038500","삼표시멘트","KOSDAQ","","7210","30","0.42","778076566260"
"038530","케이바이오랩스","KOSDAQ","","999","0","0.00","25864231878"
"038540","상상인","KOSDAQ","","2095","80","3.97","115912815735"
"038620","위즈코프","KOSDAQ","","1888","-45","-2.33","28595445984"
"038680","에스넷","KOSDAQ","","3930","-10","-0.25","78256683060"
"038870","에코심플렉스","KOSDAQ","","1798","-35","-1.91","25198878302"
"038880","아이에이","KOSDAQ","","2955","30","1.03","22205119965"
"038950","파인디지털","KOSDAQ","","3130","0","0.00","31959694450"
"039010","현대에이치티","KOSDAQ","","7930","390","5.17","68396250000"
"039020","이건홀딩스","KOSDAQ","","2660","15","0.57","60075325940"
"039030","이오테크닉스","KOSDAQ","","443000","25000","5.98","5457560650000"
"039200","오스코텍","KOSDAQ","","36600","700","1.95","1400249241600"
"039240","경남스틸","KOSDAQ","","1907","4","0.21","51450104828"
"039290","인포뱅크","KOSDAQ","","3840","20","0.52","33384875520"
"039310","세중","KOSDAQ","","1385","-82","-5.59","25098508795"
"039340","한국경제TV","KOSDAQ","","4905","-5","-0.1","107910000000"
"039420","케이엘넷","KOSDAQ","","2710","-35","-1.28","62186353740"
"039440","에스티아이","KOSDAQ","","19430","330","1.73","301301923210"
"039560","다산네트웍스","KOSDAQ","","2395","35","1.48","102717880860"
"039610","화성밸브","KOSDAQ","","5710","60","1.06","59443384000"
"039740","한국정보공학","KOSDAQ","","3075","45","1.49","24656570775"
"039830","오로라","KOSDAQ","","15270","-240","-1.55","164349330300"
"039840","디오","KOSDAQ","","10910","-100","-0.91","146366683480"
"039860","나노엔텍","KOSDAQ","","4165","-70","-1.65","158657565745"
"039980","폴라리스AI","KOSDAQ","","5400","80","1.5","77658555600"
"040160","누리플렉스","KOSDAQ","","6810","200","3.03","82098193350"
"040300","YTN","KOSDAQ","","2000","5","0.25","95353960000"
"040350","크레오에스지","KOSDAQ","","4585","150","3.38","91040658660"
"040420","정상제이엘에스","KOSDAQ","","5800","-20","-0.34","90929801600"
"040610","SG&G","KOSDAQ","","3160","30","0.96","53857769680"
"040910","아이씨디","KOSDAQ","","4410","-50","-1.12","80148552750"
"041020","폴라리스오피스","KOSDAQ","","3015","145","5.05","149796635895"
"041190","우리기술투자","KOSDAQ","","6220","510","8.93","522480000000"
"041440","현대에버다임","KOSDAQ","","6670","100","1.52","119004219040"
"041460","한국전자인증","KOSDAQ","","3560","80","2.3","67640000000"
"041510","에스엠","KOSDAQ","","79000","3700","4.91","1808680510000"
"041520","이엘씨","KOSDAQ","","11180","150","1.36","136270001400"
"041590","플래스크","KOSDAQ","","2370","0","0.00","116064014460"
"041830","인바디","KOSDAQ","","61100","1500","2.52","823681890200"
"041910","폴라리스AI파마","KOSDAQ","","5350","20","0.38","71065922500"
"041920","메디아나","KOSDAQ","","8480","290","3.54","157712931040"
"041930","SY동아","KOSDAQ","","4975","-25","-0.5","75620000000"
"041960","코미팜","KOSDAQ","","9710","330","3.52","717437866450"
"042000","카페24","KOSDAQ","","16120","310","1.96","389752084280"
"042040","케이피엠테크","KOSDAQ","","4625","135","3.01","40103333375"
"042110","에스씨디","KOSDAQ","","1071","2","0.19","51760963044"
"042370","비츠로테크","KOSDAQ","","8110","240","3.05","212482202750"
"042420","네오위즈홀딩스","KOSDAQ","","23850","-50","-0.21","194193449550"
"042500","링네트","KOSDAQ","","4460","60","1.36","99418502240"
"042510","라온시큐어","KOSDAQ","","9030","510","5.99","100285626840"
"042520","한스바이오메드","KOSDAQ","","19630","300","1.55","279950634210"
"042600","새로닉스","KOSDAQ","","12100","-160","-1.31","150325245400"
"042940","상지건설","KOSDAQ","","6000","30","0.5","40972272000"
"043100","알파AI","KOSDAQ","","520","0","0.00","10457241600"
"043150","바텍","KOSDAQ","","18450","-400","-2.12","274061023200"
"043200","파루","KOSDAQ","","1195","-28","-2.29","24978077615"
"043220","티에스넥스젠","KOSDAQ","","1710","0","0.00","28191099330"
"043260","성호전자","KOSDAQ","","15670","70","0.45","1150703759840"
"043340","에쎈테크","KOSDAQ","","854","10","1.18","40565000000"
"043360","디지아이","KOSDAQ","","2555","-130","-4.84","22995000000"
"043370","피에이치에이","KOSDAQ","","11180","50","0.45","234780000000"
"043590","웰킵스하이텍","KOSDAQ","","1489","16","1.09","20203319309"
"043610","KT지니뮤직","KOSDAQ","","1197","17","1.44","69564179286"
"043650","국순당","KOSDAQ","","3555","55","1.57","63486270720"
"043710","코스리거글로벌","KOSDAQ","","3245","175","5.7","56179068990"
"043910","자연과환경","KOSDAQ","","3535","65","1.87","40083877575"
"044180","KD","KOSDAQ","","205","0","0.00","5477148795"
"044340","위닉스","KOSDAQ","","3335","35","1.06","59607872375"
"044480","빌리언스","KOSDAQ","","820","0","0.00","27265751120"
"044490","태웅","KOSDAQ","","32400","-2100","-6.09","648239144400"
"044780","에이치케이","KOSDAQ","","1404","5","0.36","25982124948"
"044960","이글벳","KOSDAQ","","3185","70","2.25","40264397355"
"044990","에이치엔에스하이텍","KOSDAQ","","11040","40","0.36","84847092000"
"045060","오공","KOSDAQ","","2135","50","2.4","36171114490"
"045100","한양이엔지","KOSDAQ","","29850","650","2.23","522375000000"
"045300","성우테크론","KOSDAQ","","2685","30","1.13","28318727220"
"045340","토탈소프트","KOSDAQ","","6900","20","0.29","59050476000"
"045390","대아티아이","KOSDAQ","","3795","105","2.85","267446465715"
"045510","정원엔시스","KOSDAQ","","1093","30","2.82","34407593001"
"045520","크린앤사이언스","KOSDAQ","","2390","5","0.21","15535000000"
"045660","에이텍","KOSDAQ","","9420","180","1.95","77809200000"
"045970","코아시아","KOSDAQ","","3035","-125","-3.96","79865648660"
"046070","코다코","KOSDAQ","","82300","0","0.00","1160395104800"
"046120","오르비텍","KOSDAQ","","4325","65","1.53","146424747725"
"046210","HLB파나진","KOSDAQ","","1122","2","0.18","51082371120"
"046310","백금T&A","KOSDAQ","","2225","-15","-0.67","36531476225"
"046390","삼화네트웍스","KOSDAQ","","2125","-10","-0.47","36696992625"
"046440","KG파이낸셜","KOSDAQ","","4240","60","1.44","153701636640"
"046890","서울반도체","KOSDAQ","","9580","10","0.1","558565732000"
"046940","우원개발","KOSDAQ","","2900","-20","-0.68","52415615000"
"046970","우리로","KOSDAQ","","4840","120","2.54","212112995160"
"047080","한빛소프트","KOSDAQ","","1075","8","0.75","26684039150"
"047310","파워로직스","KOSDAQ","","3035","80","2.71","111113641425"
"047560","이스트소프트","KOSDAQ","","7270","120","1.68","85444906140"
"047770","코데즈컴바인","KOSDAQ","","4135","105","2.61","156479159270"
"047820","초록뱀미디어","KOSDAQ","","3085","-5","-0.16","75440374050"
"047920","HLB제약","KOSDAQ","","7870","230","3.01","258130931720"
"048410","현대바이오","KOSDAQ","","6210","160","2.64","599299602120"
"048430","유라테크","KOSDAQ","","6130","-200","-3.16","70617600000"
"048470","대동스틸","KOSDAQ","","2790","-35","-1.24","26923500000"
"048530","인트론바이오","KOSDAQ","","2875","65","2.31","88813804250"
"048550","SM C&C","KOSDAQ","","1091","-34","-3.02","105515650420"
"048770","TPC로보틱스","KOSDAQ","","3965","915","30.00","62242534315"
"048830","엔피케이","KOSDAQ","","1038","9","0.87","19435432074"
"048870","시너지이노베이션","KOSDAQ","","1595","10","0.63","140530605985"
"048910","대원미디어","KOSDAQ","","6320","150","2.43","79498938720"
"049070","인탑스","KOSDAQ","","17730","430","2.49","279110979000"
"049080","기가레인","KOSDAQ","","7740","70","0.91","65699705160"
"049120","파인디앤씨","KOSDAQ","","3080","-85","-2.69","32653122040"
"049180","셀루메드","KOSDAQ","","1009","0","0.00","83975227728"
"049430","코메론","KOSDAQ","","22450","1350","6.4","203127600000"
"049470","비트플래닛","KOSDAQ","","2505","110","4.59","58979971995"
"049480","오픈베이스","KOSDAQ","","1840","0","0.00","57817184720"
"049520","유아이엘","KOSDAQ","","3860","30","0.78","119052532500"
"049550","잉크테크","KOSDAQ","","3470","-5","-0.14","68033781190"
"049630","재영솔루텍","KOSDAQ","","7140","370","5.47","166827092460"
"049720","고려신용정보","KOSDAQ","","9090","10","0.11","129987000000"
"049830","승일","KOSDAQ","","6400","10","0.16","39245516800"
"049950","미래컴퍼니","KOSDAQ","","10280","250","2.49","90647847520"
"049960","쎌바이오텍","KOSDAQ","","15800","-40","-0.25","148520000000"
"050090","비케이홀딩스","KOSDAQ","","794","35","4.61","18686579590"
"050110","캠시스","KOSDAQ","","1110","24","2.21","32439553530"
"050120","ES큐브","KOSDAQ","","3225","-100","-3.01","43744177350"
"050760","에스폴리텍","KOSDAQ","","1212","37","3.15","19797629736"
"050860","아세아텍","KOSDAQ","","1706","-1","-0.06","38385000000"
"050890","쏠리드","KOSDAQ","","8520","160","1.91","517645669680"
"050960","수산아이앤티","KOSDAQ","","8950","50","0.56","60421450000"
"051160","지어소프트","KOSDAQ","","10860","1000","10.14","168052309800"
"051360","토비스","KOSDAQ","","11940","460","4.01","115121515920"
"051370","인터플렉스","KOSDAQ","","6350","100","1.6","148129447200"
"051380","피씨디렉트","KOSDAQ","","1595","32","2.05","24467414840"
"051390","YW","KOSDAQ","","3890","0","0.00","44172381520"
"051490","나라엠앤디","KOSDAQ","","2690","10","0.37","38198000000"
"051500","CJ프레시웨이","KOSDAQ","","23700","100","0.42","281356588200"
"051780","큐로홀딩스","KOSDAQ","","2505","-5","-0.2","19038060120"
"051980","중앙첨단소재","KOSDAQ","","1000","-20","-1.96","111091709000"
"052020","에스티큐브","KOSDAQ","","8050","-20","-0.25","547265492550"
"052220","iMBC","KOSDAQ","","1777","8","0.45","40871000000"
"052260","현대바이오랜드","KOSDAQ","","3985","30","0.76","119550000000"
"052300","오션인더블유","KOSDAQ","","1500","43","2.95","24366192000"
"052330","코텍","KOSDAQ","","11800","-60","-0.51","209586750200"
"052400","코나아이","KOSDAQ","","37800","1400","3.85","550492399800"
"052420","오성첨단소재","KOSDAQ","","9700","20","0.21","94497487300"
"052460","아이크래프트","KOSDAQ","","4890","340","7.47","71432807040"
"052600","한네트","KOSDAQ","","2995","15","0.5","34633281500"
"052710","아모텍","KOSDAQ","","11290","860","8.25","210906232000"
"052770","아이톡시","KOSDAQ","","312","0","0.00","4545457488"
"052790","액토즈소프트","KOSDAQ","","4085","80","2.00","44626774495"
"052860","아이앤씨","KOSDAQ","","6290","120","1.94","112382511660"
"052900","KX하이텍","KOSDAQ","","968","18","1.89","74214711120"
"053030","바이넥스","KOSDAQ","","6780","80","1.19","221598794640"
"053050","지에스이","KOSDAQ","","1881","16","0.86","56406669957"
"053060","세동","KOSDAQ","","1259","5","0.4","22230690521"
"053080","케이엔솔","KOSDAQ","","8580","50","0.59","111538344060"
"053160","프리엠스","KOSDAQ","","10090","300","3.06","60540000000"
"053260","금강철강","KOSDAQ","","6030","-360","-5.63","112881600000"
"053270","구영테크","KOSDAQ","","2040","15","0.74","55917226200"
"053280","예스24","KOSDAQ","","3155","-5","-0.16","78875000000"
"053290","NE능률","KOSDAQ","","1676","38","2.32","27698090532"
"053300","한국정보인증","KOSDAQ","","5030","70","1.41","204173212880"
"053350","이니텍","KOSDAQ","","4260","-240","-5.33","93809736900"
"053450","세코닉스","KOSDAQ","","3080","-25","-0.81","45561833240"
"053580","웹케시","KOSDAQ","","7230","220","3.14","93660572280"
"053610","프로텍","KOSDAQ","","60000","1900","3.27","540000000000"
"053620","태양","KOSDAQ","","7000","-50","-0.71","60200000000"
"053700","삼보모터스","KOSDAQ","","4040","80","2.02","107931658280"
"053800","안랩","KOSDAQ","","57700","800","1.41","641999396200"
"053950","경남제약","KOSDAQ","","1920","-54","-2.74","37669726080"
"053980","오상자이엘","KOSDAQ","","2500","-10","-0.4","47456957500"
"054040","한국컴퓨터","KOSDAQ","","4505","30","0.67","72401161450"
"054050","NH농우바이오","KOSDAQ","","7020","50","0.72","112534538220"
"054090","삼진엘앤디","KOSDAQ","","1012","-18","-1.75","25258742784"
"054180","메디콕스","KOSDAQ","","2295","0","0.00","12686716395"
"054210","이랜텍","KOSDAQ","","6970","260","3.87","176279733700"
"054220","비츠로시스","KOSDAQ","","1646","-34","-2.02","20724153936"
"054300","팬스타엔터프라이즈","KOSDAQ","","1145","3","0.26","66262232025"
"054410","케이피티유","KOSDAQ","","3425","-10","-0.29","19613070700"
"054450","텔레칩스","KOSDAQ","","9390","130","1.4","142204347870"
"054540","삼영엠텍","KOSDAQ","","6550","150","2.34","85150000000"
"054620","APS","KOSDAQ","","3850","145","3.91","70817750850"
"054670","대한뉴팜","KOSDAQ","","5650","10","0.18","81105298000"
"054780","키이스트","KOSDAQ","","1427","20","1.42","28051670611"
"054800","아이디스홀딩스","KOSDAQ","","15290","20","0.13","158217189240"
"054920","한컴위드","KOSDAQ","","3745","90","2.46","105672968345"
"054930","유신","KOSDAQ","","18550","-150","-0.8","55650000000"
"054940","엑사이엔씨","KOSDAQ","","3880","-15","-0.39","25742670920"
"054950","제이브이엠","KOSDAQ","","23250","-300","-1.27","281089989000"
"056080","유진로봇","KOSDAQ","","11890","850","7.7","454619928540"
"056090","시지메드텍","KOSDAQ","","1165","26","2.28","120296776940"
"056190","SFA","KOSDAQ","","23700","-200","-0.84","851037612000"
"056360","코위버","KOSDAQ","","5170","30","0.58","50649456000"
"056700","신화인터텍","KOSDAQ","","1422","0","0.00","41430099402"
"056730","CNT85","KOSDAQ","","1277","-50","-3.77","18927996649"
"057030","YBM넷","KOSDAQ","","2125","-15","-0.7","34664481125"
"057540","옴니시스템","KOSDAQ","","590","-8","-1.34","35042618120"
"057680","티사이언티픽","KOSDAQ","","1960","191","10.8","30954101640"
"058110","멕아이씨에스","KOSDAQ","","1623","31","1.95","26050010190"
"058400","KNN","KOSDAQ","","6030","40","0.67","79855121160"
"058450","한주에이알티","KOSDAQ","","1516","-44","-2.82","8183325552"
"058470","리노공업","KOSDAQ","","66600","2300","3.58","5075709210000"
"058610","에스피지","KOSDAQ","","94200","10400","12.41","2089107312000"
"058630","엠게임","KOSDAQ","","4075","65","1.62","76498239050"
"058820","CMG제약","KOSDAQ","","630","7","1.12","93317840280"
"058970","엠로","KOSDAQ","","16130","830","5.42","199411867220"
"059090","미코","KOSDAQ","","18060","560","3.2","603507010680"
"059100","아이컴포넌트","KOSDAQ","","6900","-70","-1.00","48788934000"
"059120","아진엑스텍","KOSDAQ","","7140","230","3.33","130733871240"
"059210","메타바이오메드","KOSDAQ","","3865","-10","-0.26","105017634925"
"059270","해성에어로보틱스","KOSDAQ","","5380","170","3.26","60069308620"
"060150","인선이엔티","KOSDAQ","","3040","20","0.66","138513380480"
"060230","제이케이시냅스","KOSDAQ","","1177","-13","-1.09","23004721586"
"060250","NHN KCP","KOSDAQ","","15770","1220","8.38","633332835470"
"060260","뉴보텍","KOSDAQ","","1060","-15","-1.4","14142897360"
"060280","큐렉소","KOSDAQ","","8130","-20","-0.25","335442092700"
"060310","3S","KOSDAQ","","1137","17","1.52","60328128480"
"060370","LS마린솔루션","KOSDAQ","","30900","1200","4.04","1614180588600"
"060380","동양에스텍","KOSDAQ","","1278","-7","-0.54","25176600000"
"060480","국일신동","KOSDAQ","","1502","-2","-0.13","16657180000"
"060540","에스에이티","KOSDAQ","","1374","45","3.39","35906651316"
"060560","HC홈센타","KOSDAQ","","1996","-4","-0.2","50674449996"
"060570","드림어스컴퍼니","KOSDAQ","","3950","105","2.73","58540240300"
"060590","씨티씨바이오","KOSDAQ","","3110","50","1.63","75202972200"
"060720","KH바텍","KOSDAQ","","10890","480","4.61","257847343380"
"060850","영림원소프트랩","KOSDAQ","","4675","10","0.21","38012425000"
"060900","에이전트AI","KOSDAQ","","3685","35","0.96","24113851410"
"061040","알에프텍","KOSDAQ","","7500","120","1.63","67861672500"
"061090","세나테크놀로지","KOSDAQ","","40400","2150","5.62","220889020000"
"061250","화일약품","KOSDAQ","","9530","340","3.7","80219575520"
"061970","LB세미콘","KOSDAQ","","3865","35","0.91","270870818190"
"062970","한국첨단소재","KOSDAQ","","1911","61","3.3","54548170677"
"063080","컴투스홀딩스","KOSDAQ","","13020","170","1.32","85869399840"
"063170","서울옥션","KOSDAQ","","6100","20","0.33","108423028700"
"063440","SM Life Design","KOSDAQ","","1029","0","0.00","46633625556"
"063570","NICE인프라","KOSDAQ","","3450","-15","-0.43","117809661600"
"063760","이엘피","KOSDAQ","","2350","10","0.43","21914055500"
"064090","인크레더블버즈","KOSDAQ","","798","0","0.00","39694710510"
"064240","홈캐스트","KOSDAQ","","1800","48","2.74","62449651800"
"064260","다날","KOSDAQ","","5200","295","6.01","393356376400"
"064290","인텍플러스","KOSDAQ","","40150","5750","16.72","520246756700"
"064480","브리지텍","KOSDAQ","","2775","10","0.36","33168187500"
"064520","테크엘","KOSDAQ","","1520","20","1.33","33973614240"
"064550","바이오니아","KOSDAQ","","10390","150","1.46","268168923490"
"064760","티씨케이","KOSDAQ","","252000","11500","4.78","2817212832000"
"064800","포니링크","KOSDAQ","","2555","-45","-1.73","65309527745"
"064820","케이프","KOSDAQ","","7520","110","1.48","232068816800"
"064850","에프앤가이드","KOSDAQ","","17230","1690","10.88","196600020360"
"065060","지엔코","KOSDAQ","","3315","-80","-2.36","19858129590"
"065130","탑엔지니어링","KOSDAQ","","2865","30","1.06","45851460000"
"065150","대산F&B","KOSDAQ","","1400","8","0.57","22313536000"
"065170","비엘팜텍","KOSDAQ","","2125","65","3.16","59316810125"
"065350","신성델타테크","KOSDAQ","","30900","1650","5.64","849253993200"
"065370","위세아이텍","KOSDAQ","","2965","65","2.24","21893423610"
"065420","에스아이리소스","KOSDAQ","","940","0","0.00","7283384140"
"065440","이루온","KOSDAQ","","1335","1","0.07","36412151700"
"065450","빅텍","KOSDAQ","","2720","40","1.49","80228584160"
"065500","오리엔트정공","KOSDAQ","","1139","2","0.18","40711176768"
"065510","휴비츠","KOSDAQ","","7080","30","0.43","77015496600"
"065530","와이어블","KOSDAQ","","1190","5","0.42","56928123210"
"065570","삼영이엔씨","KOSDAQ","","764","0","0.00","12295692232"
"065650","하이퍼코퍼레이션","KOSDAQ","","1601","6","0.38","17524525187"
"065660","안트로젠","KOSDAQ","","15120","280","1.89","151292232000"
"065680","우주일렉트로","KOSDAQ","","23600","50","0.21","218075115600"
"065690","파커스","KOSDAQ","","1866","-34","-1.79","22419070062"
"065710","서호전기","KOSDAQ","","45250","850","1.91","233037500000"
"065770","CS","KOSDAQ","","1202","7","0.59","12639106928"
"065950","웰크론","KOSDAQ","","1167","2","0.17","32945929434"
"066130","하츠","KOSDAQ","","3450","20","0.58","44160000000"
"066310","큐에스아이","KOSDAQ","","7030","130","1.88","65179495630"
"066360","체리부로","KOSDAQ","","1378","1","0.07","33038937646"
"066410","버킷스튜디오","KOSDAQ","","1153","0","0.00","159637252154"
"066430","아이로보틱스","KOSDAQ","","2065","45","2.23","80851927940"
"066590","스모트로닉","KOSDAQ","","2450","0","0.00","94760945650"
"066620","국보디자인","KOSDAQ","","26500","650","2.51","198750000000"
"066670","디티씨","KOSDAQ","","3165","-25","-0.78","59159920470"
"066700","테라젠이텍스","KOSDAQ","","2120","0","0.00","78763037120"
"066790","씨씨에스","KOSDAQ","","2205","0","0.00","97355245995"
"066900","디에이피","KOSDAQ","","1725","-6","-0.35","39234267675"
"066910","손오공","KOSDAQ","","2010","65","3.34","30927130320"
"066980","한성크린텍","KOSDAQ","","1562","24","1.56","83990619086"
"067000","조이시티","KOSDAQ","","1179","13","1.11","82416162834"
"067010","이씨에스","KOSDAQ","","2530","5","0.2","27547905000"
"067080","대화제약","KOSDAQ","","10960","360","3.4","204038484000"
"067160","SOOP","KOSDAQ","","38050","350","0.93","437375884350"
"067170","오텍","KOSDAQ","","2580","-75","-2.82","70848980100"
"067280","멀티캠퍼스","KOSDAQ","","23950","400","1.7","141946357050"
"067290","JW신약","KOSDAQ","","3265","-165","-4.81","182961141295"
"067310","하나마이크론","KOSDAQ","","34850","150","0.43","2317206784650"
"067370","선바이오","KOSDAQ","","6020","-70","-1.15","73527322820"
"067390","아스트","KOSDAQ","","5090","-170","-3.23","214369203130"
"067570","엔브이에이치코리아","KOSDAQ","","1683","-2","-0.12","70972110000"
"067630","HLB생명과학","KOSDAQ","","2685","55","2.09","327347300730"
"067730","로지시스","KOSDAQ","","2230","40","1.83","21572846060"
"067770","세진티에스","KOSDAQ","","2695","-85","-3.06","22628818135"
"067900","와이엔텍","KOSDAQ","","6020","-50","-0.82","109561947180"
"067920","이글루","KOSDAQ","","5330","100","1.91","58609314270"
"067990","도이치모터스","KOSDAQ","","3770","40","1.07","110014443500"
"068050","팬엔터테인먼트","KOSDAQ","","1186","0","0.00","32845174136"
"068100","케이웨더","KOSDAQ","","2350","20","0.86","28029709600"
"068240","다원시스","KOSDAQ","","2530","0","0.00","96553495610"
"068330","일신바이오","KOSDAQ","","1120","0","0.00","49522076800"
"068760","셀트리온제약","KOSDAQ","","40850","0","0.00","1813835262200"
"068790","DMS","KOSDAQ","","6670","10","0.15","150543394080"
"068930","디지털대성","KOSDAQ","","8630","-40","-0.46","238838201460"
"068940","셀피글로벌","KOSDAQ","","778","0","0.00","35720093048"
"069080","웹젠","KOSDAQ","","11200","-170","-1.5","346825640000"
"069140","누리플랜","KOSDAQ","","1821","-9","-0.49","27489459084"
"069330","유아이디","KOSDAQ","","1300","-30","-2.26","22038346200"
"069410","엔텔스","KOSDAQ","","2735","35","1.3","28019593640"
"069510","에스텍","KOSDAQ","","12950","450","3.6","141284500000"
"069540","빛과전자","KOSDAQ","","2715","55","2.07","305958500355"
"069920","엑시온그룹","KOSDAQ","","1155","-20","-1.7","16644075525"
"070300","퀀텀레일","KOSDAQ","","1568","73","4.88","55702775072"
"070590","인티큐브","KOSDAQ","","2005","56","2.87","27828439605"
"071200","인피니트헬스케어","KOSDAQ","","9680","270","2.87","236157713440"
"071280","로체시스템즈","KOSDAQ","","7480","910","13.85","114418590440"
"071670","에이테크솔루션","KOSDAQ","","5070","70","1.4","50700000000"
"071850","캐스텍코리아","KOSDAQ","","1293","17","1.33","31369392834"
"072020","중앙백신","KOSDAQ","","9290","0","0.00","85995495490"
"072470","우리산업홀딩스","KOSDAQ","","2400","40","1.69","45329618400"
"072770","멤레이비티","KOSDAQ","","887","-12","-1.33","36821230926"
"072870","메가스터디","KOSDAQ","","13420","20","0.15","159979269780"
"072950","빛샘전자","KOSDAQ","","8380","200","2.44","67480871800"
"072990","에이치시티","KOSDAQ","","3100","85","2.82","44944438600"
"073010","케이에스피","KOSDAQ","","2760","15","0.55","110927850000"
"073110","엘엠에스","KOSDAQ","","5050","75","1.51","44923562750"
"073190","듀오백","KOSDAQ","","1622","0","0.00","19412160880"
"073490","LIG아큐버","KOSDAQ","","29600","1050","3.68","225073841600"
"073540","에프알텍","KOSDAQ","","2220","30","1.37","25308000000"
"073560","우리손에프앤지","KOSDAQ","","1536","6","0.39","106349019648"
"073570","리튬포어스","KOSDAQ","","1730","4","0.23","20824577440"
"073640","테라사이언스","KOSDAQ","","654","0","0.00","76111715580"
"074430","아미노로직스","KOSDAQ","","1125","-54","-4.58","99157862250"
"074600","원익QnC","KOSDAQ","","25750","500","1.98","676916000000"
"075130","플랜티넷","KOSDAQ","","2090","35","1.7","33695648800"
"075970","동국알앤에스","KOSDAQ","","1631","0","0.00","30010400000"
"076080","웰크론한텍","KOSDAQ","","1134","0","0.00","25621772904"
"076610","해성옵틱스","KOSDAQ","","1209","18","1.51","71616541620"
"077360","덕산하이메탈","KOSDAQ","","10060","360","3.71","457096240120"
"078020","LS증권","KOSDAQ","","6740","180","2.74","373943220600"
"078070","유비쿼스홀딩스","KOSDAQ","","8500","100","1.19","145000165500"
"078130","국일제지","KOSDAQ","","3530","-10","-0.28","397974272110"
"078140","대봉엘에스","KOSDAQ","","7880","-100","-1.25","87362242520"
"078150","HB테크놀러지","KOSDAQ","","1876","56","3.08","178073293048"
"078160","메디포스트","KOSDAQ","","8920","230","2.65","349705058760"
"078340","컴투스","KOSDAQ","","32400","-250","-0.77","391758541200"
"078350","한양디지텍","KOSDAQ","","18760","380","2.07","285984606320"
"078590","휴림에이텍","KOSDAQ","","3180","60","1.92","31762892580"
"078600","대주전자재료","KOSDAQ","","84600","2000","2.42","1328570074800"
"078860","아이오케이이엔엠","KOSDAQ","","2635","10","0.38","16276890380"
"078890","가온그룹","KOSDAQ","","4105","75","1.86","75634391015"
"079000","와토스코리아","KOSDAQ","","4065","15","0.37","29268000000"
"079170","한창산업","KOSDAQ","","5840","70","1.21","30368000000"
"079190","케스피온","KOSDAQ","","1132","62","5.79","10854609896"
"079370","제우스","KOSDAQ","","10100","450","4.66","313271599000"
"079650","서산","KOSDAQ","","6730","-840","-11.1","134600000000"
"079810","APS이노베이션","KOSDAQ","","4015","155","4.02","86435297410"
"079940","가비아","KOSDAQ","","42400","-1000","-2.3","569037001600"
"079950","인베니아","KOSDAQ","","1419","124","9.58","19580922900"
"079960","동양이엔피","KOSDAQ","","18150","50","0.28","137062592700"
"079970","투비소프트","KOSDAQ","","596","0","0.00","7646223464"
"080010","이상네트웍스","KOSDAQ","","7320","-80","-1.08","71992719720"
"080160","모두투어","KOSDAQ","","8970","110","1.24","169533000000"
"080220","제주반도체","KOSDAQ","","71800","3000","4.36","2472995409400"
"080420","모다이노칩","KOSDAQ","","1681","0","0.00","134012046582"
"080470","성창오토텍","KOSDAQ","","2820","-45","-1.57","20586000000"
"080520","오디텍","KOSDAQ","","2750","15","0.55","31136646750"
"080530","코디","KOSDAQ","","2505","0","0.00","27734568420"
"080580","오킨스전자","KOSDAQ","","19340","70","0.36","407899069700"
"080720","한국유니온제약","KOSDAQ","","2410","0","0.00","192441519730"
"081150","티플랙스","KOSDAQ","","2670","10","0.38","64796633340"
"081180","쎄크","KOSDAQ","","5040","260","5.44","44480696400"
"081580","성우전자","KOSDAQ","","2305","35","1.54","35746269615"
"082210","옵트론텍","KOSDAQ","","1682","22","1.33","58808321060"
"082270","젬백스","KOSDAQ","","10560","190","1.83","467482783680"
"082660","코스나인","KOSDAQ","","480","0","0.00","47827617120"
"082800","비보존 제약","KOSDAQ","","3100","150","5.08","188230964600"
"082850","우리바이오","KOSDAQ","","897","0","0.00","43465550466"
"082920","비츠로셀","KOSDAQ","","29800","1550","5.49","1345156414600"
"083310","엘오티베큠","KOSDAQ","","9480","310","3.38","168839112840"
"083450","GST","KOSDAQ","","43000","1850","4.5","792490000000"
"083470","이엠앤아이","KOSDAQ","","879","-51","-5.48","18758149191"
"083500","에프엔에스테크","KOSDAQ","","11100","-30","-0.27","92200784700"
"083550","케이엠","KOSDAQ","","3305","25","0.76","44803125325"
"083640","인콘","KOSDAQ","","1087","0","0.00","24955718841"
"083650","비에이치아이","KOSDAQ","","60000","700","1.18","1856662500000"
"083660","CSA 코스믹","KOSDAQ","","1610","-50","-3.01","22891833300"
"083790","CG인바이츠","KOSDAQ","","888","45","5.34","68282033616"
"083930","아바코","KOSDAQ","","11330","0","0.00","166293231170"
"084110","휴온스글로벌","KOSDAQ","","23800","150","0.63","301303525600"
"084180","수성웹툰","KOSDAQ","","395","10","2.6","7139341785"
"084370","유진테크","KOSDAQ","","136500","5700","4.36","3128039733000"
"084440","유비온","KOSDAQ","","1196","0","0.00","22882375516"
"084650","랩지노믹스","KOSDAQ","","500","0","0.00","37119995000"
"084730","팅크웨어","KOSDAQ","","6360","70","1.11","70655936640"
"084850","아이티엠반도체","KOSDAQ","","8690","50","0.58","197114696460"
"084990","헬릭스미스","KOSDAQ","","3020","65","2.2","139200246940"
"085660","차바이오텍","KOSDAQ","","8090","170","2.15","752150324140"
"085670","뉴프렉스","KOSDAQ","","3010","70","2.38","73747290610"
"085810","알티캐스트","KOSDAQ","","1498","-30","-1.96","21177155594"
"085910","네오티스","KOSDAQ","","14430","-370","-2.5","199059223740"
"086040","바이오톡스텍","KOSDAQ","","2390","-25","-1.04","38140210330"
"086060","진바이오텍","KOSDAQ","","4865","-15","-0.31","41890505755"
"086390","유니테스트","KOSDAQ","","11330","-220","-1.9","239449647580"
"086450","동국제약","KOSDAQ","","21600","-200","-0.92","976977072000"
"086520","에코프로","KOSDAQ","","82400","700","0.86","11187954924800"
"086670","비엠티","KOSDAQ","","16780","-190","-1.12","166556350300"
"086710","선진뷰티사이언스","KOSDAQ","","7170","-40","-0.55","87497517600"
"086820","바이오솔루션","KOSDAQ","","6130","50","0.82","158914641050"
"086890","이수앱지스","KOSDAQ","","3395","5","0.15","138430928090"
"086900","메디톡스","KOSDAQ","","69600","300","0.43","507975391200"
"086960","MDS테크","KOSDAQ","","1990","79","4.13","84632053300"
"086980","쇼박스","KOSDAQ","","1950","53","2.79","121754100000"
"087010","펩트론","KOSDAQ","","157300","10700","7.3","3667819155000"
"087260","모바일어플라이언스","KOSDAQ","","247","0","0.00","8040556667"
"087600","픽셀플러스","KOSDAQ","","3955","40","1.02","32298736890"
"088130","동아엘텍","KOSDAQ","","5430","190","3.63","94945255020"
"088280","쏘닉스","KOSDAQ","","2375","0","0.00","41102913750"
"088290","이원컴포텍","KOSDAQ","","2445","-5","-0.2","19501496040"
"088340","유라클","KOSDAQ","","6870","110","1.63","29983208160"
"088390","이녹스","KOSDAQ","","7950","-100","-1.24","74617459800"
"088800","에이스테크","KOSDAQ","","1774","47","2.72","133948413916"
"088910","동우팜투테이블","KOSDAQ","","2095","20","0.96","53887095580"
"089010","켐트로닉스","KOSDAQ","","21550","450","2.13","361394081850"
"089030","테크윙","KOSDAQ","","47100","950","2.06","1745226679500"
"089140","넥스턴앤롤코리아","KOSDAQ","","2130","5","0.24","32623578420"
"089150","케이씨티","KOSDAQ","","1876","33","1.79","32173400000"
"089230","THE E&M","KOSDAQ","","2010","11","0.55","79236921540"
"089600","KT나스미디어","KOSDAQ","","13060","-50","-0.38","151080208780"
"089790","제이티","KOSDAQ","","4785","-315","-6.18","49359729705"
"089850","유비벨록스","KOSDAQ","","4175","40","0.97","61498580825"
"089890","코세스","KOSDAQ","","22200","1000","4.72","368186156400"
"089970","브이엠","KOSDAQ","","52800","900","1.73","1390053192000"
"089980","상아프론테크","KOSDAQ","","15020","450","3.09","240155335740"
"090150","아이윈","KOSDAQ","","6140","10","0.16","25711428060"
"090360","로보스타","KOSDAQ","","76400","6300","8.99","744900000000"
"090410","덕신이피씨","KOSDAQ","","3950","5","0.13","36406435050"
"090470","제이스로보틱스","KOSDAQ","","4600","150","3.37","80392332400"
"090710","휴림로봇","KOSDAQ","","6270","210","3.47","749635111830"
"090850","현대이지웰","KOSDAQ","","5030","185","3.82","113063852090"
"091120","이엠텍","KOSDAQ","","4805","-5","-0.1","82323757480"
"091340","S&K폴리텍","KOSDAQ","","2355","30","1.29","27562262955"
"091440","한울소재과학","KOSDAQ","","2775","35","1.28","96129260625"
"091580","상신이디피","KOSDAQ","","20650","150","0.73","275227722350"
"091590","남화토건","KOSDAQ","","7680","230","3.09","90163200000"
"091700","파트론","KOSDAQ","","5390","50","0.94","269500000000"
"091970","LSK아이로봇","KOSDAQ","","3980","-20","-0.5","29988424400"
"092040","아미코젠","KOSDAQ","","1013","27","2.74","71573907031"
"092070","디엔에프","KOSDAQ","","11980","340","2.92","138630858840"
"092130","이크레더블","KOSDAQ","","14490","50","0.35","174511764000"
"092190","서울바이오시스","KOSDAQ","","7780","180","2.37","356856019740"
"092300","현우산업","KOSDAQ","","2520","-25","-0.98","50777674920"
"092460","한라IMS","KOSDAQ","","17150","-10","-0.06","293431012000"
"092600","앤씨앤","KOSDAQ","","1960","-45","-2.24","9832737880"
"092730","네오팜","KOSDAQ","","22950","-200","-0.86","367842347550"
"092870","엑시콘","KOSDAQ","","32650","2350","7.76","426108522050"
"093190","빅솔론","KOSDAQ","","8500","70","0.83","163530692500"
"093320","케이아이엔엑스","KOSDAQ","","136600","800","0.59","666608000000"
"093380","풍강","KOSDAQ","","3145","15","0.48","31070439385"
"093520","매커스","KOSDAQ","","26200","300","1.16","311828129400"
"093640","케이알엠","KOSDAQ","","4435","170","3.99","145661880460"
"093920","서원인텍","KOSDAQ","","4890","40","0.82","90954000000"
"094170","동운아나텍","KOSDAQ","","29350","750","2.62","613706621600"
"094360","칩스앤미디어","KOSDAQ","","10950","700","6.83","233840250300"
"094480","갤럭시아머니트리","KOSDAQ","","6120","600","10.87","240086608560"
"094820","일진파워","KOSDAQ","","11330","150","1.34","170841772970"
"094840","슈프리마에이치큐","KOSDAQ","","12120","-380","-3.04","118850041080"
"094850","참좋은여행","KOSDAQ","","4285","75","1.78","59990000000"
"094860","네오리진","KOSDAQ","","1460","19","1.32","77540620440"
"094940","푸른로보틱스","KOSDAQ","","6770","310","4.8","56606583220"
"094970","제이엠티","KOSDAQ","","2725","0","0.00","45638954000"
"095190","신화프리텍","KOSDAQ","","1863","43","2.36","121580240706"
"095270","웨이브일렉트로","KOSDAQ","","4120","170","4.3","59214312720"
"095340","ISC","KOSDAQ","","182000","10300","6.00","3857864556000"
"095500","미래나노텍","KOSDAQ","","6850","50","0.74","212418493150"
"095610","테스","KOSDAQ","","146800","12900","9.63","2842048000000"
"095660","네오위즈","KOSDAQ","","17910","360","2.05","387508980690"
"095700","제넥신","KOSDAQ","","3020","-240","-7.36","137532291880"
"095910","에스에너지","KOSDAQ","","623","8","1.3","22700022982"
"096240","크레버스","KOSDAQ","","8650","-170","-1.93","88560257000"
"096250","와이즈넛","KOSDAQ","","5630","160","2.93","66517780030"
"096350","대창솔루션","KOSDAQ","","1875","-4","-0.21","69102678750"
"096530","씨젠","KOSDAQ","","31900","350","1.11","1666009208600"
"096630","에스코넥","KOSDAQ","","1825","19","1.05","28974289475"
"096690","에이루트","KOSDAQ","","7250","280","4.02","29165604500"
"096870","엘디티","KOSDAQ","","2240","-30","-1.32","18699517760"
"097780","에코볼트","KOSDAQ","","1843","84","4.78","37400163027"
"097800","윈팩","KOSDAQ","","1920","-8","-0.41","52396886400"
"097870","효성오앤비","KOSDAQ","","4590","15","0.33","38969100000"
"098070","한텍","KOSDAQ","","24000","350","1.48","266907384000"
"098120","마이크로컨텍솔","KOSDAQ","","42500","1650","4.04","353292555000"
"098460","고영","KOSDAQ","","27900","350","1.27","1902897542700"
"098660","에스티오","KOSDAQ","","1584","-17","-1.06","19801545984"
"099190","아이센스","KOSDAQ","","16470","0","0.00","473632879230"
"099220","SDN","KOSDAQ","","511","0","0.00","32164562850"
"099320","쎄트렉아이","KOSDAQ","","70700","3300","4.9","774255354600"
"099390","브레인즈컴퍼니","KOSDAQ","","3890","35","0.91","31930220870"
"099410","동방선기","KOSDAQ","","3375","65","1.96","47250000000"
"099430","바이오플러스","KOSDAQ","","3370","70","2.12","207729233140"
"099440","스맥","KOSDAQ","","3800","-5","-0.13","259324897200"
"099520","DGI","KOSDAQ","","1284","0","0.00","58141862016"
"099750","이지케어텍","KOSDAQ","","6660","300","4.72","90970092180"
"100030","인지소프트","KOSDAQ","","20200","100","0.5","66331022800"
"100120","뷰웍스","KOSDAQ","","26350","150","0.57","236396679850"
"100130","동국S&C","KOSDAQ","","1348","8","0.6","77028764000"
"100590","머큐리","KOSDAQ","","3400","45","1.34","58274453000"
"100660","서암기계공업","KOSDAQ","","3140","60","1.95","39564000000"
"100700","세운메디칼","KOSDAQ","","2470","40","1.65","108186000000"
"100790","미래에셋벤처투자","KOSDAQ","","14980","1110","8.00","795746258440"
"101000","KS인더스트리","KOSDAQ","","1094","252","29.93","10842072778"
"101160","월덱스","KOSDAQ","","29500","550","1.9","487074293500"
"101170","우림피티에스","KOSDAQ","","7950","500","6.71","107325000000"
"101240","씨큐브","KOSDAQ","","3510","10","0.29","39863252520"
"101330","모베이스","KOSDAQ","","3540","110","3.21","81940482660"
"101360","에코앤드림","KOSDAQ","","8190","-100","-1.21","145668273660"
"101400","엔시트론","KOSDAQ","","1800","-50","-2.7","21135218400"
"101490","에스앤에스텍","KOSDAQ","","40050","750","1.91","854461903950"
"101670","하이드로리튬","KOSDAQ","","490","32","6.99","27820821630"
"101680","한국정밀기계","KOSDAQ","","2775","-60","-2.12","23321100000"
"101730","위메이드맥스","KOSDAQ","","4095","90","2.25","343174456170"
"101930","인화정공","KOSDAQ","","6440","40","0.63","294273681240"
"101970","우양에이치씨","KOSDAQ","","9980","100","1.01","147604289820"
"102120","어보브반도체","KOSDAQ","","6910","100","1.47","122865003230"
"102370","케이옥션","KOSDAQ","","3240","40","1.25","83878059600"
"102710","이엔에프테크놀로지","KOSDAQ","","41950","900","2.19","599374720200"
"102940","코오롱생명과학","KOSDAQ","","14850","290","1.99","194395454550"
"103230","에스앤더블류","KOSDAQ","","2305","0","0.00","16596000000"
"103840","우양","KOSDAQ","","1680","-4","-0.24","27495599040"
"104040","디에스엠","KOSDAQ","","2485","-15","-0.6","66631709025"
"104200","NHN벅스","KOSDAQ","","2685","155","6.13","39811971750"
"104460","디와이피엔에프","KOSDAQ","","7580","40","0.53","79727205580"
"104480","티케이케미칼","KOSDAQ","","1779","22","1.25","161702977086"
"104540","코렌텍","KOSDAQ","","3965","-30","-0.75","53160380650"
"104620","노랑풍선","KOSDAQ","","3150","45","1.45","52953238800"
"104830","원익머트리얼즈","KOSDAQ","","32000","950","3.06","403456000000"
"105330","케이엔더블유","KOSDAQ","","6700","60","0.9","107330784000"
"105550","엣지파운드리","KOSDAQ","","1874","-5","-0.27","29349482340"
"105740","디케이락","KOSDAQ","","7860","-110","-1.38","79924512180"
"105760","포스뱅크","KOSDAQ","","5180","40","0.78","52788794660"
"106080","케이이엠텍","KOSDAQ","","1650","0","0.00","9506998050"
"106190","하이텍팜","KOSDAQ","","10450","70","0.67","111116657850"
"106240","파인테크닉스","KOSDAQ","","1095","-30","-2.67","29107195830"
"107600","새빗켐","KOSDAQ","","15270","-150","-0.97","86276324580"
"107640","한중엔시에스","KOSDAQ","","39800","100","0.25","360784850800"
"108230","톱텍","KOSDAQ","","3305","175","5.59","125666824725"
"108380","대양전기공업","KOSDAQ","","18290","840","4.81","174986520570"
"108490","로보티즈","KOSDAQ","","304500","56000","22.54","4466110026000"
"108860","셀바스AI","KOSDAQ","","9190","300","3.37","247346920100"
"109080","옵티시스","KOSDAQ","","8220","110","1.36","46327920000"
"109610","에스와이","KOSDAQ","","1894","13","0.69","92630615600"
"109670","씨싸이트","KOSDAQ","","4060","-70","-1.69","23696604120"
"109740","디에스케이","KOSDAQ","","4180","30","0.72","107469430200"
"109820","진매트릭스","KOSDAQ","","1647","2","0.12","33588325080"
"109860","동일금속","KOSDAQ","","7870","570","7.81","71617000000"
"109960","앱토크롬","KOSDAQ","","1858","51","2.82","28115688914"
"110020","전진바이오팜","KOSDAQ","","1973","33","1.7","17872937426"
"110790","크리스에프앤씨","KOSDAQ","","2945","-20","-0.67","69004177200"
"110990","디아이티","KOSDAQ","","15780","200","1.28","298242000000"
"111710","남화산업","KOSDAQ","","3355","45","1.36","69072740000"
"112040","위메이드","KOSDAQ","","15120","610","4.2","513301062960"
"112290","와이씨켐","KOSDAQ","","9280","80","0.87","187651715200"
"113810","디젠스","KOSDAQ","","2925","45","1.56","19087409250"
"114190","강원에너지","KOSDAQ","","8810","240","2.8","230143964780"
"114450","그린생명과학","KOSDAQ","","2330","-5","-0.21","46600000000"
"114630","폴라리스우노","KOSDAQ","","1494","11","0.74","25749460512"
"114810","한솔아이원스","KOSDAQ","","13350","280","2.14","375711372900"
"114840","아이패밀리에스씨","KOSDAQ","","9280","-320","-3.33","154803252800"
"115160","휴맥스","KOSDAQ","","5300","-80","-1.49","22829924900"
"115180","큐리언트","KOSDAQ","","23050","3400","17.3","865162180550"
"115310","인포바인","KOSDAQ","","9400","40","0.43","139416560600"
"115440","우리넷","KOSDAQ","","7180","270","3.91","77503016560"
"115450","HLB테라퓨틱스","KOSDAQ","","2150","55","2.63","190447234350"
"115480","씨유메디칼","KOSDAQ","","2375","105","4.63","28796663625"
"115500","케이씨에스","KOSDAQ","","8760","340","4.04","105120000000"
"115530","씨엔플러스","KOSDAQ","","3230","30","0.94","27720037650"
"115570","스타플렉스","KOSDAQ","","2635","15","0.57","21039178580"
"115610","이미지스","KOSDAQ","","1601","0","0.00","18921849169"
"117670","알파칩스","KOSDAQ","","8160","60","0.74","54359814720"
"117730","티로보틱스","KOSDAQ","","13150","520","4.12","296638265450"
"118990","모트렉스","KOSDAQ","","6540","-20","-0.3","160474406340"
"119500","포메탈","KOSDAQ","","2435","5","0.21","28848009920"
"119610","인터로조","KOSDAQ","","13900","370","2.73","158651083300"
"119830","아이텍","KOSDAQ","","6080","80","1.33","161354298880"
"119850","지엔씨에너지","KOSDAQ","","44900","3050","7.29","738556014100"
"120240","대정화금","KOSDAQ","","14700","-90","-0.61","105698747700"
"121440","골프존홀딩스","KOSDAQ","","7050","-810","-10.31","301999566900"
"121600","나노신소재","KOSDAQ","","47000","50","0.11","576322977000"
"121800","비덴트","KOSDAQ","","3320","0","0.00","256309348520"
"121850","코이즈","KOSDAQ","","325","-4","-1.22","1643524675"
"121890","에스디시스템","KOSDAQ","","2680","50","1.9","35621075280"
"122310","제노레이","KOSDAQ","","3360","-25","-0.74","48900915840"
"122350","삼기","KOSDAQ","","1730","81","4.91","66327210440"
"122450","KX","KOSDAQ","","2700","-65","-2.35","121013551800"
"122640","예스티","KOSDAQ","","27150","300","1.12","587833473750"
"122690","서진오토모티브","KOSDAQ","","1674","-12","-0.71","38634523884"
"122870","와이지엔터테인먼트","KOSDAQ","","41950","1300","3.2","784089505550"
"122990","와이솔","KOSDAQ","","6240","100","1.63","166227865440"
"123010","MSDI","KOSDAQ","","2355","5","0.21","47608131285"
"123040","엠에스오토텍","KOSDAQ","","1714","21","1.24","107344904486"
"123330","제닉","KOSDAQ","","31900","-1500","-4.49","254200892000"
"123410","코리아에프티","KOSDAQ","","5850","10","0.17","162870224400"
"123420","위메이드플레이","KOSDAQ","","6270","60","0.97","65214527070"
"123570","이엠넷","KOSDAQ","","1658","9","0.55","36933737324"
"123750","알톤","KOSDAQ","","1701","1","0.06","23506559559"
"123840","뉴온","KOSDAQ","","1655","-39","-2.3","25740297750"
"123860","아나패스","KOSDAQ","","13650","350","2.63","165484614750"
"124500","아이티센글로벌","KOSDAQ","","35650","2950","9.02","827241387550"
"124560","태웅로직스","KOSDAQ","","2000","-5","-0.25","77441622000"
"125020","티씨머티리얼즈","KOSDAQ","","6040","240","4.14","211632842000"
"125210","아모그린텍","KOSDAQ","","5460","40","0.74","90072473400"
"125490","한라캐스트","KOSDAQ","","10860","830","8.28","396415542720"
"126340","비나텍","KOSDAQ","","59400","2700","4.76","426516591600"
"126600","BGF에코머티리얼즈","KOSDAQ","","2960","-5","-0.17","185790021040"
"126640","화신정공","KOSDAQ","","4870","300","6.56","170722281700"
"126700","하이비젼시스템","KOSDAQ","","11500","-20","-0.17","171834288000"
"126730","코칩","KOSDAQ","","20000","240","1.21","175402520000"
"126880","제이엔케이글로벌","KOSDAQ","","2495","25","1.01","57804466885"
"127120","제이에스링크","KOSDAQ","","33600","3700","12.37","1230955051200"
"127710","아시아경제","KOSDAQ","","1025","21","2.09","45150440250"
"127980","화인써키트","KOSDAQ","","2800","85","3.13","33153915200"
"128540","에코캡","KOSDAQ","","1164","2","0.17","31067695440"
"128660","피제이메탈","KOSDAQ","","2985","-5","-0.17","74038056465"
"129890","앱코","KOSDAQ","","1014","10","1.00","46183240428"
"129920","대성하이텍","KOSDAQ","","5400","310","6.09","87742958400"
"130500","GH신소재","KOSDAQ","","1880","-7","-0.37","27344697760"
"130580","나이스디앤비","KOSDAQ","","5590","-30","-0.53","86086000000"
"130740","티피씨글로벌","KOSDAQ","","2125","45","2.16","23962942875"
"131030","옵투스제약","KOSDAQ","","5720","-70","-1.21","100938494800"
"131090","시큐브","KOSDAQ","","4215","40","0.96","32279401515"
"131100","티엔엔터테인먼트","KOSDAQ","","2250","70","3.21","14511024000"
"131180","딜리","KOSDAQ","","4180","50","1.21","24536600000"
"131220","대한과학","KOSDAQ","","3750","55","1.49","27954337500"
"131290","티에스이","KOSDAQ","","236500","12500","5.58","2616027958500"
"131370","알서포트","KOSDAQ","","1517","1","0.07","80806164911"
"131400","이브이첨단소재","KOSDAQ","","855","32","3.89","50951059110"
"131760","파인텍","KOSDAQ","","1448","31","2.19","12577785568"
"131970","두산테스나","KOSDAQ","","74300","-600","-0.8","1436013783400"
"133750","메가엠디","KOSDAQ","","1510","1","0.07","35344686270"
"134060","이퓨쳐","KOSDAQ","","5580","150","2.76","26612415000"
"134580","탑코미디어","KOSDAQ","","3560","220","6.59","175487170440"
"136150","원일티엔아이","KOSDAQ","","7480","140","1.91","62690104400"
"136410","아셈스","KOSDAQ","","4070","-10","-0.25","44847761420"
"136480","하림","KOSDAQ","","2650","10","0.38","281455710300"
"136540","윈스테크넷","KOSDAQ","","10850","50","0.46","133235244100"
"137080","나래나노텍","KOSDAQ","","6500","200","3.17","69614668500"
"137400","피엔티","KOSDAQ","","29450","250","0.86","697691939600"
"137940","넥스트아이","KOSDAQ","","2090","115","5.82","20507220030"
"137950","제이씨케미칼","KOSDAQ","","4000","180","4.71","89071256000"
"138070","신진에스엠","KOSDAQ","","1542","12","0.78","26989940568"
"138080","오이솔루션","KOSDAQ","","21300","900","4.41","263646245400"
"138360","앤로보틱스","KOSDAQ","","1730","39","2.31","152194905820"
"138610","나이벡","KOSDAQ","","15160","60","0.4","172335741880"
"139670","키네마스터","KOSDAQ","","2100","85","4.22","29649501000"
"140070","서플러스글로벌","KOSDAQ","","2020","22","1.1","74715760000"
"140410","메지온","KOSDAQ","","65000","0","0.00","1990408810000"
"140430","카티스","KOSDAQ","","1746","13","0.75","18663879222"
"140520","대창스틸","KOSDAQ","","2005","5","0.25","42324032215"
"140670","알에스오토메이션","KOSDAQ","","10290","300","3.00","132121953600"
"140860","파크시스템스","KOSDAQ","","262500","8500","3.35","1838148112500"
"141000","비아트론","KOSDAQ","","8840","110","1.26","107094036400"
"141080","리가켐바이오","KOSDAQ","","92000","3700","4.19","3405786456000"
"142210","유니트론텍","KOSDAQ","","6040","170","2.9","125338474120"
"142280","녹십자엠에스","KOSDAQ","","3215","80","2.55","77041144665"
"142760","모아라이프플러스","KOSDAQ","","520","-29","-5.28","10963414800"
"143160","아이디스","KOSDAQ","","16100","-20","-0.12","172533879000"
"143240","사람인","KOSDAQ","","16940","-60","-0.35","181812463140"
"143540","영우디에스피","KOSDAQ","","1046","46","4.6","46651490170"
"144510","지씨셀","KOSDAQ","","14760","0","0.00","233213077440"
"144960","뉴파워프라즈마","KOSDAQ","","8760","210","2.46","382747386240"
"145020","휴젤","KOSDAQ","","244000","3500","1.46","3053702212000"
"145170","노브랜드","KOSDAQ","","2750","10","0.36","46498113750"
"146060","율촌","KOSDAQ","","1069","9","0.85","25672671055"
"146320","비씨엔씨","KOSDAQ","","9440","80","0.85","120812393120"
"147760","피엠티","KOSDAQ","","3155","75","2.44","63100000000"
"147830","제룡산업","KOSDAQ","","6870","100","1.48","137400000000"
"148150","세경하이테크","KOSDAQ","","4165","95","2.33","148035836970"
"148250","알엔투테크놀로지","KOSDAQ","","1772","12","0.68","24118167488"
"148780","비큐AI","KOSDAQ","","3770","25","0.67","23710076650"
"148930","에이치와이티씨","KOSDAQ","","3290","45","1.39","33476450770"
"149950","아바텍","KOSDAQ","","9090","-260","-2.78","124239420270"
"149980","하이로닉","KOSDAQ","","4930","90","1.86","84791296780"
"150900","파수AI","KOSDAQ","","3545","95","2.75","41490403490"
"151860","KG에코솔루션","KOSDAQ","","5590","-60","-1.06","266100781180"
"153460","네이블","KOSDAQ","","5910","0","0.00","38592382740"
"153490","우리이앤엘하루틴","KOSDAQ","","2930","-65","-2.17","30167280000"
"153710","옵티팜","KOSDAQ","","4795","-20","-0.42","70342448610"
"153890","져스텍","KOSDAQ","","10910","110","1.02","131468827550"
"154030","아시아종묘","KOSDAQ","","1689","2","0.12","20372493363"
"154040","다산솔루에타","KOSDAQ","","1055","0","0.00","22804472770"
"155650","와이엠씨","KOSDAQ","","3140","40","1.29","59579484120"
"156100","엘앤케이바이오","KOSDAQ","","4240","380","9.84","94768888720"
"158430","아톤","KOSDAQ","","4850","370","8.26","118738146200"
"159010","아스플로","KOSDAQ","","25400","450","1.8","338702370600"
"159580","제로투세븐","KOSDAQ","","2195","20","0.92","43971636020"
"159910","에코글로우","KOSDAQ","","3185","-10","-0.31","33337703945"
"160190","하이젠알앤엠","KOSDAQ","","19180","2410","14.37","592431840000"
"160550","NEW","KOSDAQ","","998","-2","-0.2","27850293788"
"160980","싸이맥스","KOSDAQ","","23250","500","2.2","253988649750"
"161580","필옵틱스","KOSDAQ","","25800","700","2.79","604809972600"
"162300","신스틸","KOSDAQ","","2105","0","0.00","87297259110"
"163280","에어레인","KOSDAQ","","3550","0","0.00","48290926900"
"163730","핑거","KOSDAQ","","9570","450","4.93","114990411690"
"166090","하나머티리얼즈","KOSDAQ","","49900","350","0.71","986905932600"
"166480","코아스템켐온","KOSDAQ","","2285","100","4.58","120808809160"
"168330","내츄럴엔도텍","KOSDAQ","","2190","110","5.29","69543231000"
"168360","펨트론","KOSDAQ","","12740","370","2.99","285281176180"
"169330","엠브레인","KOSDAQ","","1318","-16","-1.2","24141697924"
"170030","현대공업","KOSDAQ","","4795","60","1.27","73555300000"
"170790","파이오링크","KOSDAQ","","8340","0","0.00","53353773900"
"170920","엘티씨","KOSDAQ","","35950","3200","9.77","379780329700"
"171010","램테크놀러지","KOSDAQ","","2650","15","0.57","37891692800"
"171090","선익시스템","KOSDAQ","","67200","2500","3.86","680576467200"
"171120","라이온켐텍","KOSDAQ","","2010","10","0.5","72162537600"
"172670","에이엘티","KOSDAQ","","9800","230","2.4","87810538200"
"173130","오파스넷","KOSDAQ","","5720","120","2.14","74625825560"
"173940","에프엔씨엔터","KOSDAQ","","2120","-40","-1.85","32632752960"
"174900","앱클론","KOSDAQ","","21600","1200","5.88","430965986400"
"175140","아고스","KOSDAQ","","2465","-15","-0.6","61487583645"
"175250","아이큐어","KOSDAQ","","2100","-10","-0.47","78872572800"
"176750","듀켐바이오","KOSDAQ","","6350","160","2.58","180903372000"
"177350","베셀","KOSDAQ","","1642","-110","-6.28","16281827342"
"177830","파버나인","KOSDAQ","","2280","0","0.00","25823264040"
"177900","쓰리에이로직스","KOSDAQ","","3840","35","0.92","36969984000"
"178320","서진시스템","KOSDAQ","","33650","450","1.36","2141847300050"
"178780","일월지엠엘","KOSDAQ","","2415","60","2.55","45013655925"
"179290","엠아이텍","KOSDAQ","","5100","-40","-0.78","165064957800"
"179530","애드바이오텍","KOSDAQ","","2515","0","0.00","68199866145"
"179900","유티아이","KOSDAQ","","2365","265","12.62","51011439435"
"180400","DXVX","KOSDAQ","","2325","40","1.75","228848429400"
"182360","큐브엔터","KOSDAQ","","5760","90","1.59","89536815360"
"182400","엔케이젠바이오텍코리아","KOSDAQ","","3670","0","0.00","265496721770"
"183300","코미코","KOSDAQ","","25100","800","3.29","1289218202500"
"183490","엔지켐생명과학","KOSDAQ","","990","0","0.00","83793832650"
"184230","SGA솔루션즈","KOSDAQ","","1845","25","1.37","34748641440"
"185490","아이진","KOSDAQ","","1990","50","2.58","86027270160"
"186230","그린플러스","KOSDAQ","","3515","-10","-0.28","38384460820"
"187220","디티앤씨","KOSDAQ","","1978","0","0.00","22796317474"
"187270","신화콘텍","KOSDAQ","","3155","-15","-0.47","32003830975"
"187420","HLB제넥스","KOSDAQ","","1969","35","1.81","64277900643"
"187660","페니트리움바이오","KOSDAQ","","5850","750","14.71","374202580050"
"187790","나노","KOSDAQ","","3060","200","6.99","94372939800"
"187870","디바이스","KOSDAQ","","10370","70","0.68","143756945640"
"188040","바이오포트","KOSDAQ","","5010","-60","-1.18","23443333080"
"188260","세니젠","KOSDAQ","","1999","-71","-3.43","27788734682"
"189300","인텔리안테크","KOSDAQ","","63100","2400","3.95","677536060700"
"189330","씨이랩","KOSDAQ","","11530","1130","10.87","108177734520"
"189690","포시에스","KOSDAQ","","1540","6","0.39","42075832260"
"189860","서전기전","KOSDAQ","","4195","35","0.84","40686382100"
"189980","흥국에프엔비","KOSDAQ","","1174","-5","-0.42","47121808898"
"190510","나무가","KOSDAQ","","13880","680","5.15","195504199960"
"190650","코리아에셋투자증권","KOSDAQ","","6810","20","0.29","43502280000"
"191410","육일씨엔에쓰","KOSDAQ","","1788","-40","-2.19","20033207940"
"191420","테고사이언스","KOSDAQ","","7580","30","0.4","61464961720"
"192250","케이사인","KOSDAQ","","7240","40","0.56","51165985000"
"192390","윈하이텍","KOSDAQ","","1779","-20","-1.11","21289730634"
"192410","오늘이엔엠","KOSDAQ","","5120","-50","-0.97","128951854080"
"192440","슈피겐코리아","KOSDAQ","","30400","700","2.36","188977435200"
"193250","링크드","KOSDAQ","","2250","-5","-0.22","30080099250"
"194480","데브시스터즈","KOSDAQ","","15860","460","2.99","193002719000"
"194700","노바렉스","KOSDAQ","","10470","-180","-1.69","191128258560"
"195500","마니커에프앤지","KOSDAQ","","1774","20","1.14","28344972000"
"195940","HK이노엔","KOSDAQ","","42050","300","0.72","1191271916550"
"195990","루트K","KOSDAQ","","1308","0","0.00","21304539192"
"196170","알테오젠","KOSDAQ","","288500","5500","1.94","20095505870500"
"196300","HLB펩","KOSDAQ","","4345","130","3.08","41251199715"
"196450","코아시아씨엠","KOSDAQ","","790","0","0.00","35802800000"
"196490","디에이테크놀로지","KOSDAQ","","6090","0","0.00","69131518050"
"196700","웹스","KOSDAQ","","1364","-14","-1.02","19592692416"
"197140","디지캡","KOSDAQ","","2450","70","2.94","31882227300"
"198080","캐프","KOSDAQ","","2150","10","0.47","46300647750"
"198440","강동씨앤엘","KOSDAQ","","1963","-132","-6.3","119609311848"
"198940","한주라이트메탈","KOSDAQ","","1299","3","0.23","25862778240"
"199430","케이엔알시스템","KOSDAQ","","19850","2750","16.08","222261303550"
"199480","뱅크웨어글로벌","KOSDAQ","","3940","60","1.55","40174556720"
"199550","레이저옵텍","KOSDAQ","","3555","310","9.55","52776787005"
"199730","바이오인프라","KOSDAQ","","1452","-58","-3.84","7063060884"
"199800","툴젠","KOSDAQ","","35600","2200","6.59","320315592400"
"199820","제일일렉트릭","KOSDAQ","","7260","200","2.83","161317200000"
"200130","콜마비앤에이치","KOSDAQ","","8750","-50","-0.57","251786132500"
"200230","텔콘RF제약","KOSDAQ","","2230","5","0.22","21145459870"
"200350","아티스트스튜디오","KOSDAQ","","2445","40","1.66","24440281125"
"200470","에이팩트","KOSDAQ","","6240","-140","-2.19","273458989440"
"200670","휴메딕스","KOSDAQ","","25850","650","2.58","290293690500"
"200710","에이디테크놀로지","KOSDAQ","","23300","800","3.56","313664763100"
"200780","비씨월드제약","KOSDAQ","","3020","-25","-0.82","32210296220"
"201490","미투온","KOSDAQ","","2615","0","0.00","85572543490"
"203400","에이비온","KOSDAQ","","676","0","0.00","60908481504"
"203450","유니온바이오메트릭스","KOSDAQ","","2520","15","0.6","35479097640"
"203650","드림시큐리티","KOSDAQ","","2025","53","2.69","205951580100"
"204020","그리티","KOSDAQ","","1877","-1","-0.05","36509211664"
"204270","제이앤티씨","KOSDAQ","","19130","730","3.97","1106641154580"
"204610","티쓰리","KOSDAQ","","3300","65","2.01","183896526000"
"204620","글로벌텍스프리","KOSDAQ","","5390","20","0.37","378827148700"
"204840","지엘팜텍","KOSDAQ","","5300","20","0.38","82201945300"
"205100","엑셈","KOSDAQ","","1343","31","2.36","90705379282"
"205470","휴마시스","KOSDAQ","","3310","95","2.95","81674253310"
"205500","넥써쓰","KOSDAQ","","1803","9","0.5","146737236135"
"206400","베노티앤알","KOSDAQ","","733","-2","-0.27","27494945814"
"206560","덱스터","KOSDAQ","","919","-1","-0.11","23353385384"
"206640","바디텍메드","KOSDAQ","","9760","-50","-0.51","213821308960"
"206650","유바이오로직스","KOSDAQ","","8790","100","1.15","323052778530"
"207760","미스터블루","KOSDAQ","","2515","-195","-7.2","41789129340"
"208140","정다운","KOSDAQ","","2290","-10","-0.43","74846923340"
"208350","지란지교시큐리티","KOSDAQ","","3140","85","2.78","25438929800"
"208370","셀바스헬스케어","KOSDAQ","","2455","20","0.82","63193084620"
"208640","썸에이지","KOSDAQ","","650","-1","-0.15","9050616250"
"208710","포톤","KOSDAQ","","2585","50","1.97","34070641220"
"208860","다산디엠씨","KOSDAQ","","1303","0","0.00","44236814819"
"209640","와이제이링크","KOSDAQ","","3070","150","5.14","87320458220"
"210120","캔버스엔","KOSDAQ","","1630","-20","-1.21","15802835330"
"211050","인카금융서비스","KOSDAQ","","10650","-460","-4.14","524657947050"
"211270","AP위성","KOSDAQ","","8130","380","4.9","122619131520"
"212560","네오오토","KOSDAQ","","9140","20","0.22","123265220720"
"212710","아이에스티이","KOSDAQ","","7130","130","1.86","69267793140"
"213420","덕산네오룩스","KOSDAQ","","32250","1200","3.86","800805522750"
"214150","클래시스","KOSDAQ","","31800","100","0.32","2074493956200"
"214180","헥토이노베이션","KOSDAQ","","15030","790","5.55","195290306010"
"214260","라파스","KOSDAQ","","7980","10","0.13","71201254740"
"214270","FSN","KOSDAQ","","1320","25","1.93","59732159520"
"214370","케어젠","KOSDAQ","","44500","650","1.48","2390317500000"
"214430","아이쓰리시스템","KOSDAQ","","59800","3100","5.47","436971457000"
"214450","파마리서치","KOSDAQ","","386500","5500","1.44","4015598952000"
"214610","롤링스톤","KOSDAQ","","2290","0","0.00","19197807380"
"214680","디알텍","KOSDAQ","","960","0","0.00","80137973760"
"215000","골프존","KOSDAQ","","36800","100","0.27","230935272000"
"215090","솔디펜스","KOSDAQ","","1265","6","0.48","29291911165"
"215100","로보로보","KOSDAQ","","4155","215","5.46","84547826370"
"215200","메가스터디교육","KOSDAQ","","35300","450","1.29","365892124800"
"215360","우리산업","KOSDAQ","","6470","40","0.62","59085094610"
"215380","콜마바이오텍","KOSDAQ","","2160","60","2.86","36351884160"
"215480","토박스코리아","KOSDAQ","","2095","118","5.97","22500300000"
"215600","신라젠","KOSDAQ","","2365","-45","-1.87","327679178860"
"215790","이노인스트루먼트","KOSDAQ","","642","17","2.72","25861781658"
"216050","인크로스","KOSDAQ","","5220","150","2.96","63676806840"
"216080","제테마","KOSDAQ","","6200","-220","-3.43","231180013800"
"217190","제너셈","KOSDAQ","","6040","100","1.68","79448716440"
"217270","넵튠","KOSDAQ","","2400","-10","-0.41","112165543200"
"217330","싸이토젠","KOSDAQ","","3015","0","0.00","69735584205"
"217480","에스디생명공학","KOSDAQ","","499","0","0.00","54756837359"
"217500","러셀","KOSDAQ","","1584","40","2.59","50390208000"
"217730","강스템바이오텍","KOSDAQ","","2265","85","3.9","213032647485"
"217820","원익피앤이","KOSDAQ","","2000","90","4.71","94909118000"
"218150","미래생명자원","KOSDAQ","","2070","-5","-0.24","42260710140"
"218410","RFHIC","KOSDAQ","","48300","1900","4.09","1283593848600"
"219130","타이거일렉","KOSDAQ","","60400","200","0.33","381383116000"
"219420","링크제니시스","KOSDAQ","","3230","25","0.78","37046507610"
"219550","디와이디","KOSDAQ","","1235","34","2.83","51103324350"
"219750","한국비티비","KOSDAQ","","1614","-29","-1.77","21119798478"
"220100","퓨쳐켐","KOSDAQ","","8130","270","3.44","182334924600"
"220180","폴라리스AI핸디","KOSDAQ","","1385","-29","-2.05","33144216170"
"220260","켐트로스","KOSDAQ","","3835","45","1.19","122996330925"
"221800","지구홀딩스","KOSDAQ","","4050","50","1.25","66091346550"
"221840","하이즈항공","KOSDAQ","","2040","25","1.24","38149144440"
"221980","케이디켐","KOSDAQ","","9360","20","0.21","37765728000"
"222040","코스맥스엔비티","KOSDAQ","","8580","330","4.00","176988240000"
"222080","SFA넥셀","KOSDAQ","","7550","10","0.13","587240087200"
"222110","팬젠","KOSDAQ","","4995","25","0.5","67504972455"
"222420","쎄노텍","KOSDAQ","","840","-7","-0.83","40671559320"
"222800","심텍","KOSDAQ","","117900","400","0.34","4477161481200"
"222980","한국맥널티","KOSDAQ","","2175","20","0.93","23993475525"
"223250","드림씨아이에스","KOSDAQ","","3395","95","2.88","83518507380"
"223310","사토시홀딩스","KOSDAQ","","3230","200","6.6","16810993660"
"224060","더코디","KOSDAQ","","3470","-190","-5.19","17907705340"
"224110","에이텍모빌리티","KOSDAQ","","8880","320","3.74","45113827680"
"225190","LK삼양","KOSDAQ","","821","0","0.00","57854589240"
"225220","제놀루션","KOSDAQ","","1368","16","1.18","26251948728"
"225430","케이엠제약","KOSDAQ","","710","-52","-6.82","4604829250"
"225530","HC보광산업","KOSDAQ","","2110","-5","-0.24","76674713970"
"225570","넥슨게임즈","KOSDAQ","","11600","420","3.76","763978018400"
"225590","패션플랫폼","KOSDAQ","","3225","5","0.16","16516437600"
"226330","신테카바이오","KOSDAQ","","1450","15","1.05","35174788750"
"226340","본느","KOSDAQ","","5740","40","0.7","48161378160"
"226400","오스테오닉","KOSDAQ","","4180","-65","-1.53","86365492180"
"226590","엠디바이스","KOSDAQ","","11780","330","2.88","126243715520"
"226950","올릭스","KOSDAQ","","95900","4100","4.47","2019927315000"
"227610","아우딘퓨쳐스","KOSDAQ","","1085","-3","-0.28","21021409535"
"227950","엔투텍","KOSDAQ","","1319","1","0.08","45516327671"
"228340","동양파일","KOSDAQ","","4110","160","4.05","82200000000"
"228670","레이","KOSDAQ","","4640","-155","-3.23","72569697440"
"228760","지노믹트리","KOSDAQ","","10660","150","1.43","264999093320"
"228850","레이언스","KOSDAQ","","7080","0","0.00","117464379120"
"229000","젠큐릭스","KOSDAQ","","1866","14","0.76","43716955890"
"230240","에치에프알","KOSDAQ","","11940","290","2.49","158909460000"
"232140","와이씨","KOSDAQ","","11730","-20","-0.17","962391955500"
"232680","라온로보틱스","KOSDAQ","","9400","240","2.62","124620500000"
"232830","아이티센피엔에스","KOSDAQ","","1916","71","3.85","31678619016"
"234030","싸이닉솔루션","KOSDAQ","","2970","20","0.68","70106850000"
"234100","폴라리스세원","KOSDAQ","","2840","40","1.43","41468646240"
"234300","에스트래픽","KOSDAQ","","3190","20","0.63","86792818200"
"234340","헥토파이낸셜","KOSDAQ","","25250","3000","13.48","352759064000"
"234690","녹십자웰빙","KOSDAQ","","10340","-410","-3.81","185740418600"
"234920","자이글","KOSDAQ","","5310","0","0.00","71849132100"
"235980","메드팩토","KOSDAQ","","2890","95","3.4","99055099690"
"236200","슈프리마","KOSDAQ","","52000","-1000","-1.89","362664172000"
"236810","엔비티","KOSDAQ","","1750","102","6.19","29706995500"
"237690","에스티팜","KOSDAQ","","101200","2200","2.22","2112715765600"
"237750","피앤씨테크","KOSDAQ","","3420","-80","-2.29","22218372000"
"237820","플레이디","KOSDAQ","","2325","50","2.2","29823100500"
"237880","클리오","KOSDAQ","","12370","-140","-1.12","223542636610"
"238090","앤디포스","KOSDAQ","","1764","58","3.4","53785136160"
"238120","얼라인드","KOSDAQ","","2865","-10","-0.35","40735355010"
"238200","비피도","KOSDAQ","","2745","-20","-0.72","22454100000"
"238490","힘스","KOSDAQ","","2525","0","0.00","28563395900"
"239340","이스트에이드","KOSDAQ","","504","0","0.00","13597735536"
"239610","에이치엘사이언스","KOSDAQ","","5330","10","0.19","28739972950"
"239890","피엔에이치테크","KOSDAQ","","3550","155","4.57","35271930250"
"240550","동방메디컬","KOSDAQ","","5980","130","2.22","125184961200"
"240600","유진테크놀로지","KOSDAQ","","1677","-34","-1.99","13918110570"
"240810","원익IPS","KOSDAQ","","114800","9800","9.33","5634831834800"
"241520","DSC인베스트먼트","KOSDAQ","","7990","240","3.1","212534000000"
"241690","유니테크노","KOSDAQ","","2660","-25","-0.93","65092077960"
"241710","코스메카코리아","KOSDAQ","","134500","300","0.22","1436460000000"
"241770","메카로","KOSDAQ","","37450","-400","-1.06","381714368000"
"241790","티이엠씨씨엔에스","KOSDAQ","","6160","0","0.00","61616225440"
"241820","피씨엘","KOSDAQ","","6040","0","0.00","16803871920"
"241840","에이스토리","KOSDAQ","","2465","30","1.23","23516085210"
"242040","나무에이엑스","KOSDAQ","","3030","55","1.85","104856979920"
"243070","휴온스","KOSDAQ","","21150","200","0.95","253369914750"
"243840","신흥에스이씨","KOSDAQ","","5640","0","0.00","217468445400"
"244460","올리패스","KOSDAQ","","1651","0","0.00","13415218661"
"245620","EDGC","KOSDAQ","","741","0","0.00","167118555474"
"246250","에스엘에스바이오","KOSDAQ","","1969","0","0.00","30220617614"
"246690","TS인베스트먼트","KOSDAQ","","2125","75","3.66","50528619750"
"246710","티앤알바이오팹","KOSDAQ","","2210","10","0.45","105338553840"
"246720","아스타","KOSDAQ","","6070","0","0.00","99434491000"
"246960","SCL사이언스","KOSDAQ","","2235","-20","-0.89","76028100045"
"247540","에코프로비엠","KOSDAQ","","106000","-500","-0.47","10370026004000"
"247660","나노씨엠에스","KOSDAQ","","4260","330","8.4","18505099200"
"250000","보라티알","KOSDAQ","","5750","-10","-0.17","38816714750"
"250060","모비스","KOSDAQ","","3000","185","6.57","96513942000"
"250930","예선테크","KOSDAQ","","1876","50","2.74","12381765088"
"251120","바이오에프디엔씨","KOSDAQ","","9000","130","1.47","78261300000"
"251370","와이엠티","KOSDAQ","","6980","250","3.71","125732226740"
"251630","브이원텍","KOSDAQ","","3490","80","2.35","55640672140"
"251970","펌텍코리아","KOSDAQ","","55300","-2200","-3.83","685720000000"
"252500","세화피앤씨","KOSDAQ","","2280","45","2.01","18917793840"
"252990","샘씨엔에스","KOSDAQ","","13660","620","4.75","822576363740"
"253450","스튜디오드래곤","KOSDAQ","","21650","450","2.12","650766481700"
"253590","네오셈","KOSDAQ","","11290","150","1.35","495282861560"
"253840","수젠텍","KOSDAQ","","4450","135","3.13","74507240000"
"254120","자비스","KOSDAQ","","1048","-10","-0.95","32230474960"
"254490","미래반도체","KOSDAQ","","15280","480","3.24","220612640000"
"255220","SG","KOSDAQ","","1132","-8","-0.7","124025657864"
"255440","야스","KOSDAQ","","7170","230","3.31","93625860000"
"256150","한독크린텍","KOSDAQ","","4800","10","0.21","40296000000"
"256630","포인트엔지니어링","KOSDAQ","","4340","5","0.12","50341456760"
"256840","한국비엔씨","KOSDAQ","","2660","40","1.53","181930396760"
"256940","킵스파마","KOSDAQ","","5620","160","2.93","112839186140"
"257370","피엔티엠에스","KOSDAQ","","1831","-29","-1.56","22896400491"
"257720","실리콘투","KOSDAQ","","48000","-500","-1.03","3147660096000"
"258610","케일럼","KOSDAQ","","1194","9","0.76","43563165222"
"258790","소프트캠프","KOSDAQ","","5520","130","2.41","27590373120"
"258830","세종메디칼","KOSDAQ","","412","0","0.00","31223976612"
"259630","엠플러스","KOSDAQ","","9430","170","1.84","115257194280"
"260660","알리코제약","KOSDAQ","","2460","-15","-0.61","37704471660"
"260930","씨티케이","KOSDAQ","","2460","-60","-2.38","47580313860"
"260970","에스앤디","KOSDAQ","","54000","100","0.19","156208716000"
"261200","덴티스","KOSDAQ","","2595","40","1.57","41026171500"
"261520","이지스","KOSDAQ","","4925","95","1.97","50618165000"
"261780","아리바이오랩","KOSDAQ","","2635","40","1.54","76298996760"
"262260","에이프로","KOSDAQ","","3380","-20","-0.59","50962490800"
"262840","아이퀘스트","KOSDAQ","","2730","10","0.37","28847778960"
"263020","디케이앤디","KOSDAQ","","3140","0","0.00","43445498440"
"263050","유틸렉스","KOSDAQ","","959","0","0.00","35324626904"
"263600","덕우전자","KOSDAQ","","3605","120","3.44","57428767550"
"263690","디알젬","KOSDAQ","","5080","-20","-0.39","57534098800"
"263700","케어랩스","KOSDAQ","","1910","18","0.95","37081122000"
"263720","디앤씨미디어","KOSDAQ","","7150","40","0.56","88750025650"
"263750","펄어비스","KOSDAQ","","34500","3550","11.47","2168114895000"
"263770","유에스티","KOSDAQ","","1648","29","1.79","39057883456"
"263800","데이타솔루션","KOSDAQ","","4745","135","2.93","76989428100"
"263810","상신전자","KOSDAQ","","2530","-5","-0.2","40289807250"
"263860","지니언스","KOSDAQ","","15320","-580","-3.65","139099472000"
"263920","휴엠앤씨","KOSDAQ","","3215","-40","-1.23","31536018590"
"264450","유비쿼스","KOSDAQ","","10230","-50","-0.49","150027993390"
"264660","씨앤지하이테크","KOSDAQ","","13050","250","1.95","126861294600"
"264850","이랜시스","KOSDAQ","","5630","320","6.03","170558665560"
"265520","AP시스템","KOSDAQ","","18830","370","2.00","283406959430"
"265560","영화테크","KOSDAQ","","6890","50","0.73","73655340200"
"265740","엔에프씨","KOSDAQ","","6680","-180","-2.62","119328848000"
"267320","나인테크","KOSDAQ","","2205","15","0.68","126600725475"
"267790","배럴","KOSDAQ","","3450","-35","-1.00","26528116050"
"267980","매일유업","KOSDAQ","","34350","100","0.29","263245965300"
"270520","앱튼","KOSDAQ","","3005","235","8.48","69592536570"
"270660","에브리봇","KOSDAQ","","14210","760","5.65","180333184430"
"270870","뉴트리","KOSDAQ","","3865","-5","-0.13","34765079790"
"271830","팸텍","KOSDAQ","","1004","-1","-0.1","29608162808"
"272110","케이엔제이","KOSDAQ","","24400","550","2.31","195819638000"
"272290","이녹스첨단소재","KOSDAQ","","20450","150","0.74","407722059050"
"273060","와이즈버즈","KOSDAQ","","864","0","0.00","42460657920"
"273640","와이엠텍","KOSDAQ","","5140","80","1.58","56365240000"
"274090","켄코아에어로스페이스","KOSDAQ","","9600","310","3.34","132232387200"
"274400","이노시뮬레이션","KOSDAQ","","2220","-10","-0.45","20172014460"
"275630","에스에스알","KOSDAQ","","4560","495","12.18","23957364480"
"276040","스코넥","KOSDAQ","","327","0","0.00","7073119545"
"276730","한울앤제주","KOSDAQ","","1309","-22","-1.65","30902845820"
"277070","린드먼아시아","KOSDAQ","","3120","-40","-1.27","42719040000"
"277410","인산가","KOSDAQ","","5590","-20","-0.36","21472028500"
"277810","레인보우로보틱스","KOSDAQ","","459000","22500","5.15","8904534822000"
"277880","티에스아이","KOSDAQ","","3575","0","0.00","70939482900"
"278280","천보","KOSDAQ","","39700","-150","-0.38","486445092500"
"278650","HLB바이오스텝","KOSDAQ","","2505","85","3.51","43668151980"
"279600","미디어젠","KOSDAQ","","3950","0","0.00","18504884950"
"281740","레이크머티리얼즈","KOSDAQ","","11060","60","0.55","726979860880"
"282620","기도산업","KOSDAQ","","13300","430","3.34","77947403100"
"282720","금양그린파워","KOSDAQ","","7360","100","1.38","89199520000"
"282880","코윈테크","KOSDAQ","","10300","350","3.52","120449044600"
"284620","카이노스메드","KOSDAQ","","1087","0","0.00","35965517911"
"285490","노바텍","KOSDAQ","","11690","120","1.04","123631464390"
"285800","진영","KOSDAQ","","733","0","0.00","13171211763"
"286750","나노실리칸첨단소재","KOSDAQ","","2595","35","1.37","41557440660"
"287840","인투셀","KOSDAQ","","18260","660","3.75","274300989600"
"288180","케이피항공산업","KOSDAQ","","7100","130","1.87","52492160200"
"288330","파라택시스코리아","KOSDAQ","","416","0","0.00","44129674368"
"288620","에스프리즘","KOSDAQ","","3655","15","0.41","25509399980"
"288980","모아데이타","KOSDAQ","","308","-14","-4.35","11205464732"
"289010","아이스크림에듀","KOSDAQ","","970","13","1.36","13526898320"
"289080","SV인베스트먼트","KOSDAQ","","2295","35","1.55","138017244735"
"289220","자이언트스텝","KOSDAQ","","1001","6","0.6","22334533221"
"289930","웨이비스","KOSDAQ","","6860","480","7.52","90202208600"
"290090","트윔","KOSDAQ","","4265","50","1.19","31734022520"
"290120","DH오토리드","KOSDAQ","","2245","-5","-0.22","35527522365"
"290270","휴네시온","KOSDAQ","","2850","65","2.33","27381865200"
"290520","신도기연","KOSDAQ","","1510","10","0.67","23761607640"
"290550","디케이티","KOSDAQ","","16800","2400","16.67","336020664000"
"290560","파라택시스이더리움","KOSDAQ","","1303","46","3.66","29138637190"
"290650","엘앤씨바이오","KOSDAQ","","47900","-700","-1.44","1291848821600"
"290660","다이나믹솔루션","KOSDAQ","","1777","84","4.96","76122926976"
"290670","대보마그네틱","KOSDAQ","","5820","-20","-0.34","45731581200"
"290690","아리바이오홀딩스","KOSDAQ","","4120","50","1.23","218192839240"
"290720","푸드나무","KOSDAQ","","2725","-55","-1.98","103956768925"
"290740","액트로","KOSDAQ","","11900","0","0.00","119773630900"
"291230","컴투스엔","KOSDAQ","","2535","0","0.00","60868470585"
"291650","츌립앤사이언스","KOSDAQ","","1655","-28","-1.66","50509972755"
"291810","핀텔","KOSDAQ","","1602","223","16.17","18212676624"
"293490","카카오게임즈","KOSDAQ","","9030","200","2.27","963909742950"
"293580","나우IB","KOSDAQ","","1446","18","1.26","137268707700"
"293780","압타바이오","KOSDAQ","","6460","-160","-2.42","181483396300"
"294090","이오플로우","KOSDAQ","","1490","0","0.00","62295566450"
"294140","레몬","KOSDAQ","","2280","70","3.17","56805785040"
"294570","쿠콘","KOSDAQ","","30550","3800","14.21","308302412600"
"294630","서남","KOSDAQ","","2865","135","4.95","75920147835"
"295310","에이치브이엠","KOSDAQ","","48450","6400","15.22","595897402800"
"296640","이노에이엑스","KOSDAQ","","6140","-60","-0.97","31794467280"
"297090","씨에스베어링","KOSDAQ","","4040","115","2.93","110170800000"
"297570","아틀라스링크","KOSDAQ","","869","0","0.00","30085838442"
"297890","HB솔루션","KOSDAQ","","1669","18","1.09","122072185466"
"298060","풍전약품","KOSDAQ","","2495","-25","-0.99","24045430265"
"298380","에이비엘바이오","KOSDAQ","","71400","3800","5.62","3997504858200"
"298540","더네이쳐홀딩스","KOSDAQ","","6780","30","0.44","98217697080"
"298830","슈어소프트테크","KOSDAQ","","4380","210","5.04","234148225620"
"299030","하나기술","KOSDAQ","","14120","70","0.5","112888129200"
"299170","더블유에스아이","KOSDAQ","","1227","7","0.57","50934350376"
"299660","셀리드","KOSDAQ","","2415","10","0.42","71249689455"
"300080","플리토","KOSDAQ","","8940","240","2.76","147558731940"
"300120","라온피플","KOSDAQ","","3325","105","3.26","32920169975"
"301300","바이브컴퍼니","KOSDAQ","","1838","-22","-1.18","24178360656"
"302430","이노메트리","KOSDAQ","","7230","20","0.28","71094093840"
"302550","리메드","KOSDAQ","","2755","105","3.96","83407660815"
"303030","지니틱스","KOSDAQ","","1559","87","5.91","14276505084"
"303360","프로티아","KOSDAQ","","5000","-240","-4.58","64398575000"
"303530","이노뎁","KOSDAQ","","3060","20","0.66","22458254940"
"303810","동국생명과학","KOSDAQ","","2280","-5","-0.22","72923839200"
"304100","솔트룩스","KOSDAQ","","15390","310","2.06","193819428450"
"304360","에스바이오메딕스","KOSDAQ","","19040","360","1.93","235812837120"
"304840","피플바이오","KOSDAQ","","561","0","0.00","13643890260"
"305090","마이크로디지탈","KOSDAQ","","538","0","0.00","10087410692"
"306040","에스제이그룹","KOSDAQ","","1750","-42","-2.34","16252327000"
"306620","지아이에스","KOSDAQ","","1822","22","1.22","87350659248"
"307180","아이엘","KOSDAQ","","5700","200","3.64","210419353200"
"307280","원바이오젠","KOSDAQ","","6070","-100","-1.62","43064385890"
"307750","국전","KOSDAQ","","2340","60","2.63","126327913920"
"307870","비투엔","KOSDAQ","","1342","25","1.9","99709640470"
"307930","컴퍼니케이","KOSDAQ","","5990","30","0.5","93503900000"
"308080","바이젠셀","KOSDAQ","","6580","320","5.11","134885130800"
"308100","형지글로벌","KOSDAQ","","360","-1","-0.28","9295199280"
"308430","셀비온","KOSDAQ","","12750","740","6.16","164541950250"
"309710","아이티켐","KOSDAQ","","21000","0","0.00","268443021000"
"309930","조이웍스앤코","KOSDAQ","","895","-31","-3.35","17234020655"
"309960","LB인베스트먼트","KOSDAQ","","4235","-45","-1.05","98325007165"
"310200","애니플러스","KOSDAQ","","2045","35","1.74","106672999620"
"310210","보로노이","KOSDAQ","","153000","5800","3.94","2834102844000"
"310870","디와이씨","KOSDAQ","","1547","202","15.02","33914265294"
"311320","지오엘리먼트","KOSDAQ","","9060","630","7.47","114287913600"
"311390","네오크레마","KOSDAQ","","2420","-10","-0.41","30622169380"
"311690","CJ 바이오사이언스","KOSDAQ","","3985","-5","-0.13","52065866070"
"312610","에이에프더블류","KOSDAQ","","279","-1","-0.36","5651671752"
"313760","캐리","KOSDAQ","","468","0","0.00","5244963048"
"314130","지놈앤컴퍼니","KOSDAQ","","3435","85","2.54","179648524875"
"314140","알피바이오","KOSDAQ","","6260","130","2.12","54251419860"
"314930","바이오다인","KOSDAQ","","6940","-100","-1.42","206562874820"
"315640","딥노이드","KOSDAQ","","1764","29","1.67","51812617248"
"317120","라닉스","KOSDAQ","","1462","23","1.6","22310120000"
"317240","TS트릴리온","KOSDAQ","","1105","2","0.18","32240265655"
"317330","덕산테코피아","KOSDAQ","","11910","-310","-2.54","243876115440"
"317530","에피소드컴퍼니","KOSDAQ","","2980","145","5.11","52134748360"
"317690","퀀타매트릭스","KOSDAQ","","2460","85","3.58","49532171340"
"317770","엑스페릭스","KOSDAQ","","2360","0","0.00","86480179840"
"317830","에스피시스템스","KOSDAQ","","4550","75","1.68","49020871900"
"317850","대모","KOSDAQ","","5810","40","0.69","48364880200"
"317870","엔바이오니아","KOSDAQ","","5170","60","1.17","45712597150"
"318000","KBG","KOSDAQ","","2830","5","0.18","24734831090"
"318010","팜스빌","KOSDAQ","","3740","55","1.49","29655724120"
"318020","포인트모바일","KOSDAQ","","2700","65","2.47","33213434400"
"318060","그래피","KOSDAQ","","18150","1080","6.33","203047262550"
"318160","셀바이오휴먼텍","KOSDAQ","","6420","-30","-0.47","59946833460"
"318410","비비씨","KOSDAQ","","6570","90","1.39","36497946510"
"319400","현대무벡스","KOSDAQ","","22050","850","4.01","2455841659950"
"319660","피에스케이","KOSDAQ","","126500","4100","3.35","3664289321000"
"320000","한울반도체","KOSDAQ","","10000","-80","-0.79","69136700000"
"321260","프로이천","KOSDAQ","","1649","30","1.85","46488746516"
"321370","센서뷰","KOSDAQ","","1116","48","4.49","78814432116"
"321550","티움바이오","KOSDAQ","","4370","15","0.34","131268135750"
"321820","아티스트컴퍼니","KOSDAQ","","2625","225","9.38","40927362000"
"322180","LS티라유텍","KOSDAQ","","4005","125","3.22","86091904530"
"322310","오로스테크놀로지","KOSDAQ","","12330","210","1.73","115489462860"
"322510","제이엘케이","KOSDAQ","","4700","20","0.43","120911692400"
"322780","코퍼스코리아","KOSDAQ","","1854","64","3.58","27826804656"
"323280","태성","KOSDAQ","","44850","1400","3.22","1369628403000"
"323350","다원넥스뷰","KOSDAQ","","7410","680","10.1","59359820520"
"323990","박셀바이오","KOSDAQ","","4580","90","2.00","106518640100"
"327260","RF머트리얼즈","KOSDAQ","","34050","250","0.74","612519967950"
"328130","루닛","KOSDAQ","","9000","440","5.14","670123620000"
"328380","솔트웨어","KOSDAQ","","3945","15","0.38","27033329475"
"330350","위더스제약","KOSDAQ","","7350","320","4.55","97017648000"
"330730","스톤브릿지벤처스","KOSDAQ","","4870","150","3.18","88720832100"
"330860","네패스아크","KOSDAQ","","23650","0","0.00","288152664250"
"331380","포커스에이아이","KOSDAQ","","1892","9","0.48","69173158472"
"331520","밸로프","KOSDAQ","","2405","-20","-0.82","23571852330"
"331740","아우토크립트","KOSDAQ","","6510","140","2.2","63478951410"
"331920","셀레믹스","KOSDAQ","","14470","170","1.19","161797100850"
"332290","누보","KOSDAQ","","897","0","0.00","35607533559"
"332370","아이디피","KOSDAQ","","5360","-140","-2.55","71147171360"
"332570","PS일렉트로닉스","KOSDAQ","","7620","270","3.67","355942110060"
"333050","이노테나","KOSDAQ","","5010","20","0.4","24671344200"
"333430","일승","KOSDAQ","","3840","80","2.13","117990708480"
"333620","엔시스","KOSDAQ","","5300","100","1.92","58288923000"
"334970","프레스티지바이오로직스","KOSDAQ","","1721","-32","-1.83","133812288277"
"335810","프리시젼바이오","KOSDAQ","","1557","20","1.3","34175380842"
"335870","윙스풋","KOSDAQ","","5060","-70","-1.36","16951475640"
"336060","웨이버스","KOSDAQ","","3025","0","0.00","29133896000"
"336570","원텍","KOSDAQ","","4905","45","0.93","437921568630"
"336680","탑런토탈솔루션","KOSDAQ","","2830","95","3.47","110781929140"
"337930","젝시믹스","KOSDAQ","","2645","40","1.54","78494276375"
"338220","뷰노","KOSDAQ","","5250","30","0.57","73509570750"
"338840","와이바이오로직스","KOSDAQ","","8680","220","2.6","133705530840"
"339950","아이비김영","KOSDAQ","","2620","25","0.96","117760236100"
"340360","다보링크","KOSDAQ","","1015","9","0.89","52843713580"
"340440","세림B&G","KOSDAQ","","782","2","0.26","22191880648"
"340450","지씨지놈","KOSDAQ","","5510","90","1.66","130315869430"
"340570","티앤엘","KOSDAQ","","29650","350","1.19","476479058000"
"340810","시선AI","KOSDAQ","","3900","75","1.96","54402979800"
"340930","성원에너텍","KOSDAQ","","806","0","0.00","55513882710"
"342870","오아","KOSDAQ","","3560","5","0.14","19402701320"
"344860","이노진","KOSDAQ","","1381","40","2.98","19927830000"
"347000","센코","KOSDAQ","","1900","17","0.9","71840607400"
"347700","스피어","KOSDAQ","","19520","940","5.06","1006282586240"
"347740","피엔케이피부임상연구센타","KOSDAQ","","1813","-19","-1.04","54409174288"
"347770","핌스","KOSDAQ","","938","90","10.61","21254800476"
"347850","디앤디파마텍","KOSDAQ","","49200","700","1.44","2255210362800"
"347860","알체라","KOSDAQ","","1270","35","2.83","53535131690"
"347890","엠엑스온","KOSDAQ","","4535","40","0.89","77154880140"
"348030","모비릭스","KOSDAQ","","2925","-35","-1.18","28091115000"
"348080","큐라티스","KOSDAQ","","2745","65","2.43","35212181985"
"348150","고바이오랩","KOSDAQ","","2910","75","2.65","56508966990"
"348210","넥스틴","KOSDAQ","","31250","1400","4.69","327406406250"
"348340","뉴로메카","KOSDAQ","","17240","1240","7.75","403561229760"
"348350","위드텍","KOSDAQ","","9490","70","0.74","92751464000"
"348370","엔켐","KOSDAQ","","20700","550","2.73","453557575800"
"351320","넥사다이내믹스","KOSDAQ","","3725","525","16.41","110627441450"
"351330","이삭엔지니어링","KOSDAQ","","3550","65","1.87","29424246000"
"351870","차이커뮤니케이션","KOSDAQ","","2350","-70","-2.89","26227508700"
"352090","스톰테크","KOSDAQ","","3685","-15","-0.41","99026997630"
"352480","씨앤씨인터내셔널","KOSDAQ","","21800","250","1.16","297131841800"
"352700","씨앤투스","KOSDAQ","","1451","4","0.28","38127780449"
"352770","셀레스트라","KOSDAQ","","5250","0","0.00","13610136750"
"352910","오비고","KOSDAQ","","4950","180","3.77","62557119900"
"352940","인바이오","KOSDAQ","","2045","35","1.74","22224507850"
"353190","휴럼","KOSDAQ","","2700","-15","-0.55","21264346800"
"353590","오토앤","KOSDAQ","","1693","-5","-0.29","21798340010"
"353810","이지바이오","KOSDAQ","","6320","30","0.48","209077734400"
"354200","엔젠바이오","KOSDAQ","","1524","-98","-6.04","13619352492"
"354320","알멕","KOSDAQ","","32300","5400","20.07","206441606300"
"355150","코스텍시스","KOSDAQ","","18350","380","2.11","143081372500"
"355390","크라우드웍스","KOSDAQ","","1323","23","1.77","21001757112"
"355690","에이텀","KOSDAQ","","4820","150","3.21","46129274980"
"356680","엑스게이트","KOSDAQ","","11430","670","6.23","326252113560"
"356860","티엘비","KOSDAQ","","37150","-500","-1.33","880501809000"
"356890","싸이버원","KOSDAQ","","2325","-15","-0.64","27792643125"
"357230","에이치피오","KOSDAQ","","2140","0","0.00","88368038640"
"357550","석경에이티","KOSDAQ","","32900","0","0.00","179469500000"
"357580","아모센스","KOSDAQ","","4955","255","5.43","58418270710"
"357780","솔브레인","KOSDAQ","","325000","5500","1.72","2528033950000"
"357880","SKAI","KOSDAQ","","1758","28","1.62","95252166960"
"358570","지아이이노베이션","KOSDAQ","","8090","470","6.17","521934488540"
"359090","씨엔알리서치","KOSDAQ","","1981","3","0.15","22769897283"
"360070","탑머티리얼","KOSDAQ","","8290","10","0.12","67912036470"
"360350","코셈","KOSDAQ","","5380","100","1.89","29256278600"
"361390","제노코","KOSDAQ","","12150","480","4.11","118297029150"
"361570","알비더블유","KOSDAQ","","1580","21","1.35","45414399780"
"361670","삼영에스앤씨","KOSDAQ","","3575","-65","-1.79","20261877350"
"362320","청담글로벌","KOSDAQ","","4440","-10","-0.22","91876551480"
"362990","드림인사이트","KOSDAQ","","1214","6","0.5","20395896836"
"363250","진시스템","KOSDAQ","","4040","10","0.25","34373863280"
"363260","모비데이즈","KOSDAQ","","916","0","0.00","29462012404"
"364950","에이아이코리아","KOSDAQ","","3410","5","0.15","28290877450"
"365270","큐라클","KOSDAQ","","10050","400","4.15","222677769600"
"365330","에스와이스틸텍","KOSDAQ","","1509","14","0.94","75708039000"
"365340","성일하이텍","KOSDAQ","","37200","300","0.81","480665478000"
"365590","하이딥","KOSDAQ","","783","0","0.00","28825792650"
"365660","레몬헬스케어","KOSDAQ","","4465","-35","-0.78","60079070935"
"365900","브이씨","KOSDAQ","","2440","-40","-1.61","17837132000"
"366030","나인앤컴퍼니","KOSDAQ","","4890","-5","-0.1","110777326500"
"367000","플래티어","KOSDAQ","","3545","95","2.75","29736193815"
"368600","아이씨에이치","KOSDAQ","","995","-38","-3.68","25666437925"
"368770","파이버프로","KOSDAQ","","11750","170","1.47","386037143750"
"368970","오에스피","KOSDAQ","","2585","25","0.98","29054671030"
"369370","블리츠웨이엔터테인먼트","KOSDAQ","","3630","0","0.00","36207006660"
"370090","퓨런티어","KOSDAQ","","6550","80","1.24","56047236500"
"371950","풍원정밀","KOSDAQ","","3250","0","0.00","74033927500"
"372170","윤성에프앤씨","KOSDAQ","","22150","1450","7.00","176735913200"
"372320","큐로셀","KOSDAQ","","24050","0","0.00","366213005600"
"372800","아이티아이즈","KOSDAQ","","3105","45","1.47","21850471845"
"373110","엑셀세라퓨틱스","KOSDAQ","","1106","-14","-1.25","19127599764"
"373160","데이원컴퍼니","KOSDAQ","","3000","-30","-0.99","41422407000"
"373170","엠아이큐브솔루션","KOSDAQ","","2080","-225","-9.76","31436683200"
"373200","엑스플러스","KOSDAQ","","1703","22","1.31","42648632611"
"376180","피코그램","KOSDAQ","","1409","-37","-2.56","26152502542"
"376270","HEM파마","KOSDAQ","","38800","650","1.7","280102903600"
"376290","씨유테크","KOSDAQ","","2915","-5","-0.17","51471612500"
"376300","디어유","KOSDAQ","","18060","250","1.4","428715612360"
"376900","로킷헬스케어","KOSDAQ","","25400","100","0.4","442195966000"
"376930","노을","KOSDAQ","","334","0","0.00","17131301882"
"376980","원티드랩","KOSDAQ","","3080","45","1.48","30080493520"
"377030","비트맥스","KOSDAQ","","1855","121","6.98","26511107210"
"377220","프롬바이오","KOSDAQ","","2835","-40","-1.39","16051770000"
"377330","이지트로닉스","KOSDAQ","","2685","-20","-0.74","21855776490"
"377450","리파인","KOSDAQ","","16960","200","1.19","293916800000"
"377460","큐에이드","KOSDAQ","","4080","0","0.00","253187202960"
"377480","마음AI","KOSDAQ","","9850","290","3.03","70036208750"
"378340","필에너지","KOSDAQ","","11630","460","4.12","251718347660"
"378800","샤페론","KOSDAQ","","510","0","0.00","23583945810"
"380540","옵티코어","KOSDAQ","","8450","0","0.00","206658126350"
"380550","뉴로핏","KOSDAQ","","7340","160","2.23","89539676440"
"381620","제닉스로보틱스","KOSDAQ","","5980","300","5.28","78445161600"
"382150","온코크로스","KOSDAQ","","3455","5","0.14","45075153070"
"382480","지아이텍","KOSDAQ","","1627","-1","-0.06","64034066780"
"382800","지앤비에스 에코","KOSDAQ","","4990","250","5.27","158836894590"
"382840","원준","KOSDAQ","","4990","60","1.22","76205189190"
"382900","범한퓨얼셀","KOSDAQ","","16990","550","3.35","148849390000"
"383310","에코프로에이치엔","KOSDAQ","","22950","650","2.91","481374689400"
"383930","디티앤씨알오","KOSDAQ","","1523","-15","-0.98","19470226944"
"384470","코어라인소프트","KOSDAQ","","2490","-5","-0.2","44687263080"
"386380","스카이랩스","KOSDAQ","","23500","13500","135.00","440906459500"
"387570","파인메딕스","KOSDAQ","","6650","-30","-0.45","37412235000"
"387690","레메디","KOSDAQ","","15750","460","3.01","120106208250"
"388050","지투파워","KOSDAQ","","9800","160","1.66","183352482600"
"388210","씨엠티엑스","KOSDAQ","","74800","6200","9.04","722151962400"
"388610","지에프씨생명과학","KOSDAQ","","5230","30","0.58","27851753090"
"388720","유일로보틱스","KOSDAQ","","65000","2500","4.00","765787425000"
"388790","라이콤","KOSDAQ","","4055","115","2.92","124140418800"
"388870","파로스아이바이오","KOSDAQ","","5160","80","1.57","66801009120"
"389020","자람테크놀로지","KOSDAQ","","21300","500","2.4","147078246600"
"389030","지니너스","KOSDAQ","","1688","-22","-1.29","66494153448"
"389140","포바이포","KOSDAQ","","5100","200","4.08","72775648500"
"389260","대명에너지","KOSDAQ","","13150","480","3.79","235599673750"
"389470","인벤티지랩","KOSDAQ","","26800","850","3.28","356646574400"
"389500","에스비비테크","KOSDAQ","","37750","3150","9.1","251546068000"
"389650","넥스트바이오메디컬","KOSDAQ","","31050","-50","-0.16","257009730300"
"389680","유디엠텍","KOSDAQ","","1964","143","7.85","16341841052"
"391710","코닉오토메이션","KOSDAQ","","1132","1","0.09","48246372040"
"393210","토마토시스템","KOSDAQ","","2295","-10","-0.43","35835378480"
"393890","더블유씨피","KOSDAQ","","10070","-30","-0.3","340800460080"
"393970","대진첨단소재","KOSDAQ","","2825","0","0.00","50428566500"
"394280","오픈엣지테크놀로지","KOSDAQ","","8410","130","1.57","221574317300"
"394420","리센스메디컬","KOSDAQ","","10250","490","5.02","112746935250"
"394800","쓰리빌리언","KOSDAQ","","4835","140","2.98","153862043755"
"396270","넥스트칩","KOSDAQ","","2045","145","7.63","67254796395"
"396300","HT로보틱스","KOSDAQ","","5670","20","0.35","150195465000"
"396470","워트","KOSDAQ","","6310","30","0.48","101717200000"
"397030","에이프릴바이오","KOSDAQ","","17800","1030","6.14","490546319600"
"397810","애드포러스","KOSDAQ","","6680","-340","-4.84","34473943600"
"398120","에스지헬스케어","KOSDAQ","","1818","85","4.9","21527866998"
"399720","가온칩스","KOSDAQ","","42100","1800","4.47","499257332400"
"402030","코난테크놀로지","KOSDAQ","","13760","450","3.38","172240634880"
"402490","그린리소스","KOSDAQ","","6310","150","2.44","106861219270"
"403490","우듬지팜","KOSDAQ","","2355","90","3.97","21634188660"
"403850","더핑크퐁컴퍼니","KOSDAQ","","12920","-160","-1.22","185415049200"
"403870","HPSP","KOSDAQ","","50800","600","1.2","4180840000000"
"405000","플라즈맵","KOSDAQ","","3500","-30","-0.85","18807362000"
"405100","큐알티","KOSDAQ","","13960","1230","9.66","171558641960"
"405920","나라셀라","KOSDAQ","","1798","-90","-4.77","23154780648"
"406820","뷰티스킨","KOSDAQ","","1916","10","0.52","27084876812"
"407400","꿈비","KOSDAQ","","2100","5","0.24","30732521400"
"408470","한패스","KOSDAQ","","5220","190","3.78","55185840000"
"408900","스튜디오미르","KOSDAQ","","1123","-77","-6.42","36781539267"
"408920","메쎄이상","KOSDAQ","","3150","-50","-1.56","136182233250"
"411080","샌즈랩","KOSDAQ","","4205","100","2.44","64200417790"
"412350","레이저쎌","KOSDAQ","","5150","-150","-2.83","75205671450"
"412540","제일엠앤에스","KOSDAQ","","3935","0","0.00","81063616775"
"413390","엠오티","KOSDAQ","","7010","210","3.09","81177061800"
"413630","씨피시스템","KOSDAQ","","4075","50","1.24","148479165375"
"413640","비아이매트릭스","KOSDAQ","","5930","400","7.23","42737154200"
"415380","스튜디오삼익","KOSDAQ","","2005","-25","-1.23","22943164875"
"416180","신성에스티","KOSDAQ","","25400","1150","4.74","229610361200"
"417010","나노팀","KOSDAQ","","6460","110","1.73","130315822880"
"417030","니어스랩","KOSDAQ","","31450","4350","16.05","181704136200"
"417180","핑거스토리","KOSDAQ","","4550","15","0.33","19606928250"
"417200","LS머트리얼즈","KOSDAQ","","10960","410","3.89","741473142640"
"417500","제이아이테크","KOSDAQ","","3545","85","2.46","116221917480"
"417790","트루엔","KOSDAQ","","7180","50","0.7","75163047380"
"417840","저스템","KOSDAQ","","15110","140","0.94","345556346910"
"417860","오브젠","KOSDAQ","","6870","30","0.44","32336444220"
"417970","모델솔루션","KOSDAQ","","10700","420","4.09","68444690000"
"418250","시큐레터","KOSDAQ","","6550","0","0.00","47629012750"
"418420","라온텍","KOSDAQ","","4070","50","1.24","125252451060"
"418470","KT밀리의서재","KOSDAQ","","9650","-40","-0.41","82659863850"
"418550","제이오","KOSDAQ","","4685","180","4.00","150002798005"
"418620","E8","KOSDAQ","","572","132","30.00","11354472844"
"419050","삼기에너지솔루션즈","KOSDAQ","","1689","88","5.5","96604449360"
"419080","엔젯","KOSDAQ","","5050","150","3.06","54902675850"
"419120","산돌","KOSDAQ","","2370","10","0.42","33708720930"
"419530","SAMG엔터","KOSDAQ","","18900","180","0.96","192918669300"
"419540","비스토스","KOSDAQ","","3275","-35","-1.06","19513278575"
"420570","제이투케이바이오","KOSDAQ","","9440","10","0.11","55200239520"
"420770","기가비스","KOSDAQ","","101200","1300","1.3","1282786709600"
"424760","벨로크","KOSDAQ","","2585","155","6.38","25990541280"
"424870","이뮨온시아","KOSDAQ","","2890","85","3.03","263965401010"
"424960","스마트레이더시스템","KOSDAQ","","3930","-10","-0.25","64786482300"
"424980","마이크로투나노","KOSDAQ","","8290","320","4.02","49067598100"
"425040","티이엠씨","KOSDAQ","","8380","180","2.2","183713885240"
"425420","티에프이","KOSDAQ","","52700","2000","3.94","650696438700"
"429270","시지트로닉스","KOSDAQ","","3405","5","0.15","21959631555"
"430690","한싹","KOSDAQ","","2580","155","6.39","28109884320"
"431190","케이쓰리아이","KOSDAQ","","3100","-40","-1.27","23207970200"
"432430","와이랩","KOSDAQ","","2065","-40","-1.9","34089680800"
"432470","케이엔에스","KOSDAQ","","9860","-120","-1.2","86487542160"
"432720","퀄리타스반도체","KOSDAQ","","8530","190","2.28","121019989160"
"432980","엠에프씨","KOSDAQ","","2535","40","1.6","21780065970"
"434480","모니터랩","KOSDAQ","","2665","180","7.24","32806949500"
"435570","에르코스","KOSDAQ","","7140","0","0.00","54385258620"
"437730","삼현","KOSDAQ","","32550","3050","10.34","1032081305850"
"438700","버넥트","KOSDAQ","","1708","4","0.23","19035472120"
"439090","마녀공장","KOSDAQ","","16010","220","1.39","262456092600"
"439580","블루엠텍","KOSDAQ","","2110","114","5.71","71416214170"
"439960","코스모로보틱스","KOSDAQ","","12650","400","3.27","410500418900"
"440110","파두","KOSDAQ","","67300","5800","9.43","3372472117100"
"440290","HB인베스트먼트","KOSDAQ","","1748","-1","-0.06","48081239640"
"440320","오픈놀","KOSDAQ","","2310","-80","-3.35","23053800000"
"441270","파인엠텍","KOSDAQ","","9350","130","1.41","394616114200"
"443250","레뷰코퍼레이션","KOSDAQ","","5900","-90","-1.5","63777920300"
"443670","에스피소프트","KOSDAQ","","4070","-50","-1.21","97722995480"
"444530","심플랫폼","KOSDAQ","","4465","5","0.11","28717924490"
"445090","에이직랜드","KOSDAQ","","20150","420","2.13","220152008700"
"445180","퓨릿","KOSDAQ","","8020","20","0.25","137857287760"
"445680","큐리옥스바이오시스템즈","KOSDAQ","","47650","-750","-1.55","820127355550"
"446540","메가터치","KOSDAQ","","7110","340","5.02","206752479210"
"446840","지슨","KOSDAQ","","3165","-210","-6.22","34867589640"
"448280","에코아이","KOSDAQ","","9560","120","1.27","283273593240"
"448710","코츠테크놀로지","KOSDAQ","","11260","130","1.17","59512387920"
"448900","한국피아이엠","KOSDAQ","","50200","4650","10.21","304937741400"
"450330","하스","KOSDAQ","","5020","30","0.6","41097951860"
"450520","인스웨이브","KOSDAQ","","1900","90","4.97","27938698200"
"450950","아스테라시스","KOSDAQ","","5130","30","0.59","193029546960"
"451220","아이엠티","KOSDAQ","","8310","250","3.1","65438017410"
"451250","삐아","KOSDAQ","","7500","20","0.27","76694077500"
"451760","컨텍","KOSDAQ","","6970","210","3.11","115059184780"
"452160","제이엔비","KOSDAQ","","3135","-55","-1.72","30150947145"
"452190","한빛레이저","KOSDAQ","","3735","-30","-0.8","89343280395"
"452200","민테크","KOSDAQ","","1598","4","0.25","38883814400"
"452280","한선엔지니어링","KOSDAQ","","10180","490","5.06","195941280600"
"452300","캡스톤파트너스","KOSDAQ","","2300","25","1.1","32589861500"
"452400","이닉스","KOSDAQ","","6210","110","1.8","56333567880"
"452430","사피엔반도체","KOSDAQ","","35000","4150","13.45","288939735000"
"452450","피아이이","KOSDAQ","","3845","345","9.86","138529582500"
"453450","그리드위즈","KOSDAQ","","12880","130","1.02","102302620000"
"453860","에이에스텍","KOSDAQ","","8300","20","0.24","53488710900"
"455180","케이지에이","KOSDAQ","","1273","17","1.35","18711898288"
"455900","엔젤로보틱스","KOSDAQ","","20500","970","4.97","315556110500"
"456010","아이씨티케이","KOSDAQ","","14870","220","1.5","215649944500"
"456070","이엔셀","KOSDAQ","","5550","150","2.78","61213819350"
"456160","지투지바이오","KOSDAQ","","37950","2050","5.71","631086716700"
"457370","한켐","KOSDAQ","","7900","390","5.19","63730358600"
"457550","우진엔텍","KOSDAQ","","12990","270","2.12","121053264420"
"457600","벡트","KOSDAQ","","5040","-230","-4.36","69085800000"
"458350","에스팀","KOSDAQ","","3330","-10","-0.3","28915056000"
"458650","성우","KOSDAQ","","7850","90","1.16","118108509500"
"458870","씨어스","KOSDAQ","","21350","650","3.14","818673478700"
"459100","위츠","KOSDAQ","","4050","-95","-2.29","54537705000"
"459510","나우로보틱스","KOSDAQ","","14760","1130","8.29","191560918320"
"459550","알트","KOSDAQ","","2535","-35","-1.36","63934629135"
"460470","아이빔테크놀로지","KOSDAQ","","2840","110","4.03","42939010800"
"460870","에스엠씨지","KOSDAQ","","2915","-5","-0.17","58513681160"
"460930","현대힘스","KOSDAQ","","13260","110","0.84","470871497460"
"460940","피앤에스로보틱스","KOSDAQ","","5010","150","3.09","67410952800"
"461030","아이엠비디엑스","KOSDAQ","","2910","-50","-1.69","41713444470"
"461300","아이스크림미디어","KOSDAQ","","19540","190","0.98","260545050820"
"462310","뉴키즈온","KOSDAQ","","3845","30","0.79","30370136225"
"462350","이노스페이스","KOSDAQ","","5770","190","3.41","195496670440"
"462510","라메디텍","KOSDAQ","","2665","55","2.11","23459901725"
"462860","더즌","KOSDAQ","","3375","10","0.3","242178265125"
"462980","아이지넷","KOSDAQ","","1504","-17","-1.12","27424593248"
"463020","뉴엔AI","KOSDAQ","","8420","220","2.68","75672224000"
"463480","모티브링크","KOSDAQ","","4000","90","2.3","49561432000"
"464080","에스오에스랩","KOSDAQ","","10160","790","8.43","183017861040"
"464280","티디에스팜","KOSDAQ","","5910","90","1.55","32682300000"
"464490","쿼드메디슨","KOSDAQ","","4895","-5","-0.1","56204943135"
"464500","아이언디바이스","KOSDAQ","","1744","35","2.05","24404250672"
"464580","닷밀","KOSDAQ","","1610","-6","-0.37","29633803290"
"465320","교보15호스팩","KOSDAQ","","2140","0","0.00","8153400000"
"465480","인스피언","KOSDAQ","","3400","-80","-2.3","34468424800"
"466100","클로봇","KOSDAQ","","24650","2000","8.83","627570241350"
"466410","사이냅소프트","KOSDAQ","","8810","-50","-0.56","44376172630"
"466690","키움히어로제1호스팩","KOSDAQ","","2010","0","0.00","10240950000"
"468530","프로티나","KOSDAQ","","30750","0","0.00","341483301000"
"468760","유진스팩10호","KOSDAQ","","2080","0","0.00","8819200000"
"469480","IBKS제24호스팩","KOSDAQ","","2130","0","0.00","9009900000"
"469610","이노테크","KOSDAQ","","15430","970","6.71","137988947000"
"469750","아이비젼웍스","KOSDAQ","","983","4","0.41","33870720823"
"469900","하나31호스팩","KOSDAQ","","2095","0","0.00","11742475000"
"471820","셀로맥스사이언스","KOSDAQ","","4055","-40","-0.98","45833174345"
"472220","신영스팩10호","KOSDAQ","","2110","0","0.00","9895900000"
"472230","에스케이증권제11호스팩","KOSDAQ","","2100","0","0.00","8725500000"
"472850","폰드그룹","KOSDAQ","","4915","-35","-0.71","282964669580"
"473000","에스케이증권제12호스팩","KOSDAQ","","2080","0","0.00","6884800000"
"473050","유안타제15호스팩","KOSDAQ","","2105","0","0.00","14756050000"
"473950","에스케이증권제13호스팩","KOSDAQ","","2055","0","0.00","9083100000"
"473980","노머스","KOSDAQ","","11880","740","6.64","129287093760"
"474170","루미르","KOSDAQ","","6270","60","0.97","111716953920"
"474490","유안타제16호스팩","KOSDAQ","","2080","0","0.00","11460800000"
"474610","RF시스템즈","KOSDAQ","","6670","-260","-3.75","96149517400"
"474650","링크솔루션","KOSDAQ","","25400","3200","14.41","146101612800"
"474660","신한제12호스팩","KOSDAQ","","2095","5","0.24","11564400000"
"474930","신한제13호스팩","KOSDAQ","","2100","0","0.00","7602000000"
"475040","스트라드비젼","KOSDAQ","","2810","20","0.72","151249154820"
"475230","엔알비","KOSDAQ","","9950","160","1.63","108441895850"
"475240","하나32호스팩","KOSDAQ","","2095","-5","-0.24","6704000000"
"475250","하나33호스팩","KOSDAQ","","2090","0","0.00","7733000000"
"475400","씨메스로보틱스","KOSDAQ","","17920","980","5.79","211579540480"
"475430","키스트론","KOSDAQ","","4170","125","3.09","74426618700"
"475460","미트박스","KOSDAQ","","8170","230","2.9","46132109250"
"475580","에이럭스","KOSDAQ","","7150","140","2.00","97418035000"
"475660","에스켐","KOSDAQ","","3300","25","0.76","26168455500"
"475830","오름테라퓨틱","KOSDAQ","","55900","1400","2.57","1214125081000"
"475960","토모큐브","KOSDAQ","","28100","850","3.12","378680489400"
"476040","오가노이드사이언스","KOSDAQ","","6630","80","1.22","43663588800"
"476060","온코닉테라퓨틱스","KOSDAQ","","16440","-670","-3.92","746504889600"
"476080","M83","KOSDAQ","","4010","85","2.17","32388770000"
"476830","알지노믹스","KOSDAQ","","28200","1800","6.82","791163295200"
"477340","에이치엠씨제7호스팩","KOSDAQ","","2060","0","0.00","15470600000"
"477380","미래에셋비전스팩4호","KOSDAQ","","2090","0","0.00","16929000000"
"477470","미래에셋비전스팩5호","KOSDAQ","","2080","-5","-0.24","11398400000"
"477760","DB금융스팩12호","KOSDAQ","","2070","10","0.49","12088800000"
"477850","마키나락스","KOSDAQ","","23300","350","1.53","413685348800"
"478110","이베스트스팩6호","KOSDAQ","","2055","0","0.00","10316100000"
"478340","나라스페이스테크놀로지","KOSDAQ","","10050","390","4.04","116279836650"
"478390","KB제29호스팩","KOSDAQ","","2070","-5","-0.24","12875400000"
"478440","미래에셋비전스팩6호","KOSDAQ","","2070","0","0.00","14345100000"
"478560","블랙야크아이앤씨","KOSDAQ","","3130","-10","-0.32","80848832740"
"479880","한국제15호스팩","KOSDAQ","","2065","-5","-0.24","14186550000"
"479960","위너스일렉","KOSDAQ","","6100","100","1.67","43468600000"
"481070","에이유브랜즈","KOSDAQ","","17360","-390","-2.2","248773140000"
"481890","엔에이치스팩31호","KOSDAQ","","2070","0","0.00","13134150000"
"482520","교보16호스팩","KOSDAQ","","2060","0","0.00","12566000000"
"482630","삼양엔씨켐","KOSDAQ","","12660","460","3.77","277105624800"
"482680","미래에셋비전스팩7호","KOSDAQ","","2055","0","0.00","16881825000"
"482690","대신밸런스제19호스팩","KOSDAQ","","2077","-3","-0.14","11662355000"
"483350","딜리셔스","KOSDAQ","","2900","120","4.32","64245034000"
"484120","도우인시스","KOSDAQ","","21500","550","2.63","235584573000"
"484130","하나34호스팩","KOSDAQ","","2030","0","0.00","9175600000"
"484590","삼양컴텍","KOSDAQ","","6810","290","4.45","280643164500"
"484810","티엑스알로보틱스","KOSDAQ","","13760","880","6.83","212604590400"
"486630","KB제30호스팩","KOSDAQ","","2055","0","0.00","10912050000"
"486990","노타","KOSDAQ","","18040","830","4.82","385919437200"
"487360","신한제14호스팩","KOSDAQ","","2035","0","0.00","11477400000"
"487400","케이앤에스아이앤씨","KOSDAQ","","7470","330","4.62","76648788540"
"487580","폴레드","KOSDAQ","","3085","20","0.65","77689126185"
"487720","키움제10호스팩","KOSDAQ","","2040","5","0.25","8629200000"
"487830","신한제15호스팩","KOSDAQ","","2050","0","0.00","8917500000"
"488060","유진스팩11호","KOSDAQ","","2040","0","0.00","9628800000"
"488280","에스투더블유","KOSDAQ","","9720","460","4.97","105223723920"
"488900","비츠로넥스텍","KOSDAQ","","9350","350","3.89","270929742050"
"489210","교보17호스팩","KOSDAQ","","2045","-10","-0.49","10593100000"
"489460","바이오비쥬","KOSDAQ","","11180","230","2.1","164941748660"
"489480","키움제11호스팩","KOSDAQ","","2160","30","1.41","14256000000"
"489500","엘케이켐","KOSDAQ","","20150","440","2.23","128783445700"
"489730","디비금융제13호스팩","KOSDAQ","","2045","-5","-0.24","12948940000"
"490470","세미파이브","KOSDAQ","","14490","340","2.4","493028625600"
"491000","리브스메드","KOSDAQ","","34500","1200","3.6","871306849500"
"492220","KB제31호스팩","KOSDAQ","","2035","5","0.25","12637350000"
"493280","아이엠바이오로직스","KOSDAQ","","14720","400","2.79","218394001280"
"493330","지에프아이","KOSDAQ","","13950","610","4.57","112151206350"
"493790","유안타제17호스팩","KOSDAQ","","2030","5","0.25","10779300000"
"494120","큐리오시스","KOSDAQ","","8570","330","4.00","130776177480"
"496070","신한제16호스팩","KOSDAQ","","2000","0","0.00","11240000000"
"498390","한화플러스제5호스팩","KOSDAQ","","2035","0","0.00","10093600000"
"900070","글로벌에스엠","KOSDAQ","","1007","9","0.9","27060087888"
"900100","파이온엑스","KOSDAQ","","2165","-185","-7.87","11422648250"
"900110","딥커머스","KOSDAQ","","1201","0","0.00","22142994331"
"900120","씨엑스아이","KOSDAQ","","1040","0","0.00","17336446400"
"900250","크리스탈신소재","KOSDAQ","","1154","8","0.7","41330511154"
"900260","로스웰","KOSDAQ","","1755","22","1.27","80782134030"
"900270","헝셩그룹","KOSDAQ","","3365","-165","-4.67","36046849120"
"900290","GRT","KOSDAQ","","3955","30","0.76","330284201520"
"900300","오가닉티코스메틱","KOSDAQ","","3630","-215","-5.59","74705752110"
"900310","컬러레이","KOSDAQ","","2170","-30","-1.36","27794086950"
"900340","윙입푸드","KOSDAQ","","1395","-31","-2.17","17552911140"
"950130","엑세스바이오","KOSDAQ","","2530","5","0.2","88989800020"
"950140","잉글우드랩","KOSDAQ","","8620","140","1.65","171261004920"
"950160","코오롱티슈진","KOSDAQ","","17100","190","1.12","1452989736000"
"950170","JTC","KOSDAQ","","4450","50","1.14","217040361750"
"950190","고스트스튜디오","KOSDAQ","","9400","-140","-1.47","122360354600"
"950200","소마젠","KOSDAQ","","3440","0","0.00","66172022320"
"950220","네오이뮨텍","KOSDAQ","","2575","185","7.74","88095488000"
"950250","테라뷰","KOSDAQ","","2230","-10","-0.45","79204540130"
"950260","인제니아테라퓨틱스(Reg.S)","KOSDAQ","","15580","-240","-1.52","770346977060"
