종목코드,종목명,시장구분,업종명,종가,대비,등락률,시가총액
"0001A0","덕양에너젠","KOSDAQ","","8800","-640","-6.78","224126865600"
"000250","삼천당제약","KOSDAQ","","160700","-6500","-3.89","3769615750400"
"000440","중앙에너비스","KOSDAQ","","13200","-350","-2.58","82198116000"
"0004V0","엔비알모션","KOSDAQ","","5910","-120","-1.99","65071369440"
"0004Y0","디비금융제14호스팩","KOSDAQ","","1993","-4","-0.2","10592795000"
"0007C0","아크릴","KOSDAQ","","17250","1570","10.01","138523089000"
"0007J0","인벤테라","KOSDAQ","","8770","-50","-0.57","68982311780"
"0008Z0","에스엔시스","KOSDAQ","","23800","-350","-1.45","224590223200"
"0009K0","에임드바이오","KOSDAQ","","22650","-1050","-4.43","1464801796650"
"001000","신라섬유","KOSDAQ","","2190","-120","-5.19","10633562520"
"0010F0","보원케미칼","KOSDAQ","","2345","35","1.52","26131744345"
"0010V0","제이피아이헬스케어","KOSDAQ","","8770","20","0.23","44774358000"
"0011A0","액스비스","KOSDAQ","","13100","1400","11.97","122271994000"
"0011T0","채비","KOSDAQ","","5120","-190","-3.58","240381905920"
"0013V0","삼진식품","KOSDAQ","","5290","60","1.15","52469690240"
"001540","안국약품","KOSDAQ","","10160","10","0.1","132510987200"
"0015G0","그린광학","KOSDAQ","","13920","-660","-4.53","162899370720"
"0015N0","아로마티카","KOSDAQ","","10590","490","4.85","133189603980"
"0015S0","페스카로","KOSDAQ","","7900","940","13.51","77947167000"
"0017J0","세미티에스","KOSDAQ","","2665","55","2.11","80352524265"
"001810","무림SP","KOSDAQ","","1189","2","0.17","26321487500"
"001840","이화공영","KOSDAQ","","2215","0","0.00","62588831935"
"002230","피에스텍","KOSDAQ","","5040","-100","-1.95","92842192800"
"002290","삼일기업공사","KOSDAQ","","3375","20","0.6","41850000000"
"002680","한탑","KOSDAQ","","2760","-75","-2.65","17838870840"
"002800","신신제약","KOSDAQ","","4560","-85","-1.83","69177480000"
"003100","선광","KOSDAQ","","20550","-200","-0.96","135630000000"
"003310","대주산업","KOSDAQ","","1689","-46","-2.65","59777679150"
"003380","하림지주","KOSDAQ","","11460","20","0.17","1283584416660"
"0037T0","KB제32호스팩","KOSDAQ","","1991","-2","-0.1","12603030000"
"003800","에이스침대","KOSDAQ","","32700","100","0.31","362643000000"
"0039P0","매드업","KOSDAQ","","9450","-220","-2.28","177729930000"
"0041B0","교보18호스팩","KOSDAQ","","2005","0","0.00","10105200000"
"0041J0","엘에스스팩1호","KOSDAQ","","1985","0","0.00","8158350000"
"0041L0","하나35호스팩","KOSDAQ","","1994","0","0.00","12023820000"
"0044K0","삼성스팩10호","KOSDAQ","","1992","-1","-0.05","14979840000"
"004590","한국가구","KOSDAQ","","5030","10","0.2","75450000000"
"004650","창해에탄올","KOSDAQ","","9350","10","0.11","85934774750"
"004780","대륙제관","KOSDAQ","","4230","25","0.59","67270531770"
"005160","동국산업","KOSDAQ","","2540","5","0.2","137780984280"
"005290","동진쎄미켐","KOSDAQ","","40800","-1650","-3.89","2079581140800"
"0054V0","엔에이치스팩32호","KOSDAQ","","2010","0","0.00","12495165000"
"005670","푸드웰","KOSDAQ","","6270","0","0.00","62700000000"
"005710","대원산업","KOSDAQ","","10570","140","1.34","211797432000"
"005860","한일사료","KOSDAQ","","2470","-20","-0.8","97327101950"
"005990","매일홀딩스","KOSDAQ","","11000","0","0.00","146281344000"
"006050","국영지앤엠","KOSDAQ","","5280","230","4.55","18424686720"
"006140","피제이전자","KOSDAQ","","4730","-20","-0.42","70311450000"
"006620","동구바이오제약","KOSDAQ","","3500","-5","-0.14","99627472000"
"006730","서부T&D","KOSDAQ","","11190","190","1.73","719258768370"
"0068Y0","비엔케이제3호스팩","KOSDAQ","","1977","1","0.05","8520870000"
"006910","보성파워텍","KOSDAQ","","7570","-70","-0.92","371912767680"
"006920","모헨즈","KOSDAQ","","3285","-100","-2.95","35872200000"
"0071M0","삼성스팩11호","KOSDAQ","","1985","-1","-0.05","11433600000"
"0072Z0","KB제33호스팩","KOSDAQ","","1965","-5","-0.25","15494025000"
"007330","푸른저축은행","KOSDAQ","","10090","-10","-0.1","152185452000"
"007370","진양제약","KOSDAQ","","3955","-5","-0.13","55902291585"
"007390","네이처셀","KOSDAQ","","25100","-400","-1.57","1617319905600"
"007530","와이엠","KOSDAQ","","1525","-5","-0.33","33937702275"
"007680","대원","KOSDAQ","","3310","-105","-3.07","43767262780"
"007720","소노스퀘어","KOSDAQ","","1185","5","0.42","23889706650"
"007770","한일화학","KOSDAQ","","8070","30","0.37","28325700000"
"007820","엠엑스로보틱스","KOSDAQ","","3615","15","0.42","84314159685"
"008290","원풍물산","KOSDAQ","","134","-2","-1.47","2726476426"
"0082N0","카나프테라퓨틱스","KOSDAQ","","13380","-170","-1.25","177961760400"
"008370","원풍","KOSDAQ","","4995","-65","-1.28","59940000000"
"008470","부스타","KOSDAQ","","1688","-10","-0.59","28374604800"
"008830","대동기어","KOSDAQ","","6400","-150","-2.29","122764262400"
"0088D0","메리츠제1호스팩","KOSDAQ","","2080","0","0.00","12053600000"
"0088M0","메쥬","KOSDAQ","","11800","-490","-3.99","116604650000"
"0091W0","신영스팩11호","KOSDAQ","","2020","-5","-0.25","12257360000"
"009300","삼아제약","KOSDAQ","","13950","50","0.36","88861500000"
"0093G0","미래에셋비전스팩8호","KOSDAQ","","1983","3","0.15","12691200000"
"009520","포스코엠텍","KOSDAQ","","12880","-160","-1.23","536358014640"
"009620","삼보산업","KOSDAQ","","870","0","0.00","15201551760"
"0096B0","삼성스팩12호","KOSDAQ","","1991","0","0.00","13100780000"
"0096D0","미래에셋비전스팩9호","KOSDAQ","","1982","7","0.35","10901000000"
"009730","이렘","KOSDAQ","","2520","579","29.83","20098267560"
"009780","엠에스씨","KOSDAQ","","6810","-10","-0.15","119856000000"
"0097F0","미래에셋비전스팩10호","KOSDAQ","","1984","5","0.25","12896000000"
"0098T0","교보19호스팩","KOSDAQ","","1982","-3","-0.15","10702800000"
"0099W0","미래에셋비전스팩11호","KOSDAQ","","1970","-10","-0.51","13790000000"
"0099X0","IBKS제25호스팩","KOSDAQ","","2180","0","0.00","13036400000"
"010170","대한광통신","KOSDAQ","","14150","-590","-4.00","2200122089000"
"0101C0","하나36호스팩","KOSDAQ","","1980","0","0.00","15325200000"
"010240","흥국","KOSDAQ","","5410","0","0.00","63329460000"
"010280","아이티센엔텍","KOSDAQ","","5180","30","0.58","67468241260"
"010470","오리콤","KOSDAQ","","4880","25","0.51","58438244000"
"0105P0","유진스팩12호","KOSDAQ","","1987","4","0.2","11246420000"
"011040","경동제약","KOSDAQ","","5080","-50","-0.97","156305331280"
"011080","형지I&C","KOSDAQ","","702","-9","-1.27","4981575924"
"011320","유니크","KOSDAQ","","3735","0","0.00","72162795825"
"011370","서한","KOSDAQ","","3875","25","0.65","78193520375"
"011560","세보엠이씨","KOSDAQ","","24050","100","0.42","242541171600"
"0115H0","삼성스팩13호","KOSDAQ","","1989","-1","-0.05","14619150000"
"0117P0","피스피스스튜디오","KOSDAQ","","5780","20","0.35","81896305580"
"012210","삼미금속","KOSDAQ","","12290","-340","-2.69","283303905910"
"012340","뉴인텍","KOSDAQ","","470","-35","-6.93","10361052710"
"012620","원일특강","KOSDAQ","","7010","-20","-0.28","30844000000"
"012700","리드코프","KOSDAQ","","2925","-50","-1.68","76034942100"
"012790","신일제약","KOSDAQ","","6040","-10","-0.17","72397946600"
"012860","모베이스전자","KOSDAQ","","2315","-20","-0.86","169535452955"
"0129K0","신한제18호스팩","KOSDAQ","","1975","2","0.1","11099500000"
"013030","하이록코리아","KOSDAQ","","34550","200","0.58","406589375200"
"0130D0","신한제17호스팩","KOSDAQ","","1970","0","0.00","10519800000"
"0130H0","엔에이치스팩33호","KOSDAQ","","1987","-1","-0.05","15299900000"
"013120","동원개발","KOSDAQ","","2160","10","0.47","196145496000"
"0131D0","키움히어로제2호스팩","KOSDAQ","","1962","-7","-0.36","12380220000"
"0132G0","교보20호스팩","KOSDAQ","","1992","0","0.00","11892240000"
"013310","아진산업","KOSDAQ","","2310","0","0.00","89643204420"
"0134X0","대신밸런스제20호스팩","KOSDAQ","","1975","-4","-0.2","13311500000"
"013720","청보","KOSDAQ","","2225","-15","-0.67","27068522300"
"013810","스페코","KOSDAQ","","1580","-11","-0.69","23155642600"
"013990","아가방컴퍼니","KOSDAQ","","4740","-55","-1.15","155886920640"
"014100","메디앙스","KOSDAQ","","1658","8","0.48","19564400000"
"014190","원익큐브","KOSDAQ","","1305","70","5.67","46190567655"
"014470","부방","KOSDAQ","","983","-20","-1.99","56079796120"
"014570","고려제약","KOSDAQ","","3390","-50","-1.45","37290000000"
"014620","성광벤드","KOSDAQ","","34300","-300","-0.87","910917585200"
"014940","오리엔탈정공","KOSDAQ","","4640","-10","-0.22","211461787040"
"014950","삼익제약","KOSDAQ","","7910","-390","-4.7","79634621080"
"014970","삼륭물산","KOSDAQ","","4670","80","1.74","69232750000"
"0155E0","해치텍","KOSDAQ","","13450","-170","-1.25","73802167500"
"0156T0","에이치엘지노믹스","KOSDAQ","","8880","-210","-2.31","69105589680"
"015710","코콤","KOSDAQ","","2920","-5","-0.17","51189060000"
"015750","성우하이텍","KOSDAQ","","6020","-200","-3.22","481600000000"
"016100","리더스코스메틱","KOSDAQ","","1240","7","0.57","23685108560"
"016250","SGC E&C","KOSDAQ","","11960","0","0.00","60242352560"
"0164H0","한국제16호스팩","KOSDAQ","","1949","-10","-0.51","13155750000"
"0165X0","메리츠제2호스팩","KOSDAQ","","1948","-2","-0.1","14103520000"
"016600","큐캐피탈","KOSDAQ","","2520","0","0.00","35183234520"
"016670","디모아","KOSDAQ","","2470","0","0.00","25179757980"
"016790","현대사료","KOSDAQ","","994","0","0.00","187340898626"
"016920","카스","KOSDAQ","","1125","-17","-1.49","28911073500"
"017000","신원종합개발","KOSDAQ","","2395","-5","-0.21","27944924665"
"017250","인터엠","KOSDAQ","","1047","-1","-0.1","22034603949"
"017480","삼현철강","KOSDAQ","","4865","-45","-0.92","75129659850"
"017510","세명전기","KOSDAQ","","7510","-60","-0.79","114497460000"
"017650","대림제지","KOSDAQ","","10850","60","0.56","95317250000"
"017890","한국알콜","KOSDAQ","","14690","-60","-0.41","303693803140"
"018000","유니슨","KOSDAQ","","1235","4","0.32","320480380740"
"018120","진로발효","KOSDAQ","","16640","40","0.24","110175436800"
"018290","브이티","KOSDAQ","","11730","-200","-1.68","409867759740"
"018310","삼목에스폼","KOSDAQ","","14480","190","1.33","212856000000"
"018620","우진비앤지","KOSDAQ","","2720","5","0.18","18857711040"
"018680","서울제약","KOSDAQ","","1956","0","0.00","22805627964"
"018700","졸스","KOSDAQ","","1382","-15","-1.07","23110163320"
"019010","베뉴지","KOSDAQ","","4980","105","2.15","240036000000"
"019210","와이지-원","KOSDAQ","","13220","180","1.38","491701084160"
"019540","일지테크","KOSDAQ","","5270","-20","-0.38","71216145000"
"019550","SBI인베스트먼트","KOSDAQ","","1024","-1","-0.1","82496485376"
"019570","GMI벤처","KOSDAQ","","2895","50","1.76","27632786580"
"019660","글로본","KOSDAQ","","1510","9","0.6","21055942830"
"019770","서연탑메탈","KOSDAQ","","3315","30","0.91","38619750000"
"0197V0","엔에이치스팩34호","KOSDAQ","","1931","-144","-6.94","17475550000"
"019990","에너토크","KOSDAQ","","5600","70","1.27","54634092800"
"020180","대신정보통신","KOSDAQ","","3970","0","0.00","30512558510"
"020400","대동금속","KOSDAQ","","2895","-55","-1.86","17582875140"
"020710","시공테크","KOSDAQ","","3710","40","1.09","74377968700"
"021040","대호특수강","KOSDAQ","","942","0","0.00","20445897108"
"021045","대호특수강우","KOSDAQ","","2515","-35","-1.37","2133957380"
"021080","에이티넘인베스트","KOSDAQ","","2160","0","0.00","103680000000"
"021320","KCC건설","KOSDAQ","","5790","40","0.7","123906000000"
"021650","한국큐빅","KOSDAQ","","1968","-17","-0.86","32177907984"
"021880","메이슨캐피탈","KOSDAQ","","1267","-24","-1.86","26883763480"
"0218L0","네오뷰","KOSDAQ","","12920","250","1.97","68168181000"
"022220","티케이지애강","KOSDAQ","","894","-1","-0.11","46304353626"
"023160","태광","KOSDAQ","","28300","500","1.8","732042948600"
"023410","유진기업","KOSDAQ","","3315","5","0.15","256285510845"
"023440","제이스코홀딩스","KOSDAQ","","521","0","0.00","46964378481"
"023600","삼보판지","KOSDAQ","","9160","-20","-0.22","146636028000"
"023760","한국캐피탈","KOSDAQ","","1410","5","0.36","222504751080"
"023770","플레이위드","KOSDAQ","","2640","-65","-2.4","23618746800"
"023790","동일스틸럭스","KOSDAQ","","1610","-16","-0.98","21042390880"
"023900","풍국주정","KOSDAQ","","7630","20","0.26","96138000000"
"023910","대한약품","KOSDAQ","","26650","-100","-0.37","159900000000"
"024060","흥구석유","KOSDAQ","","14610","100","0.69","219150000000"
"024120","KB오토시스","KOSDAQ","","3065","0","0.00","35247500000"
"024740","한일단조","KOSDAQ","","2330","-15","-0.64","76650124170"
"024800","유성티엔에스","KOSDAQ","","4740","45","0.96","166968253800"
"024830","세원물산","KOSDAQ","","8460","-100","-1.17","70641000000"
"024840","KBI메탈","KOSDAQ","","5340","-90","-1.66","231175200240"
"024850","HLB이노베이션","KOSDAQ","","16720","130","0.78","530919255680"
"024880","케이피에프","KOSDAQ","","3845","15","0.39","76675544280"
"024910","경창산업","KOSDAQ","","1561","-8","-0.51","55913466805"
"024940","PN풍년","KOSDAQ","","1969","49","2.55","19690000000"
"024950","삼천리자전거","KOSDAQ","","4685","325","7.45","58094000000"
"025320","시노펙스","KOSDAQ","","3850","-55","-1.41","355049899050"
"025440","DH오토웨어","KOSDAQ","","3330","0","0.00","32488292520"
"025550","한국선재","KOSDAQ","","2135","-10","-0.47","54472398540"
"025770","한국정보통신","KOSDAQ","","8240","60","0.73","308540793040"
"025870","신라에스지","KOSDAQ","","1055","150","16.57","4220000000"
"025880","케이씨피드","KOSDAQ","","2345","-25","-1.05","39198687010"
"025900","동화기업","KOSDAQ","","7200","-510","-6.61","364012452000"
"025950","동신건설","KOSDAQ","","10160","-30","-0.29","85344000000"
"025980","아난티","KOSDAQ","","5370","130","2.48","522506316300"
"026040","제이에스티나","KOSDAQ","","2290","5","0.22","37793679100"
"026150","특수건설","KOSDAQ","","3895","10","0.26","68342959245"
"026910","광진실업","KOSDAQ","","3525","-165","-4.47","27947349150"
"027040","서울전자통신","KOSDAQ","","1784","-15","-0.83","24829299896"
"027050","코리아나","KOSDAQ","","1330","16","1.22","53200000000"
"027360","아주IB투자","KOSDAQ","","3250","-50","-1.52","393722569500"
"027580","상보","KOSDAQ","","1611","1","0.06","19068206805"
"027710","팜스토리","KOSDAQ","","1149","1","0.09","128017673400"
"027830","대성창투","KOSDAQ","","890","-15","-1.66","48060000000"
"028080","휴맥스홀딩스","KOSDAQ","","5090","115","2.31","12879461140"
"028300","HLB","KOSDAQ","","31450","-200","-0.63","4189084113350"
"029480","광무","KOSDAQ","","1459","-34","-2.28","87130213588"
"030350","드래곤플라이","KOSDAQ","","973","0","0.00","15171092867"
"030520","한컴","KOSDAQ","","17080","-420","-2.4","412990027520"
"030530","원익홀딩스","KOSDAQ","","22350","-900","-3.87","1726268875350"
"030960","양지사","KOSDAQ","","4875","130","2.74","77902500000"
"031310","아이즈비전","KOSDAQ","","995","-4","-0.4","29597917745"
"031330","에스에이엠티","KOSDAQ","","8120","0","0.00","811959944040"
"031510","오스템","KOSDAQ","","1118","-20","-1.76","31304000000"
"031860","디에이치엑스컴퍼니","KOSDAQ","","6930","0","0.00","18714756060"
"031980","피에스케이홀딩스","KOSDAQ","","157000","2000","1.29","3385296015000"
"032080","아즈텍WB","KOSDAQ","","1037","-3","-0.29","22286197073"
"032190","다우데이타","KOSDAQ","","20450","470","2.35","783235000000"
"032280","삼일","KOSDAQ","","1351","-4","-0.3","21904560090"
"032300","한국파마","KOSDAQ","","7620","-50","-0.65","83109061620"
"032500","케이엠더블유","KOSDAQ","","15450","-320","-2.03","651861780450"
"032540","TJ미디어","KOSDAQ","","3825","15","0.39","79932604725"
"032580","피델릭스","KOSDAQ","","5080","-30","-0.59","168310885120"
"032620","GC메디아이","KOSDAQ","","3090","15","0.49","161289159510"
"032680","소프트센","KOSDAQ","","890","-15","-1.66","20519734090"
"032685","소프트센우","KOSDAQ","","6950","-350","-4.79","495965900"
"032750","삼진","KOSDAQ","","2975","-5","-0.17","26867587950"
"032790","엠젠솔루션","KOSDAQ","","1376","-132","-8.75","35335825856"
"032800","판타지오","KOSDAQ","","1491","1","0.07","22524572784"
"032820","우리기술","KOSDAQ","","14050","-550","-3.77","2427623798600"
"032850","비트컴퓨터","KOSDAQ","","3790","20","0.53","63002280470"
"032860","더라미","KOSDAQ","","2915","140","5.05","23550786380"
"032940","원익","KOSDAQ","","9600","-900","-8.57","174654537600"
"032960","동일기연","KOSDAQ","","2250","105","4.9","39584193750"
"033050","제이엠아이","KOSDAQ","","821","-2","-0.24","26140088288"
"033100","제룡전기","KOSDAQ","","46750","0","0.00","750917620750"
"033130","디지틀조선","KOSDAQ","","1773","-22","-1.23","65805368391"
"033160","엠케이전자","KOSDAQ","","13050","-50","-0.38","320560956900"
"033170","시그네틱스","KOSDAQ","","1793","58","3.34","30742173759"
"033200","모아텍","KOSDAQ","","2460","-5","-0.2","22643141340"
"033230","인성정보","KOSDAQ","","1029","12","1.18","51980326020"
"033290","로젠","KOSDAQ","","1520","0","0.00","85357577520"
"033310","엠투엔","KOSDAQ","","1469","15","1.03","58719537864"
"033320","제이씨현시스템","KOSDAQ","","3045","-25","-0.81","58203445440"
"033340","좋은사람들","KOSDAQ","","460","0","0.00","44597256680"
"033500","동성화인텍","KOSDAQ","","16790","-20","-0.12","503523604260"
"033540","파라텍","KOSDAQ","","2910","-65","-2.18","30407364060"
"033560","블루콤","KOSDAQ","","4630","125","2.77","79173000000"
"033640","네패스","KOSDAQ","","22400","-900","-3.86","516526124800"
"033790","피노","KOSDAQ","","7600","-200","-2.56","633246341200"
"033830","티비씨","KOSDAQ","","1751","17","0.98","33106384630"
"034810","해성산업","KOSDAQ","","6010","0","0.00","189796713520"
"03481K","해성산업1우","KOSDAQ","","6120","-10","-0.16","8430012360"
"034940","조아제약","KOSDAQ","","2725","-20","-0.73","16884004625"
"034950","한국기업평가","KOSDAQ","","103700","-200","-0.19","470851301800"
"035080","그래디언트","KOSDAQ","","12310","60","0.49","137553527990"
"035200","프럼파스트","KOSDAQ","","2845","0","0.00","26230845945"
"035290","골드앤에스","KOSDAQ","","668","-40","-5.65","3184788864"
"035460","기산텔레콤","KOSDAQ","","2340","10","0.43","34913595600"
"035600","KG이니시스","KOSDAQ","","10110","-80","-0.79","278575327740"
"035610","솔본","KOSDAQ","","5040","50","1.00","137823824880"
"035620","바른손이앤에이","KOSDAQ","","700","-14","-1.96","13026942600"
"035760","CJ ENM","KOSDAQ","","35000","850","2.49","767520390000"
"035810","이지홀딩스","KOSDAQ","","4610","-10","-0.22","297419612850"
"035890","서희건설","KOSDAQ","","2375","-5","-0.21","493022773000"
"035900","JYP Ent.","KOSDAQ","","39350","150","0.38","1398203560200"
"036000","예림당","KOSDAQ","","2900","0","0.00","66799403300"
"036010","아비코전자","KOSDAQ","","6910","-120","-1.71","91854173940"
"036030","케이티알파","KOSDAQ","","4680","-15","-0.32","229409579880"
"036090","위지트","KOSDAQ","","1298","0","0.00","55230567172"
"036120","서울평가정보","KOSDAQ","","1685","-4","-0.24","59219325000"
"036170","에이치엠넥스","KOSDAQ","","2340","15","0.65","143595564840"
"036190","금화피에스시","KOSDAQ","","34750","150","0.43","208500000000"
"036200","유니셈","KOSDAQ","","9010","-190","-2.07","276284649230"
"036220","오상헬스케어","KOSDAQ","","6410","50","0.79","91723356560"
"036480","대성미생물","KOSDAQ","","6140","-20","-0.32","23332000000"
"036540","SFA반도체","KOSDAQ","","7040","-70","-0.98","1157800533120"
"036560","KZ정밀","KOSDAQ","","12150","-110","-0.9","191362500000"
"036620","감성코퍼레이션","KOSDAQ","","3825","-25","-0.65","343725760800"
"036630","세종텔레콤","KOSDAQ","","9060","-790","-8.02","126840000000"
"036640","HRS","KOSDAQ","","4895","-15","-0.31","80056746000"
"036670","삼양케이씨아이","KOSDAQ","","5060","40","0.8","54446612000"
"036690","코맥스","KOSDAQ","","2885","0","0.00","125692107675"
"036710","심텍홀딩스","KOSDAQ","","4025","-115","-2.78","212631709850"
"036800","나이스정보통신","KOSDAQ","","7780","-100","-1.27","353990000000"
"036810","에프에스티","KOSDAQ","","26350","0","0.00","570471940150"
"036830","솔브레인홀딩스","KOSDAQ","","42150","-1950","-4.42","864242799150"
"036890","진성티이씨","KOSDAQ","","12680","-200","-1.55","279373659640"
"036930","주성엔지니어링","KOSDAQ","","209000","-12000","-5.43","9714554289000"
"037030","파워넷","KOSDAQ","","3250","0","0.00","82917224000"
"037070","파세코","KOSDAQ","","6020","-120","-1.95","120400000000"
"037230","한국팩키지","KOSDAQ","","1457","20","1.39","43419076439"
"037330","인지디스플레","KOSDAQ","","720","15","2.13","31597361280"
"037350","성도이엔지","KOSDAQ","","7330","-10","-0.14","111489300000"
"037370","EG","KOSDAQ","","3775","40","1.07","32559269300"
"037400","우리엔터프라이즈","KOSDAQ","","3810","0","0.00","19982188890"
"037440","희림","KOSDAQ","","4220","-25","-0.59","58752844500"
"037460","삼지전자","KOSDAQ","","30950","-200","-0.64","505058255900"
"037760","쎄니트","KOSDAQ","","2385","20","0.85","80691516585"
"037950","엘컴텍","KOSDAQ","","2890","-5","-0.17","48810663670"
"038010","제일테크노스","KOSDAQ","","5260","-60","-1.13","47340000000"
"038060","루멘스","KOSDAQ","","778","3","0.39","37424187682"
"038070","서린바이오","KOSDAQ","","4055","-75","-1.82","37714241180"
"038110","에코플라스틱","KOSDAQ","","2040","-30","-1.45","83985514800"
"038290","마크로젠","KOSDAQ","","12000","0","0.00","130096800000"
"038390","레드캡투어","KOSDAQ","","9980","-20","-0.2","166873803560"
"038460","바이오스마트","KOSDAQ","","2650","-40","-1.49","66977536300"
"038500","삼표시멘트","KOSDAQ","","7030","-210","-2.9","758651631180"
"038530","케이바이오랩스","KOSDAQ","","999","0","0.00","25864231878"
"038540","상상인","KOSDAQ","","1989","17","0.86","110048014557"
"038620","위즈코프","KOSDAQ","","1916","-11","-0.57","29019530988"
"038680","에스넷","KOSDAQ","","3770","-20","-0.53","75070660340"
"038870","에코심플렉스","KOSDAQ","","2005","20","1.01","28099972745"
"038880","아이에이","KOSDAQ","","3380","-10","-0.29","25398749740"
"038950","파인디지털","KOSDAQ","","3005","-15","-0.5","30683348825"
"039010","현대에이치티","KOSDAQ","","8120","-50","-0.61","70035000000"
"039020","이건홀딩스","KOSDAQ","","2615","-10","-0.38","59059014035"
"039030","이오테크닉스","KOSDAQ","","445500","-9500","-2.09","5488359525000"
"039200","오스코텍","KOSDAQ","","34900","-550","-1.55","1335210342400"
"039240","경남스틸","KOSDAQ","","1927","17","0.89","51989696908"
"039290","인포뱅크","KOSDAQ","","3930","0","0.00","34167333540"
"039310","세중","KOSDAQ","","1294","-28","-2.12","23449437098"
"039340","한국경제TV","KOSDAQ","","4985","0","0.00","109670000000"
"039420","케이엘넷","KOSDAQ","","2760","30","1.1","63333703440"
"039440","에스티아이","KOSDAQ","","19120","-600","-3.04","296494738640"
"039560","다산네트웍스","KOSDAQ","","2390","35","1.49","102503438520"
"039610","화성밸브","KOSDAQ","","6160","110","1.82","64128064000"
"039740","한국정보공학","KOSDAQ","","3080","-15","-0.48","24696662760"
"039830","오로라","KOSDAQ","","14090","-260","-1.81","151649120100"
"039840","디오","KOSDAQ","","11110","90","0.82","149049849080"
"039860","나노엔텍","KOSDAQ","","4115","-50","-1.2","156752913095"
"039980","폴라리스AI","KOSDAQ","","5100","-110","-2.11","73344191400"
"040160","누리플렉스","KOSDAQ","","6940","-130","-1.84","82470455940"
"040300","YTN","KOSDAQ","","1971","-1","-0.05","93971327580"
"040350","크레오에스지","KOSDAQ","","4315","-5","-0.12","85679485740"
"040420","정상제이엘에스","KOSDAQ","","5810","0","0.00","91086577120"
"040610","SG&G","KOSDAQ","","3155","-10","-0.32","53772551690"
"040910","아이씨디","KOSDAQ","","4360","-25","-0.57","79239839000"
"041020","폴라리스오피스","KOSDAQ","","3020","-50","-1.63","150045054860"
"041190","우리기술투자","KOSDAQ","","5560","-170","-2.97","443688000000"
"041440","현대에버다임","KOSDAQ","","6700","-90","-1.33","119539470400"
"041460","한국전자인증","KOSDAQ","","3475","5","0.14","66025000000"
"041510","에스엠","KOSDAQ","","84000","3100","3.83","1923153960000"
"041520","이엘씨","KOSDAQ","","11880","110","0.93","144802112400"
"041590","플래스크","KOSDAQ","","2370","0","0.00","116064014460"
"041830","인바디","KOSDAQ","","57600","-700","-1.2","776498803200"
"041910","폴라리스AI파마","KOSDAQ","","5460","-20","-0.36","72527091000"
"041920","메디아나","KOSDAQ","","8200","40","0.49","152505428600"
"041930","SY동아","KOSDAQ","","5050","-110","-2.13","76760000000"
"041960","코미팜","KOSDAQ","","9410","130","1.4","702157271410"
"042000","카페24","KOSDAQ","","15500","-10","-0.06","374761619500"
"042040","케이피엠테크","KOSDAQ","","4670","10","0.21","40493527970"
"042110","에스씨디","KOSDAQ","","1013","-12","-1.17","48957848332"
"042370","비츠로테크","KOSDAQ","","8740","100","1.16","228988218500"
"042420","네오위즈홀딩스","KOSDAQ","","24000","0","0.00","195414792000"
"042500","링네트","KOSDAQ","","4270","-25","-0.58","95183184880"
"042510","라온시큐어","KOSDAQ","","9380","580","6.59","104172666640"
"042520","한스바이오메드","KOSDAQ","","19730","-370","-1.84","281376770910"
"042600","새로닉스","KOSDAQ","","12250","-380","-3.01","152188781500"
"042940","상지건설","KOSDAQ","","5930","10","0.17","40494262160"
"043100","알파AI","KOSDAQ","","520","0","0.00","10457241600"
"043150","바텍","KOSDAQ","","17730","-160","-0.89","263365958880"
"043200","파루","KOSDAQ","","1180","-15","-1.26","24664545260"
"043220","티에스넥스젠","KOSDAQ","","1710","0","0.00","28191099330"
"043260","성호전자","KOSDAQ","","17480","-1080","-5.82","1283618488960"
"043340","에쎈테크","KOSDAQ","","814","-5","-0.61","38665000000"
"043360","디지아이","KOSDAQ","","2460","-80","-3.15","22140000000"
"043370","피에이치에이","KOSDAQ","","11550","140","1.23","242550000000"
"043590","웰킵스하이텍","KOSDAQ","","1513","3","0.2","20528960453"
"043610","KT지니뮤직","KOSDAQ","","1188","6","0.51","69041140344"
"043650","국순당","KOSDAQ","","3670","-55","-1.48","65539975680"
"043710","코스리거글로벌","KOSDAQ","","3165","-60","-1.86","54794068830"
"043910","자연과환경","KOSDAQ","","3410","-10","-0.29","38666484450"
"044180","KD","KOSDAQ","","205","0","0.00","5477148795"
"044340","위닉스","KOSDAQ","","3080","-75","-2.38","55050149000"
"044480","빌리언스","KOSDAQ","","3545","-220","-5.84","23574898735"
"044490","태웅","KOSDAQ","","39350","2450","6.64","787290442350"
"044780","에이치케이","KOSDAQ","","1389","-8","-0.57","25704538143"
"044960","이글벳","KOSDAQ","","3145","10","0.32","39758722035"
"044990","에이치엔에스하이텍","KOSDAQ","","10900","40","0.37","83771132500"
"045060","오공","KOSDAQ","","2095","0","0.00","35493435530"
"045100","한양이엔지","KOSDAQ","","29750","-800","-2.62","520625000000"
"045300","성우테크론","KOSDAQ","","2715","35","1.31","28635137580"
"045340","토탈소프트","KOSDAQ","","6860","10","0.15","58708154400"
"045390","대아티아이","KOSDAQ","","3395","-35","-1.02","239257114915"
"045510","정원엔시스","KOSDAQ","","1112","8","0.72","35005712184"
"045520","크린앤사이언스","KOSDAQ","","2965","35","1.19","19272500000"
"045660","에이텍","KOSDAQ","","9030","-300","-3.22","74587800000"
"045970","코아시아","KOSDAQ","","3205","30","0.94","84339177580"
"046070","코다코","KOSDAQ","","452","42","10.24","6373008352"
"046120","오르비텍","KOSDAQ","","6070","-210","-3.34","205502478310"
"046210","HLB파나진","KOSDAQ","","1174","26","2.26","53449825040"
"046310","백금T&A","KOSDAQ","","2240","5","0.22","36777755840"
"046390","삼화네트웍스","KOSDAQ","","2040","-65","-3.09","35229112920"
"046440","KG파이낸셜","KOSDAQ","","4195","-25","-0.59","152070369270"
"046890","서울반도체","KOSDAQ","","9830","-220","-2.19","573142082000"
"046940","우원개발","KOSDAQ","","2895","-10","-0.34","52325243250"
"046970","우리로","KOSDAQ","","7190","490","7.31","315101742810"
"047080","한빛소프트","KOSDAQ","","1086","-1","-0.09","26957085132"
"047310","파워로직스","KOSDAQ","","2990","-70","-2.29","109466157450"
"047560","이스트소프트","KOSDAQ","","7830","0","0.00","92026632060"
"047770","코데즈컴바인","KOSDAQ","","3750","40","1.08","141909757500"
"047820","초록뱀미디어","KOSDAQ","","3185","-45","-1.39","77885767050"
"047920","HLB제약","KOSDAQ","","6630","30","0.45","217459730280"
"048410","현대바이오","KOSDAQ","","6700","-530","-7.33","646587332400"
"048430","유라테크","KOSDAQ","","6240","-110","-1.73","71884800000"
"048470","대동스틸","KOSDAQ","","2885","-10","-0.35","27840250000"
"048530","인트론바이오","KOSDAQ","","2695","20","0.75","83253287810"
"048550","SM C&C","KOSDAQ","","1060","-28","-2.57","102517497200"
"048770","TPC로보틱스","KOSDAQ","","4180","-310","-6.9","65617602380"
"048830","엔피케이","KOSDAQ","","1020","6","0.59","19098401460"
"048870","시너지이노베이션","KOSDAQ","","1574","0","0.00","138680359762"
"048910","대원미디어","KOSDAQ","","6400","-110","-1.69","80505254400"
"049070","인탑스","KOSDAQ","","18740","190","1.02","295010702000"
"049080","기가레인","KOSDAQ","","8220","-200","-2.38","69774105480"
"049120","파인디앤씨","KOSDAQ","","3000","-45","-1.48","31804989000"
"049180","셀루메드","KOSDAQ","","1009","0","0.00","83975227728"
"049430","코메론","KOSDAQ","","22700","-650","-2.78","205389600000"
"049470","비트플래닛","KOSDAQ","","2300","-70","-2.95","54153267700"
"049480","오픈베이스","KOSDAQ","","1876","52","2.85","58948390508"
"049520","유아이엘","KOSDAQ","","3880","5","0.13","119669385000"
"049550","잉크테크","KOSDAQ","","3455","-20","-0.58","67739687035"
"049630","재영솔루텍","KOSDAQ","","6990","-40","-0.57","163322321610"
"049720","고려신용정보","KOSDAQ","","9050","0","0.00","129415000000"
"049830","승일","KOSDAQ","","6350","10","0.16","38938911200"
"049950","미래컴퍼니","KOSDAQ","","10630","-150","-1.39","93734106920"
"049960","쎌바이오텍","KOSDAQ","","15300","30","0.2","143820000000"
"050090","비케이홀딩스","KOSDAQ","","898","15","1.7","21134192030"
"050110","캠시스","KOSDAQ","","1079","0","0.00","31533584017"
"050120","ES큐브","KOSDAQ","","3195","-25","-0.78","43337254770"
"050760","에스폴리텍","KOSDAQ","","1195","-28","-2.29","19519940210"
"050860","아세아텍","KOSDAQ","","1700","-6","-0.35","38250000000"
"050890","쏠리드","KOSDAQ","","8600","-280","-3.15","522506192400"
"050960","수산아이앤티","KOSDAQ","","8830","100","1.15","59611330000"
"051160","지어소프트","KOSDAQ","","10040","30","0.3","155363277200"
"051360","토비스","KOSDAQ","","11720","70","0.6","113000348960"
"051370","인터플렉스","KOSDAQ","","6120","-90","-1.45","142764128640"
"051380","피씨디렉트","KOSDAQ","","1595","6","0.38","24467414840"
"051390","YW","KOSDAQ","","4015","-50","-1.23","45591802520"
"051490","나라엠앤디","KOSDAQ","","2720","20","0.74","38624000000"
"051500","CJ프레시웨이","KOSDAQ","","22850","-450","-1.93","271265740100"
"051780","큐로홀딩스","KOSDAQ","","2605","-30","-1.14","19798062520"
"051980","중앙첨단소재","KOSDAQ","","1035","0","0.00","114979918815"
"052020","에스티큐브","KOSDAQ","","7850","-250","-3.09","533668834350"
"052220","iMBC","KOSDAQ","","1766","-24","-1.34","40618000000"
"052260","현대바이오랜드","KOSDAQ","","3980","55","1.4","119400000000"
"052300","오션인더블유","KOSDAQ","","1459","28","1.96","23700182752"
"052330","코텍","KOSDAQ","","11470","-30","-0.26","203725425830"
"052400","코나아이","KOSDAQ","","35000","-1000","-2.78","509715185000"
"052420","오성첨단소재","KOSDAQ","","9600","-130","-1.34","93523286400"
"052460","아이크래프트","KOSDAQ","","5620","630","12.63","82096600320"
"052600","한네트","KOSDAQ","","2970","0","0.00","34344189000"
"052710","아모텍","KOSDAQ","","15130","3490","29.98","282640504000"
"052770","아이톡시","KOSDAQ","","312","0","0.00","4545457488"
"052790","액토즈소프트","KOSDAQ","","4135","40","0.98","45173001845"
"052860","아이앤씨","KOSDAQ","","7010","-150","-2.09","125246646540"
"052900","KX하이텍","KOSDAQ","","980","-14","-1.41","75134728200"
"053030","바이넥스","KOSDAQ","","6570","50","0.77","214735115160"
"053050","지에스이","KOSDAQ","","1988","-77","-3.73","59615342836"
"053060","세동","KOSDAQ","","1261","4","0.32","22266005359"
"053080","케이엔솔","KOSDAQ","","8950","-130","-1.43","116348272650"
"053160","프리엠스","KOSDAQ","","10260","-230","-2.19","61560000000"
"053260","금강철강","KOSDAQ","","7870","180","2.34","147326400000"
"053270","구영테크","KOSDAQ","","1999","-31","-1.53","54793399595"
"053280","예스24","KOSDAQ","","2940","-15","-0.51","73500000000"
"053290","NE능률","KOSDAQ","","1606","13","0.82","26541249042"
"053300","한국정보인증","KOSDAQ","","5130","100","1.99","202969198980"
"053350","이니텍","KOSDAQ","","4280","50","1.18","94250158200"
"053450","세코닉스","KOSDAQ","","3045","25","0.83","45044085135"
"053580","웹케시","KOSDAQ","","7050","50","0.71","91328773800"
"053610","프로텍","KOSDAQ","","62000","-900","-1.43","558000000000"
"053620","태양","KOSDAQ","","6830","-80","-1.16","58738000000"
"053700","삼보모터스","KOSDAQ","","4000","-10","-0.25","106863028000"
"053800","안랩","KOSDAQ","","59300","2200","3.85","659801805800"
"053950","경남제약","KOSDAQ","","2205","175","8.62","43261326045"
"053980","오상자이엘","KOSDAQ","","2390","-20","-0.83","45368851370"
"054040","한국컴퓨터","KOSDAQ","","4495","-5","-0.11","72240448550"
"054050","NH농우바이오","KOSDAQ","","7010","-20","-0.28","112374232610"
"054090","삼진엘앤디","KOSDAQ","","1051","-9","-0.85","26232152832"
"054180","메디콕스","KOSDAQ","","2295","0","0.00","12686716395"
"054210","이랜텍","KOSDAQ","","6890","-200","-2.82","174256436900"
"054220","비츠로시스","KOSDAQ","","1597","-66","-3.97","20107213752"
"054300","팬스타엔터프라이즈","KOSDAQ","","1132","5","0.44","65849509740"
"054410","케이피티유","KOSDAQ","","3410","45","1.34","19527174040"
"054450","텔레칩스","KOSDAQ","","9380","-110","-1.16","142052905540"
"054540","삼영엠텍","KOSDAQ","","6790","60","0.89","88270000000"
"054620","APS","KOSDAQ","","3870","30","0.78","71185635270"
"054670","대한뉴팜","KOSDAQ","","5590","-20","-0.36","80244002800"
"054780","키이스트","KOSDAQ","","1361","-20","-1.45","26754256273"
"054800","아이디스홀딩스","KOSDAQ","","15160","40","0.26","156871980960"
"054920","한컴위드","KOSDAQ","","3940","230","6.2","111175299140"
"054930","유신","KOSDAQ","","18420","-260","-1.39","55260000000"
"054940","엑사이엔씨","KOSDAQ","","3775","20","0.53","25046026475"
"054950","제이브이엠","KOSDAQ","","23400","200","0.86","282903472800"
"056080","유진로봇","KOSDAQ","","12230","-20","-0.16","467619993780"
"056090","시지메드텍","KOSDAQ","","1190","0","0.00","122878252840"
"056190","SFA","KOSDAQ","","24700","-450","-1.79","886946372000"
"056360","코위버","KOSDAQ","","5400","150","2.86","52902720000"
"056700","신화인터텍","KOSDAQ","","1433","4","0.28","41750585403"
"056730","CNT85","KOSDAQ","","1289","-1","-0.08","19105863493"
"057030","YBM넷","KOSDAQ","","2105","0","0.00","34338227185"
"057540","옴니시스템","KOSDAQ","","593","-10","-1.66","35220800924"
"057680","티사이언티픽","KOSDAQ","","1718","-8","-0.46","27132217662"
"058110","멕아이씨에스","KOSDAQ","","1580","0","0.00","25359837400"
"058400","KNN","KOSDAQ","","6240","40","0.65","82636145280"
"058450","한주에이알티","KOSDAQ","","1335","-65","-4.64","7206292620"
"058470","리노공업","KOSDAQ","","66400","-2900","-4.18","5060466840000"
"058610","에스피지","KOSDAQ","","96800","-600","-0.62","2146768448000"
"058630","엠게임","KOSDAQ","","4045","-35","-0.86","75935061830"
"058820","CMG제약","KOSDAQ","","600","-5","-0.83","88874133600"
"058970","엠로","KOSDAQ","","16030","280","1.78","198175587820"
"059090","미코","KOSDAQ","","20600","1240","6.4","688385626800"
"059100","아이컴포넌트","KOSDAQ","","6710","-50","-0.74","47445470600"
"059120","아진엑스텍","KOSDAQ","","6900","-140","-1.99","126339455400"
"059210","메타바이오메드","KOSDAQ","","3855","-35","-0.9","104745920475"
"059270","해성에어로보틱스","KOSDAQ","","5220","-160","-2.97","58282860780"
"060150","인선이엔티","KOSDAQ","","2955","-5","-0.17","134640473460"
"060230","제이케이시냅스","KOSDAQ","","1276","-3","-0.23","24939698168"
"060250","NHN KCP","KOSDAQ","","14490","-290","-1.96","581927253390"
"060260","뉴보텍","KOSDAQ","","998","7","0.71","13315671288"
"060280","큐렉소","KOSDAQ","","8020","-150","-1.84","330903515800"
"060310","3S","KOSDAQ","","1166","3","0.26","61866840640"
"060370","LS마린솔루션","KOSDAQ","","32300","-100","-0.31","1687314984200"
"060380","동양에스텍","KOSDAQ","","1265","-18","-1.4","24920500000"
"060480","국일신동","KOSDAQ","","1582","-59","-3.6","17544380000"
"060540","에스에이티","KOSDAQ","","1441","28","1.98","37657557894"
"060560","HC홈센타","KOSDAQ","","1940","-9","-0.46","49252721940"
"060570","드림어스컴퍼니","KOSDAQ","","5040","140","2.86","74694382560"
"060590","씨티씨바이오","KOSDAQ","","3100","5","0.16","74961162000"
"060720","KH바텍","KOSDAQ","","10780","-150","-1.37","255242824760"
"060850","영림원소프트랩","KOSDAQ","","4555","15","0.33","37036705000"
"060900","에이전트AI","KOSDAQ","","3355","-55","-1.61","21954402030"
"061040","알에프텍","KOSDAQ","","7250","0","0.00","65599616750"
"061090","세나테크놀로지","KOSDAQ","","37200","-600","-1.59","203392860000"
"061250","화일약품","KOSDAQ","","7900","-140","-1.74","66498913600"
"061970","LB세미콘","KOSDAQ","","3975","-110","-2.69","278579948850"
"062970","한국첨단소재","KOSDAQ","","1990","86","4.52","59943621770"
"063080","컴투스홀딩스","KOSDAQ","","12540","-270","-2.11","82703707680"
"063170","서울옥션","KOSDAQ","","5860","230","4.09","104157204620"
"063440","SM Life Design","KOSDAQ","","1014","8","0.8","45953835096"
"063570","NICE인프라","KOSDAQ","","3430","10","0.29","117126707040"
"063760","이엘피","KOSDAQ","","2320","0","0.00","21634301600"
"064090","인크레더블버즈","KOSDAQ","","798","0","0.00","39694710510"
"064240","홈캐스트","KOSDAQ","","1800","2","0.11","62449651800"
"064260","다날","KOSDAQ","","4980","-30","-0.6","376714375860"
"064290","인텍플러스","KOSDAQ","","48850","-50","-0.1","632977685300"
"064480","브리지텍","KOSDAQ","","2695","-55","-2.00","32211987500"
"064520","테크엘","KOSDAQ","","1477","-4","-0.27","33012518574"
"064550","바이오니아","KOSDAQ","","9970","690","7.44","257328601270"
"064760","티씨케이","KOSDAQ","","258000","-13500","-4.97","2884289328000"
"064800","포니링크","KOSDAQ","","2425","-150","-5.83","61986538075"
"064820","케이프","KOSDAQ","","7900","60","0.77","243795698500"
"064850","에프앤가이드","KOSDAQ","","17500","-460","-2.56","199680810000"
"065060","지엔코","KOSDAQ","","3345","-10","-0.3","20037841170"
"065130","탑엔지니어링","KOSDAQ","","2775","15","0.54","44411100000"
"065150","대산F&B","KOSDAQ","","1352","3","0.22","21548500480"
"065170","비엘팜텍","KOSDAQ","","2720","625","29.83","75925516960"
"065350","신성델타테크","KOSDAQ","","30600","-900","-2.86","841008808800"
"065370","위세아이텍","KOSDAQ","","2950","-55","-1.83","21782664300"
"065420","에스아이리소스","KOSDAQ","","940","0","0.00","7283384140"
"065440","이루온","KOSDAQ","","1386","12","0.87","37803177720"
"065450","빅텍","KOSDAQ","","2860","5","0.18","84357996580"
"065500","오리엔트정공","KOSDAQ","","1090","-1","-0.09","38959774080"
"065510","휴비츠","KOSDAQ","","6810","-40","-0.58","74078464950"
"065530","와이어블","KOSDAQ","","1243","0","0.00","59463577437"
"065570","삼영이엔씨","KOSDAQ","","764","0","0.00","12295692232"
"065650","하이퍼코퍼레이션","KOSDAQ","","1614","41","2.61","17666823018"
"065660","안트로젠","KOSDAQ","","15310","10","0.07","153193391000"
"065680","우주일렉트로","KOSDAQ","","22450","-300","-1.32","207448573950"
"065690","파커스","KOSDAQ","","1847","0","0.00","22190794429"
"065710","서호전기","KOSDAQ","","45800","-200","-0.43","235870000000"
"065770","CS","KOSDAQ","","1081","-38","-3.4","11366784184"
"065950","웰크론","KOSDAQ","","1174","5","0.43","33143548548"
"066130","하츠","KOSDAQ","","3380","-20","-0.59","43264000000"
"066310","큐에스아이","KOSDAQ","","7520","180","2.45","69722589920"
"066360","체리부로","KOSDAQ","","1473","2","0.14","35316658311"
"066410","버킷스튜디오","KOSDAQ","","1153","0","0.00","159637252154"
"066430","아이로보틱스","KOSDAQ","","2090","0","0.00","81830764840"
"066590","스모트로닉","KOSDAQ","","2355","-15","-0.63","91086541635"
"066620","국보디자인","KOSDAQ","","25700","150","0.59","192750000000"
"066670","디티씨","KOSDAQ","","3180","10","0.32","59440299240"
"066700","테라젠이텍스","KOSDAQ","","2125","5","0.24","78948799000"
"066790","씨씨에스","KOSDAQ","","2205","0","0.00","97355245995"
"066900","디에이피","KOSDAQ","","1700","-1","-0.06","38665655100"
"066910","손오공","KOSDAQ","","1888","-21","-1.1","29049961216"
"066980","한성크린텍","KOSDAQ","","1503","-37","-2.4","80818118109"
"067000","조이시티","KOSDAQ","","1109","-29","-2.55","77522921614"
"067010","이씨에스","KOSDAQ","","2600","55","2.16","28310100000"
"067080","대화제약","KOSDAQ","","10760","-150","-1.37","200315154000"
"067160","SOOP","KOSDAQ","","37100","0","0.00","426455855700"
"067170","오텍","KOSDAQ","","2545","45","1.8","69887850525"
"067280","멀티캠퍼스","KOSDAQ","","23450","-100","-0.42","138982967550"
"067290","JW신약","KOSDAQ","","3515","-105","-2.9","196970417045"
"067310","하나마이크론","KOSDAQ","","34400","-1600","-4.44","2287285893600"
"067370","선바이오","KOSDAQ","","6190","-60","-0.96","75603675790"
"067390","아스트","KOSDAQ","","6300","470","8.06","265329269100"
"067570","엔브이에이치코리아","KOSDAQ","","1671","-14","-0.83","70466070000"
"067630","HLB생명과학","KOSDAQ","","2515","-35","-1.37","306621400870"
"067730","로지시스","KOSDAQ","","2240","15","0.67","21669585280"
"067770","세진티에스","KOSDAQ","","2505","20","0.8","21033465465"
"067900","와이엔텍","KOSDAQ","","6030","-30","-0.5","109743943770"
"067920","이글루","KOSDAQ","","5640","260","4.83","62018111160"
"067990","도이치모터스","KOSDAQ","","3800","0","0.00","110889890000"
"068050","팬엔터테인먼트","KOSDAQ","","1190","7","0.59","32955950440"
"068100","케이웨더","KOSDAQ","","2335","5","0.21","27850796560"
"068240","다원시스","KOSDAQ","","2530","0","0.00","96553495610"
"068330","일신바이오","KOSDAQ","","1127","7","0.63","49831589780"
"068760","셀트리온제약","KOSDAQ","","39400","-600","-1.5","1749451880800"
"068790","DMS","KOSDAQ","","6880","-310","-4.31","155283141120"
"068930","디지털대성","KOSDAQ","","8680","80","0.93","240221968560"
"068940","셀피글로벌","KOSDAQ","","778","0","0.00","35720093048"
"069080","웹젠","KOSDAQ","","11310","110","0.98","350231963250"
"069140","누리플랜","KOSDAQ","","1786","-38","-2.08","26961105944"
"069330","유아이디","KOSDAQ","","1174","-26","-2.17","19902321876"
"069410","엔텔스","KOSDAQ","","2660","25","0.95","27251231840"
"069510","에스텍","KOSDAQ","","12870","-20","-0.16","140411700000"
"069540","빛과전자","KOSDAQ","","3870","-55","-1.4","436117641390"
"069920","엑시온그룹","KOSDAQ","","1168","-70","-5.65","16831411440"
"070300","퀀텀레일","KOSDAQ","","1499","-18","-1.19","53251568771"
"070590","인티큐브","KOSDAQ","","2020","-85","-4.04","28036632420"
"071200","인피니트헬스케어","KOSDAQ","","8700","-60","-0.68","212249184600"
"071280","로체시스템즈","KOSDAQ","","7170","-100","-1.38","109676643510"
"071670","에이테크솔루션","KOSDAQ","","5040","10","0.2","50400000000"
"071850","캐스텍코리아","KOSDAQ","","1283","34","2.72","31126783454"
"072020","중앙백신","KOSDAQ","","9210","-20","-0.22","85254953010"
"072470","우리산업홀딩스","KOSDAQ","","2290","-35","-1.51","43252010890"
"072770","멤레이비티","KOSDAQ","","857","0","0.00","35575867986"
"072870","메가스터디","KOSDAQ","","13060","0","0.00","155687724540"
"072950","빛샘전자","KOSDAQ","","8900","-240","-2.63","71668229000"
"072990","에이치시티","KOSDAQ","","3000","10","0.33","43494618000"
"073010","케이에스피","KOSDAQ","","3570","220","6.57","143482762500"
"073110","엘엠에스","KOSDAQ","","5140","-60","-1.15","45724180700"
"073190","듀오백","KOSDAQ","","1622","0","0.00","19412160880"
"073490","LIG아큐버","KOSDAQ","","29700","-50","-0.17","225834226200"
"073540","에프알텍","KOSDAQ","","2330","-10","-0.43","26562000000"
"073560","우리손에프앤지","KOSDAQ","","1535","-3","-0.2","106279782005"
"073570","리튬포어스","KOSDAQ","","1778","8","0.45","21402369184"
"073640","테라사이언스","KOSDAQ","","654","0","0.00","76111715580"
"074430","아미노로직스","KOSDAQ","","1066","-9","-0.84","93957583252"
"074600","원익QnC","KOSDAQ","","26200","-700","-2.6","688745600000"
"075130","플랜티넷","KOSDAQ","","2090","0","0.00","33695648800"
"075970","동국알앤에스","KOSDAQ","","1610","-12","-0.74","29624000000"
"076080","웰크론한텍","KOSDAQ","","1138","11","0.98","25712149528"
"076610","해성옵틱스","KOSDAQ","","1249","-5","-0.4","73985988820"
"077360","덕산하이메탈","KOSDAQ","","10030","-360","-3.46","455733130060"
"078020","LS증권","KOSDAQ","","6670","20","0.3","370059537300"
"078070","유비쿼스홀딩스","KOSDAQ","","8440","-50","-0.59","143976634920"
"078130","국일제지","KOSDAQ","","3460","0","0.00","390082431020"
"078140","대봉엘에스","KOSDAQ","","7530","-40","-0.53","83481939870"
"078150","HB테크놀러지","KOSDAQ","","2015","-70","-3.36","191267422970"
"078160","메디포스트","KOSDAQ","","8740","-170","-1.91","342648230220"
"078340","컴투스","KOSDAQ","","35000","150","0.43","423195955000"
"078350","한양디지텍","KOSDAQ","","17560","-570","-3.14","267691347920"
"078590","휴림에이텍","KOSDAQ","","2975","-10","-0.34","29715284725"
"078600","대주전자재료","KOSDAQ","","85000","-2000","-2.3","1334851730000"
"078860","아이오케이이엔엠","KOSDAQ","","2680","-15","-0.56","16554863840"
"078890","가온그룹","KOSDAQ","","4270","-35","-0.81","78674506610"
"079000","와토스코리아","KOSDAQ","","4020","0","0.00","28944000000"
"079170","한창산업","KOSDAQ","","6150","100","1.65","31980000000"
"079190","케스피온","KOSDAQ","","1599","304","23.47","15332615922"
"079370","제우스","KOSDAQ","","10150","-260","-2.5","314822448500"
"079650","서산","KOSDAQ","","7160","-880","-10.95","143200000000"
"079810","APS이노베이션","KOSDAQ","","3730","-30","-0.8","80299790620"
"079940","가비아","KOSDAQ","","43050","600","1.41","577760446200"
"079950","인베니아","KOSDAQ","","1330","-50","-3.62","18352803000"
"079960","동양이엔피","KOSDAQ","","17500","-150","-0.85","132154015000"
"079970","투비소프트","KOSDAQ","","596","0","0.00","7646223464"
"080010","이상네트웍스","KOSDAQ","","7380","20","0.27","72582823980"
"080160","모두투어","KOSDAQ","","9480","70","0.74","179172000000"
"080220","제주반도체","KOSDAQ","","75200","-3600","-4.57","2590101041600"
"080420","모다이노칩","KOSDAQ","","1650","9","0.55","131540676300"
"080470","성창오토텍","KOSDAQ","","2875","35","1.23","20987500000"
"080520","오디텍","KOSDAQ","","2780","-65","-2.28","31476319260"
"080530","코디","KOSDAQ","","2490","-5","-0.2","27568493160"
"080580","오킨스전자","KOSDAQ","","21100","650","3.18","445019150500"
"080720","한국유니온제약","KOSDAQ","","2410","0","0.00","192441519730"
"081150","티플랙스","KOSDAQ","","2670","-10","-0.37","64796633340"
"081180","쎄크","KOSDAQ","","5800","150","2.65","51188103000"
"081580","성우전자","KOSDAQ","","2310","0","0.00","35823810330"
"082210","옵트론텍","KOSDAQ","","1667","8","0.48","58283871110"
"082270","젬백스","KOSDAQ","","10280","-30","-0.29","455087406840"
"082660","코스나인","KOSDAQ","","10","-3","-23.08","996408690"
"082800","비보존 제약","KOSDAQ","","2900","-135","-4.45","176087031400"
"082850","우리바이오","KOSDAQ","","4870","-40","-0.81","47196704050"
"082920","비츠로셀","KOSDAQ","","27800","-500","-1.77","1254877460600"
"083310","엘오티베큠","KOSDAQ","","9780","-150","-1.51","174182122740"
"083450","GST","KOSDAQ","","45600","-1350","-2.88","840408000000"
"083470","이엠앤아이","KOSDAQ","","884","-6","-0.67","18864850836"
"083500","에프엔에스테크","KOSDAQ","","11130","10","0.09","92449976010"
"083550","케이엠","KOSDAQ","","3300","30","0.92","44735344500"
"083640","인콘","KOSDAQ","","1087","0","0.00","24955718841"
"083650","비에이치아이","KOSDAQ","","68400","1500","2.24","2116595250000"
"083660","CSA 코스믹","KOSDAQ","","1486","-31","-2.04","21128735580"
"083790","CG인바이츠","KOSDAQ","","953","-47","-4.7","73280155446"
"083930","아바코","KOSDAQ","","11700","-10","-0.09","171723813300"
"084110","휴온스글로벌","KOSDAQ","","22150","-450","-1.99","280414835800"
"084180","수성웹툰","KOSDAQ","","199","-68","-25.47","3596782317"
"084370","유진테크","KOSDAQ","","131500","-8000","-5.73","3013459523000"
"084440","유비온","KOSDAQ","","1196","0","0.00","22882375516"
"084650","랩지노믹스","KOSDAQ","","500","0","0.00","37119995000"
"084730","팅크웨어","KOSDAQ","","6380","-60","-0.93","70878125120"
"084850","아이티엠반도체","KOSDAQ","","8410","-180","-2.1","190763474940"
"084990","헬릭스미스","KOSDAQ","","3030","-15","-0.49","139661174910"
"085660","차바이오텍","KOSDAQ","","8040","-110","-1.35","747501681840"
"085670","뉴프렉스","KOSDAQ","","2960","-55","-1.82","72522252560"
"085810","알티캐스트","KOSDAQ","","1463","-57","-3.75","20682362239"
"085910","네오티스","KOSDAQ","","13240","-450","-3.29","182643390320"
"086040","바이오톡스텍","KOSDAQ","","2320","10","0.43","37023133040"
"086060","진바이오텍","KOSDAQ","","4825","0","0.00","41546082275"
"086390","유니테스트","KOSDAQ","","10930","-370","-3.27","230995997180"
"086450","동국제약","KOSDAQ","","19850","230","1.17","897823837000"
"086520","에코프로","KOSDAQ","","84400","-2500","-2.88","11459507228800"
"086670","비엠티","KOSDAQ","","16920","130","0.77","167945974200"
"086710","선진뷰티사이언스","KOSDAQ","","6940","-50","-0.72","84690763200"
"086820","바이오솔루션","KOSDAQ","","6570","-30","-0.45","170321238450"
"086890","이수앱지스","KOSDAQ","","3530","0","0.00","143935545260"
"086900","메디톡스","KOSDAQ","","69600","200","0.29","507975391200"
"086960","MDS테크","KOSDAQ","","1967","-22","-1.11","83653893890"
"086980","쇼박스","KOSDAQ","","1919","-13","-0.67","119818522000"
"087010","펩트론","KOSDAQ","","146000","-5600","-3.69","3404333100000"
"087260","모바일어플라이언스","KOSDAQ","","247","0","0.00","8040556667"
"087600","픽셀플러스","KOSDAQ","","4025","-50","-1.23","32870395950"
"088130","동아엘텍","KOSDAQ","","5670","90","1.61","99141730380"
"088280","쏘닉스","KOSDAQ","","2655","-80","-2.93","45948730950"
"088290","이원컴포텍","KOSDAQ","","2290","75","3.39","18265204880"
"088340","유라클","KOSDAQ","","6850","-80","-1.15","29895920800"
"088390","이녹스","KOSDAQ","","8010","-60","-0.74","75180610440"
"088800","에이스테크","KOSDAQ","","1928","-61","-3.07","145576404752"
"088910","동우팜투테이블","KOSDAQ","","2080","5","0.24","53501269120"
"089010","켐트로닉스","KOSDAQ","","22850","-550","-2.35","383195116950"
"089030","테크윙","KOSDAQ","","46350","-2950","-5.98","1717436445750"
"089140","넥스턴앤롤코리아","KOSDAQ","","2095","0","0.00","32087510230"
"089150","케이씨티","KOSDAQ","","1800","-38","-2.07","30870000000"
"089230","THE E&M","KOSDAQ","","1798","-17","-0.94","70879594492"
"089600","KT나스미디어","KOSDAQ","","12730","-310","-2.38","147262714990"
"089790","제이티","KOSDAQ","","4825","-120","-2.43","49772350225"
"089850","유비벨록스","KOSDAQ","","4270","145","3.52","62897949730"
"089890","코세스","KOSDAQ","","26350","50","0.19","437013748700"
"089970","브이엠","KOSDAQ","","48650","-1950","-3.85","1280797117250"
"089980","상아프론테크","KOSDAQ","","14950","-300","-1.97","239036103150"
"090150","아이윈","KOSDAQ","","6220","20","0.32","26046430380"
"090360","로보스타","KOSDAQ","","78000","-1500","-1.89","760500000000"
"090410","덕신이피씨","KOSDAQ","","3615","-50","-1.36","33318800685"
"090470","제이스로보틱스","KOSDAQ","","4520","70","1.57","78994204880"
"090710","휴림로봇","KOSDAQ","","6200","-240","-3.73","741265979800"
"090850","현대이지웰","KOSDAQ","","5060","20","0.4","113738189180"
"091120","이엠텍","KOSDAQ","","4715","-40","-0.84","80781793240"
"091340","S&K폴리텍","KOSDAQ","","2505","-40","-1.57","29317821105"
"091440","한울소재과학","KOSDAQ","","2790","0","0.00","101528990010"
"091580","상신이디피","KOSDAQ","","20800","-450","-2.12","277226955200"
"091590","남화토건","KOSDAQ","","7000","-10","-0.14","82180000000"
"091700","파트론","KOSDAQ","","5430","0","0.00","271500000000"
"091970","LSK아이로봇","KOSDAQ","","3915","-5","-0.13","29498663700"
"092040","아미코젠","KOSDAQ","","934","-45","-4.6","65992131458"
"092070","디엔에프","KOSDAQ","","11790","-200","-1.67","136432205820"
"092130","이크레더블","KOSDAQ","","14450","-30","-0.21","174030020000"
"092190","서울바이오시스","KOSDAQ","","7850","-150","-1.88","360066806550"
"092300","현우산업","KOSDAQ","","2450","-25","-1.01","49367183950"
"092460","한라IMS","KOSDAQ","","16750","140","0.84","286587140000"
"092600","앤씨앤","KOSDAQ","","2365","543","29.8","11864502595"
"092730","네오팜","KOSDAQ","","21600","250","1.17","346204562400"
"092870","엑시콘","KOSDAQ","","29550","400","1.37","385651051350"
"093190","빅솔론","KOSDAQ","","8420","160","1.94","161991580100"
"093320","케이아이엔엑스","KOSDAQ","","138400","400","0.29","675392000000"
"093380","풍강","KOSDAQ","","3110","-10","-0.32","30724663430"
"093520","매커스","KOSDAQ","","27050","400","1.5","321944690850"
"093640","케이알엠","KOSDAQ","","4590","-160","-3.37","150752656440"
"093920","서원인텍","KOSDAQ","","4845","-55","-1.12","90117000000"
"094170","동운아나텍","KOSDAQ","","27400","-150","-0.54","572932246400"
"094360","칩스앤미디어","KOSDAQ","","10650","-350","-3.18","227433668100"
"094480","갤럭시아머니트리","KOSDAQ","","5650","-120","-2.08","221648584700"
"094820","일진파워","KOSDAQ","","12480","100","0.81","188182288320"
"094840","슈프리마에이치큐","KOSDAQ","","12190","110","0.91","119536468710"
"094850","참좋은여행","KOSDAQ","","4435","10","0.23","62090000000"
"094860","네오리진","KOSDAQ","","1502","1","0.07","79771241028"
"094940","푸른로보틱스","KOSDAQ","","6200","-140","-2.21","51840593200"
"094970","제이엠티","KOSDAQ","","2725","5","0.18","45638954000"
"095190","신화프리텍","KOSDAQ","","1847","-38","-2.02","120536073314"
"095270","웨이브일렉트로","KOSDAQ","","4055","-45","-1.1","58280106330"
"095340","ISC","KOSDAQ","","190200","-400","-0.21","4031680431600"
"095500","미래나노텍","KOSDAQ","","6680","-140","-2.05","207146793320"
"095610","테스","KOSDAQ","","143500","-11400","-7.36","2778160000000"
"095660","네오위즈","KOSDAQ","","17890","-20","-0.11","387076251510"
"095700","제넥신","KOSDAQ","","2835","-55","-1.9","129107300490"
"095910","에스에너지","KOSDAQ","","614","-10","-1.6","22372093276"
"096240","크레버스","KOSDAQ","","8580","-10","-0.12","87843584400"
"096250","와이즈넛","KOSDAQ","","5670","40","0.71","66990375270"
"096350","대창솔루션","KOSDAQ","","1983","-10","-0.5","73082993046"
"096530","씨젠","KOSDAQ","","31550","50","0.16","1474470383100"
"096630","에스코넥","KOSDAQ","","1814","14","0.78","28799649922"
"096690","에이루트","KOSDAQ","","6740","0","0.00","27113955080"
"096870","엘디티","KOSDAQ","","2340","-50","-2.09","19534317660"
"097780","에코볼트","KOSDAQ","","1565","-47","-2.92","31758684285"
"097800","윈팩","KOSDAQ","","2055","5","0.24","56081042475"
"097870","효성오앤비","KOSDAQ","","4555","-45","-0.98","38671950000"
"098070","한텍","KOSDAQ","","25400","-800","-3.05","282476981400"
"098120","마이크로컨텍솔","KOSDAQ","","55800","4800","9.41","463852342800"
"098460","고영","KOSDAQ","","27650","-1250","-4.33","1885846489450"
"098660","에스티오","KOSDAQ","","1598","-24","-1.48","19976559648"
"099190","아이센스","KOSDAQ","","16550","-60","-0.36","484940023600"
"099220","SDN","KOSDAQ","","511","0","0.00","32164562850"
"099320","쎄트렉아이","KOSDAQ","","70300","-1700","-2.36","769874843400"
"099390","브레인즈컴퍼니","KOSDAQ","","3930","145","3.83","32258552190"
"099410","동방선기","KOSDAQ","","3305","10","0.3","46270000000"
"099430","바이오플러스","KOSDAQ","","3220","0","0.00","198483124840"
"099440","스맥","KOSDAQ","","4340","60","1.4","296176329960"
"099520","DGI","KOSDAQ","","1284","0","0.00","58141862016"
"099750","이지케어텍","KOSDAQ","","6880","-30","-0.43","93975110240"
"100030","인지소프트","KOSDAQ","","20450","200","0.99","67151951300"
"100120","뷰웍스","KOSDAQ","","26600","150","0.57","238639532600"
"100130","동국S&C","KOSDAQ","","1346","-31","-2.25","76914478000"
"100590","머큐리","KOSDAQ","","4750","-220","-4.43","81412838750"
"100660","서암기계공업","KOSDAQ","","3065","-65","-2.08","38619000000"
"100700","세운메디칼","KOSDAQ","","2415","0","0.00","105777000000"
"100790","미래에셋벤처투자","KOSDAQ","","15960","-540","-3.27","847804424880"
"101000","KS인더스트리","KOSDAQ","","1465","35","2.45","14518863455"
"101160","월덱스","KOSDAQ","","30250","-850","-2.73","499457538250"
"101170","우림피티에스","KOSDAQ","","8400","70","0.84","113400000000"
"101240","씨큐브","KOSDAQ","","3410","15","0.44","38727547320"
"101330","모베이스","KOSDAQ","","3520","-65","-1.81","81477542080"
"101360","에코앤드림","KOSDAQ","","7930","-370","-4.46","141043884020"
"101400","엔시트론","KOSDAQ","","1710","-28","-1.61","20078457480"
"101490","에스앤에스텍","KOSDAQ","","41400","-2100","-4.83","883263990600"
"101670","하이드로리튬","KOSDAQ","","500","-4","-0.79","28388593500"
"101680","한국정밀기계","KOSDAQ","","2880","155","5.69","24203520000"
"101730","위메이드맥스","KOSDAQ","","4005","-65","-1.6","335632160430"
"101930","인화정공","KOSDAQ","","6310","-30","-0.47","288333374010"
"101970","우양에이치씨","KOSDAQ","","10070","-120","-1.18","148935390630"
"102120","어보브반도체","KOSDAQ","","6920","-260","-3.62","123042810760"
"102370","케이옥션","KOSDAQ","","3010","-65","-2.11","77923752900"
"102710","이엔에프테크놀로지","KOSDAQ","","41350","-2700","-6.13","590802018600"
"102940","코오롱생명과학","KOSDAQ","","14380","-240","-1.64","188242871140"
"103230","에스앤더블류","KOSDAQ","","2335","15","0.65","16812000000"
"103840","우양","KOSDAQ","","1647","8","0.49","26955506916"
"104040","디에스엠","KOSDAQ","","2390","-45","-1.85","64084420350"
"104200","NHN벅스","KOSDAQ","","2550","-25","-0.97","37810252500"
"104460","디와이피엔에프","KOSDAQ","","7070","-180","-2.48","74362974070"
"104480","티케이케미칼","KOSDAQ","","1718","-8","-0.46","156158355612"
"104540","코렌텍","KOSDAQ","","3995","0","0.00","53562602950"
"104620","노랑풍선","KOSDAQ","","3150","-20","-0.63","52953238800"
"104830","원익머트리얼즈","KOSDAQ","","31700","-700","-2.16","399673600000"
"105330","케이엔더블유","KOSDAQ","","7470","-30","-0.4","119665814400"
"105550","엣지파운드리","KOSDAQ","","1784","-6","-0.34","27939955440"
"105740","디케이락","KOSDAQ","","7880","-10","-0.13","80127882440"
"105760","포스뱅크","KOSDAQ","","5020","-30","-0.59","51158252740"
"106080","케이이엠텍","KOSDAQ","","1650","0","0.00","9506998050"
"106190","하이텍팜","KOSDAQ","","10310","10","0.1","109628013630"
"106240","파인테크닉스","KOSDAQ","","1145","4","0.35","30436291530"
"107600","새빗켐","KOSDAQ","","14170","-630","-4.26","80061265180"
"107640","한중엔시에스","KOSDAQ","","42200","-250","-0.59","382540721200"
"108230","톱텍","KOSDAQ","","3310","70","2.16","125856940950"
"108380","대양전기공업","KOSDAQ","","18880","170","0.91","180631247040"
"108490","로보티즈","KOSDAQ","","323500","0","0.00","4744783558000"
"108860","셀바스AI","KOSDAQ","","8730","-390","-4.28","234966116700"
"109080","옵티시스","KOSDAQ","","8660","130","1.52","48807760000"
"109610","에스와이","KOSDAQ","","1959","-32","-1.61","95809596600"
"109670","씨싸이트","KOSDAQ","","6040","-560","-8.48","35253076080"
"109740","디에스케이","KOSDAQ","","4235","-30","-0.7","108883501650"
"109820","진매트릭스","KOSDAQ","","1582","4","0.25","32262738480"
"109860","동일금속","KOSDAQ","","7560","40","0.53","68796000000"
"109960","앱토크롬","KOSDAQ","","1902","48","2.59","28781507166"
"110020","전진바이오팜","KOSDAQ","","1993","3","0.15","18054112666"
"110790","크리스에프앤씨","KOSDAQ","","2960","-35","-1.17","69355641600"
"110990","디아이티","KOSDAQ","","15550","-610","-3.77","293895000000"
"111710","남화산업","KOSDAQ","","3195","40","1.27","65778660000"
"112040","위메이드","KOSDAQ","","15650","80","0.51","531293758950"
"112290","와이씨켐","KOSDAQ","","10030","-540","-5.11","202817532700"
"113810","디젠스","KOSDAQ","","3115","60","1.96","20327275150"
"114190","강원에너지","KOSDAQ","","8950","-270","-2.93","233801190100"
"114450","그린생명과학","KOSDAQ","","2260","-25","-1.09","45200000000"
"114630","폴라리스우노","KOSDAQ","","1522","46","3.12","26232047456"
"114810","한솔아이원스","KOSDAQ","","12890","240","1.9","362765512860"
"114840","아이패밀리에스씨","KOSDAQ","","8670","70","0.81","144627607950"
"115160","휴맥스","KOSDAQ","","5470","-10","-0.18","23562205510"
"115180","큐리언트","KOSDAQ","","21800","50","0.23","818244491800"
"115310","인포바인","KOSDAQ","","9410","-10","-0.11","139564876090"
"115440","우리넷","KOSDAQ","","8300","280","3.49","89592623600"
"115450","HLB테라퓨틱스","KOSDAQ","","1987","27","1.38","176008676583"
"115480","씨유메디칼","KOSDAQ","","2335","-5","-0.21","28311667185"
"115500","케이씨에스","KOSDAQ","","9950","900","9.94","119400000000"
"115530","씨엔플러스","KOSDAQ","","2850","-50","-1.72","24458856750"
"115570","스타플렉스","KOSDAQ","","2700","30","1.12","21558171600"
"115610","이미지스","KOSDAQ","","1675","-11","-0.65","19796438075"
"117670","알파칩스","KOSDAQ","","13580","3130","29.95","90466456360"
"117730","티로보틱스","KOSDAQ","","13040","-360","-2.69","294156880720"
"118990","모트렉스","KOSDAQ","","6180","-10","-0.16","151640952780"
"119500","포메탈","KOSDAQ","","2400","-60","-2.44","28433356800"
"119610","인터로조","KOSDAQ","","14530","130","0.9","165841743910"
"119830","아이텍","KOSDAQ","","5850","-130","-2.17","155250435600"
"119850","지엔씨에너지","KOSDAQ","","50600","-600","-1.17","832314795400"
"120240","대정화금","KOSDAQ","","14720","-50","-0.34","105842555520"
"121440","골프존홀딩스","KOSDAQ","","7880","-30","-0.38","337554125840"
"121600","나노신소재","KOSDAQ","","47250","-2050","-4.16","579388524750"
"121800","비덴트","KOSDAQ","","3320","0","0.00","256309348520"
"121850","코이즈","KOSDAQ","","135","-130","-49.06","682694865"
"121890","에스디시스템","KOSDAQ","","2670","10","0.38","35488160820"
"122310","제노레이","KOSDAQ","","3375","65","1.96","49119223500"
"122350","삼기","KOSDAQ","","1715","10","0.59","65752119020"
"122450","KX","KOSDAQ","","2670","-50","-1.84","119668956780"
"122640","예스티","KOSDAQ","","30050","-1100","-3.53","650622316250"
"122690","서진오토모티브","KOSDAQ","","1680","16","0.96","38772998880"
"122870","와이지엔터테인먼트","KOSDAQ","","43400","950","2.24","811191526600"
"122990","와이솔","KOSDAQ","","6590","-120","-1.79","169020840610"
"123010","MSDI","KOSDAQ","","2865","120","4.37","57918172455"
"123040","엠에스오토텍","KOSDAQ","","1721","-15","-0.86","107783302579"
"123330","제닉","KOSDAQ","","26150","400","1.55","208380982000"
"123410","코리아에프티","KOSDAQ","","5780","10","0.17","160921349920"
"123420","위메이드플레이","KOSDAQ","","6350","20","0.32","66046610350"
"123570","이엠넷","KOSDAQ","","1652","-16","-0.96","36800080856"
"123750","알톤","KOSDAQ","","1760","17","0.98","24321895840"
"123840","뉴온","KOSDAQ","","1745","-4","-0.23","27140072250"
"123860","아나패스","KOSDAQ","","13550","-80","-0.59","164272273250"
"124500","아이티센글로벌","KOSDAQ","","32100","-200","-0.62","744865316700"
"124560","태웅로직스","KOSDAQ","","1980","10","0.51","76667205780"
"125020","티씨머티리얼즈","KOSDAQ","","6170","110","1.82","216187853500"
"125210","아모그린텍","KOSDAQ","","5660","-80","-1.39","93371831400"
"125490","한라캐스트","KOSDAQ","","10610","-460","-4.16","387289954720"
"126340","비나텍","KOSDAQ","","66800","200","0.3","479651655200"
"126600","BGF에코머티리얼즈","KOSDAQ","","3105","30","0.98","194891221395"
"126640","화신정공","KOSDAQ","","3965","-350","-8.11","138996683150"
"126700","하이비젼시스템","KOSDAQ","","11260","-30","-0.27","168248181120"
"126730","코칩","KOSDAQ","","21300","2000","10.36","186803683800"
"126880","제이엔케이글로벌","KOSDAQ","","2505","-45","-1.76","58036148115"
"127120","제이에스링크","KOSDAQ","","31450","-1200","-3.68","1165680632150"
"127710","아시아경제","KOSDAQ","","1020","4","0.39","44930194200"
"127980","화인써키트","KOSDAQ","","2630","-40","-1.5","31140998920"
"128540","에코캡","KOSDAQ","","1119","-22","-1.93","29866624740"
"128660","피제이메탈","KOSDAQ","","2930","-10","-0.34","72673871170"
"129890","앱코","KOSDAQ","","971","0","0.00","44224779542"
"129920","대성하이텍","KOSDAQ","","5030","-80","-1.57","81730940880"
"130500","GH신소재","KOSDAQ","","1914","27","1.43","27839229528"
"130580","나이스디앤비","KOSDAQ","","6430","30","0.47","99022000000"
"130740","티피씨글로벌","KOSDAQ","","2005","6","0.3","22609741395"
"131030","옵투스제약","KOSDAQ","","5710","-20","-0.35","100762028900"
"131090","시큐브","KOSDAQ","","4185","-30","-0.71","32049654885"
"131100","티엔엔터테인먼트","KOSDAQ","","2345","-5","-0.21","15123711680"
"131180","딜리","KOSDAQ","","4160","-40","-0.95","24419200000"
"131220","대한과학","KOSDAQ","","3665","-5","-0.14","27320705850"
"131290","티에스이","KOSDAQ","","260500","-46000","-15.01","2881502254500"
"131370","알서포트","KOSDAQ","","1520","31","2.08","80965966160"
"131400","이브이첨단소재","KOSDAQ","","766","0","0.00","45647381612"
"131760","파인텍","KOSDAQ","","1290","-33","-2.49","11205347640"
"131970","두산테스나","KOSDAQ","","83800","-5300","-5.95","1619622544400"
"133750","메가엠디","KOSDAQ","","1448","2","0.14","33893447496"
"134060","이퓨쳐","KOSDAQ","","5540","-70","-1.25","26421645000"
"134580","탑코미디어","KOSDAQ","","3590","-140","-3.75","176965994910"
"136150","원일티엔아이","KOSDAQ","","8200","90","1.11","68724446000"
"136410","아셈스","KOSDAQ","","3895","-35","-0.89","42919417870"
"136480","하림","KOSDAQ","","2680","-5","-0.19","284642001360"
"136540","윈스테크넷","KOSDAQ","","10640","10","0.09","130656497440"
"137080","나래나노텍","KOSDAQ","","6510","50","0.77","69721767990"
"137400","피엔티","KOSDAQ","","29600","-750","-2.47","701245548800"
"137940","넥스트아이","KOSDAQ","","1960","4","0.2","19231651320"
"137950","제이씨케미칼","KOSDAQ","","3970","-95","-2.34","88403221580"
"138070","신진에스엠","KOSDAQ","","1510","-14","-0.92","26429838040"
"138080","오이솔루션","KOSDAQ","","23500","-350","-1.47","290877313000"
"138360","앤로보틱스","KOSDAQ","","1676","-36","-2.1","147444313384"
"138610","나이벡","KOSDAQ","","14420","-110","-0.76","163923575060"
"139670","키네마스터","KOSDAQ","","2055","0","0.00","29014154550"
"140070","서플러스글로벌","KOSDAQ","","2075","65","3.23","76750100000"
"140410","메지온","KOSDAQ","","72100","900","1.26","2207822695400"
"140430","카티스","KOSDAQ","","2315","533","29.91","24746208705"
"140520","대창스틸","KOSDAQ","","1992","0","0.00","42049612056"
"140670","알에스오토메이션","KOSDAQ","","10050","-750","-6.94","129040392000"
"140860","파크시스템스","KOSDAQ","","252000","-3000","-1.18","1764622188000"
"141000","비아트론","KOSDAQ","","9070","30","0.33","109880419700"
"141080","리가켐바이오","KOSDAQ","","85200","-2400","-2.74","3154054413600"
"142210","유니트론텍","KOSDAQ","","5900","-60","-1.01","122433277700"
"142280","녹십자엠에스","KOSDAQ","","3105","5","0.16","74405211255"
"142760","모아라이프플러스","KOSDAQ","","493","5","1.02","10394160570"
"143160","아이디스","KOSDAQ","","16030","-40","-0.25","171783731700"
"143240","사람인","KOSDAQ","","17020","-250","-1.45","182671081620"
"143540","영우디에스피","KOSDAQ","","1013","-26","-2.5","45179693635"
"144510","지씨셀","KOSDAQ","","14400","-70","-0.48","227524953600"
"144960","뉴파워프라즈마","KOSDAQ","","8810","-240","-2.65","384932017440"
"145020","휴젤","KOSDAQ","","231000","-5000","-2.12","2891004963000"
"145170","노브랜드","KOSDAQ","","2695","-50","-1.82","45568151475"
"146060","율촌","KOSDAQ","","1116","0","0.00","26801404020"
"146320","비씨엔씨","KOSDAQ","","8980","80","0.9","114925348540"
"147760","피엠티","KOSDAQ","","3150","-100","-3.08","63000000000"
"147830","제룡산업","KOSDAQ","","6890","-160","-2.27","137800000000"
"148150","세경하이테크","KOSDAQ","","4280","25","0.59","152123261040"
"148250","알엔투테크놀로지","KOSDAQ","","2025","100","5.19","27561675600"
"148780","비큐AI","KOSDAQ","","3805","-55","-1.42","23930196725"
"148930","에이치와이티씨","KOSDAQ","","3045","-125","-3.94","30983523585"
"149950","아바텍","KOSDAQ","","10330","1270","14.02","141187371990"
"149980","하이로닉","KOSDAQ","","4805","15","0.31","82641416030"
"150900","파수AI","KOSDAQ","","3775","265","7.55","44182305550"
"151860","KG에코솔루션","KOSDAQ","","5700","70","1.24","271337111400"
"153460","네이블","KOSDAQ","","5880","30","0.51","38396482320"
"153490","우리이앤엘하루틴","KOSDAQ","","3055","-25","-0.81","31454280000"
"153710","옵티팜","KOSDAQ","","4760","-30","-0.63","69829000080"
"153890","져스텍","KOSDAQ","","10230","-550","-5.1","123274620150"
"154030","아시아종묘","KOSDAQ","","1730","30","1.76","20867029910"
"154040","다산솔루에타","KOSDAQ","","1055","0","0.00","22804472770"
"155650","와이엠씨","KOSDAQ","","3100","5","0.16","58820509800"
"156100","엘앤케이바이오","KOSDAQ","","5450","-140","-2.5","121813783850"
"158430","아톤","KOSDAQ","","4825","195","4.21","118126093900"
"159010","아스플로","KOSDAQ","","23350","-150","-0.64","311366155650"
"159580","제로투세븐","KOSDAQ","","2230","25","1.13","44672778280"
"159910","에코글로우","KOSDAQ","","3135","-65","-2.03","32814349095"
"160190","하이젠알앤엠","KOSDAQ","","20850","-850","-3.92","644014800000"
"160550","NEW","KOSDAQ","","1030","15","1.48","28743289180"
"160980","싸이맥스","KOSDAQ","","22050","-1250","-5.36","240879558150"
"161580","필옵틱스","KOSDAQ","","32050","-2150","-6.29","751324016350"
"162300","신스틸","KOSDAQ","","2785","10","0.36","115497798870"
"163280","에어레인","KOSDAQ","","3645","5","0.14","49583219310"
"163730","핑거","KOSDAQ","","9180","-30","-0.33","110304282060"
"166090","하나머티리얼즈","KOSDAQ","","52200","-2800","-5.09","1032394582800"
"166480","코아스템켐온","KOSDAQ","","2165","-30","-1.37","114464364040"
"168330","내츄럴엔도텍","KOSDAQ","","2270","40","1.79","72083623000"
"168360","펨트론","KOSDAQ","","13200","-300","-2.22","295581752400"
"169330","엠브레인","KOSDAQ","","1300","0","0.00","23811993400"
"170030","현대공업","KOSDAQ","","4780","45","0.95","73325200000"
"170790","파이오링크","KOSDAQ","","8430","310","3.82","53929534050"
"170920","엘티씨","KOSDAQ","","33600","-1200","-3.45","354954633600"
"171010","램테크놀러지","KOSDAQ","","2690","20","0.75","38463642880"
"171090","선익시스템","KOSDAQ","","66000","-2200","-3.23","668423316000"
"171120","라이온켐텍","KOSDAQ","","2005","0","0.00","71983028800"
"172670","에이엘티","KOSDAQ","","11350","-10","-0.09","101698939650"
"173130","오파스넷","KOSDAQ","","6290","-10","-0.16","82062315170"
"173940","에프엔씨엔터","KOSDAQ","","2150","50","2.38","33094537200"
"174900","앱클론","KOSDAQ","","20500","-350","-1.68","409018644500"
"175140","아고스","KOSDAQ","","2455","-55","-2.19","61238141115"
"175250","아이큐어","KOSDAQ","","1833","10","0.55","113162669061"
"176750","듀켐바이오","KOSDAQ","","6130","30","0.49","174635853600"
"177350","베셀","KOSDAQ","","1594","-16","-0.99","15805866494"
"177830","파버나인","KOSDAQ","","2170","-5","-0.23","24577404810"
"177900","쓰리에이로직스","KOSDAQ","","3620","-70","-1.9","34851912000"
"178320","서진시스템","KOSDAQ","","35750","-1000","-2.72","2278114731750"
"178780","일월지엠엘","KOSDAQ","","2500","-15","-0.6","46597987500"
"179290","엠아이텍","KOSDAQ","","5100","30","0.59","165064957800"
"179530","애드바이오텍","KOSDAQ","","2190","-90","-3.95","59386762170"
"179900","유티아이","KOSDAQ","","2375","-125","-5.00","51227132625"
"180400","DXVX","KOSDAQ","","2380","30","1.28","234262048160"
"182360","큐브엔터","KOSDAQ","","6040","90","1.51","93889299440"
"182400","엔케이젠바이오텍코리아","KOSDAQ","","3670","0","0.00","265496721770"
"183300","코미코","KOSDAQ","","27300","-1650","-5.7","1402217407500"
"183490","엔지켐생명과학","KOSDAQ","","990","0","0.00","83793832650"
"184230","SGA솔루션즈","KOSDAQ","","1915","128","7.16","36067018080"
"185490","아이진","KOSDAQ","","2150","85","4.12","92944035600"
"186230","그린플러스","KOSDAQ","","3380","-50","-1.46","36910235440"
"187220","디티앤씨","KOSDAQ","","1993","-12","-0.6","22969191469"
"187270","신화콘텍","KOSDAQ","","3115","-45","-1.42","31598077175"
"187420","HLB제넥스","KOSDAQ","","1807","-27","-1.47","58989419229"
"187660","페니트리움바이오","KOSDAQ","","8290","-10","-0.12","530280237370"
"187790","나노","KOSDAQ","","3090","-175","-5.36","95298164700"
"187870","디바이스","KOSDAQ","","10000","-320","-3.1","138627720000"
"188040","바이오포트","KOSDAQ","","4900","-100","-2.00","22928609200"
"188260","세니젠","KOSDAQ","","2090","-65","-3.02","29053754620"
"189300","인텔리안테크","KOSDAQ","","63400","-1300","-2.01","680757309800"
"189330","씨이랩","KOSDAQ","","11540","330","2.94","108271557360"
"189690","포시에스","KOSDAQ","","1517","-2","-0.13","41447426973"
"189860","서전기전","KOSDAQ","","5220","-190","-3.51","50627631600"
"189980","흥국에프엔비","KOSDAQ","","1168","1","0.09","46880981936"
"190510","나무가","KOSDAQ","","14890","-120","-0.8","209730370130"
"190650","코리아에셋투자증권","KOSDAQ","","6680","60","0.91","42671840000"
"191410","육일씨엔에쓰","KOSDAQ","","2010","-15","-0.74","22520552550"
"191420","테고사이언스","KOSDAQ","","7330","-20","-0.27","59437753220"
"192250","케이사인","KOSDAQ","","7800","760","10.8","55123575000"
"192390","윈하이텍","KOSDAQ","","1829","3","0.16","21888092934"
"192410","오늘이엔엠","KOSDAQ","","4725","-105","-2.17","119003420025"
"192440","슈피겐코리아","KOSDAQ","","29500","-400","-1.34","183382708500"
"193250","링크드","KOSDAQ","","2020","-50","-2.42","27005244660"
"194480","데브시스터즈","KOSDAQ","","15120","-280","-1.82","183997548000"
"194700","노바렉스","KOSDAQ","","10250","-40","-0.39","187112192000"
"195500","마니커에프앤지","KOSDAQ","","1751","-5","-0.28","27977478000"
"195940","HK이노엔","KOSDAQ","","40700","400","0.99","1153026563700"
"195990","루트K","KOSDAQ","","1205","-15","-1.23","19626888170"
"196170","알테오젠","KOSDAQ","","268000","-9000","-3.25","18667575644000"
"196300","HLB펩","KOSDAQ","","4215","35","0.84","40016986605"
"196450","코아시아씨엠","KOSDAQ","","790","0","0.00","35802800000"
"196490","디에이테크놀로지","KOSDAQ","","6090","0","0.00","69131518050"
"196700","웹스","KOSDAQ","","1353","6","0.45","19434686832"
"197140","디지캡","KOSDAQ","","2375","45","1.93","30906240750"
"198080","캐프","KOSDAQ","","2180","15","0.69","46946703300"
"198440","강동씨앤엘","KOSDAQ","","2075","-45","-2.12","126433684200"
"198940","한주라이트메탈","KOSDAQ","","1476","-34","-2.25","29386805760"
"199430","케이엔알시스템","KOSDAQ","","17760","-750","-4.05","198859483680"
"199480","뱅크웨어글로벌","KOSDAQ","","3755","-65","-1.7","38288187940"
"199550","레이저옵텍","KOSDAQ","","3330","-70","-2.06","49436484030"
"199730","바이오인프라","KOSDAQ","","1336","21","1.6","6498794312"
"199800","툴젠","KOSDAQ","","32500","-1350","-3.99","292422942500"
"199820","제일일렉트릭","KOSDAQ","","7450","-110","-1.46","165539000000"
"200130","콜마비앤에이치","KOSDAQ","","8020","-70","-0.87","230779975160"
"200230","텔콘RF제약","KOSDAQ","","2165","25","1.17","20529112385"
"200350","아티스트스튜디오","KOSDAQ","","2230","-360","-13.9","22291135750"
"200470","에이팩트","KOSDAQ","","6180","-110","-1.75","270829576080"
"200670","휴메딕스","KOSDAQ","","26050","350","1.36","292539676500"
"200710","에이디테크놀로지","KOSDAQ","","23850","-1600","-6.29","321068866950"
"200780","비씨월드제약","KOSDAQ","","3040","30","1.00","32423609440"
"201490","미투온","KOSDAQ","","2740","30","1.11","89663009240"
"203400","에이비온","KOSDAQ","","676","0","0.00","60908481504"
"203450","유니온바이오메트릭스","KOSDAQ","","2595","-5","-0.19","36535023165"
"203650","드림시큐리티","KOSDAQ","","2620","495","23.29","266465748080"
"204020","그리티","KOSDAQ","","1788","-26","-1.43","34778087616"
"204270","제이앤티씨","KOSDAQ","","22950","500","2.23","1327622294700"
"204610","티쓰리","KOSDAQ","","3140","-90","-2.79","174980330800"
"204620","글로벌텍스프리","KOSDAQ","","5390","-70","-1.28","378827148700"
"204840","지엘팜텍","KOSDAQ","","4680","-5","-0.11","72585868680"
"205100","엑셈","KOSDAQ","","1333","-2","-0.15","90029985542"
"205470","휴마시스","KOSDAQ","","2835","-25","-0.87","69953627835"
"205500","넥써쓰","KOSDAQ","","1911","39","2.08","159686594067"
"206400","베노티앤알","KOSDAQ","","705","-1","-0.14","26444661390"
"206560","덱스터","KOSDAQ","","940","0","0.00","23887031840"
"206640","바디텍메드","KOSDAQ","","9600","80","0.84","210316041600"
"206650","유바이오로직스","KOSDAQ","","8690","140","1.64","319377547830"
"207760","미스터블루","KOSDAQ","","2345","-50","-2.09","38964416820"
"208140","정다운","KOSDAQ","","2270","-10","-0.44","74193238420"
"208350","지란지교시큐리티","KOSDAQ","","3055","55","1.83","24750296350"
"208370","셀바스헬스케어","KOSDAQ","","2280","-100","-4.2","58688485920"
"208640","썸에이지","KOSDAQ","","714","1","0.14","9941753850"
"208710","포톤","KOSDAQ","","2695","175","6.94","35520455740"
"208860","다산디엠씨","KOSDAQ","","1303","0","0.00","44236814819"
"209640","와이제이링크","KOSDAQ","","3085","-45","-1.44","87747105410"
"210120","캔버스엔","KOSDAQ","","1591","-25","-1.55","15424730681"
"211050","인카금융서비스","KOSDAQ","","10490","-80","-0.76","516775761930"
"211270","AP위성","KOSDAQ","","8600","-70","-0.81","129707814400"
"212560","네오오토","KOSDAQ","","11090","-740","-6.26","149563599320"
"212710","아이에스티이","KOSDAQ","","6950","-250","-3.47","67519097100"
"213420","덕산네오룩스","KOSDAQ","","30850","-1750","-5.37","766041872150"
"214150","클래시스","KOSDAQ","","32050","1050","3.39","2090802870950"
"214180","헥토이노베이션","KOSDAQ","","14430","50","0.35","187494285810"
"214260","라파스","KOSDAQ","","7850","-20","-0.25","70041334550"
"214270","FSN","KOSDAQ","","1311","-7","-0.53","59324894796"
"214370","케어젠","KOSDAQ","","41700","-600","-1.42","2239915500000"
"214430","아이쓰리시스템","KOSDAQ","","60000","-700","-1.15","438432900000"
"214450","파마리서치","KOSDAQ","","342000","-7500","-2.15","3553259616000"
"214610","롤링스톤","KOSDAQ","","2290","0","0.00","19197807380"
"214680","디알텍","KOSDAQ","","4370","-670","-13.29","72958946070"
"215000","골프존","KOSDAQ","","35600","0","0.00","223404774000"
"215090","솔디펜스","KOSDAQ","","1460","10","0.69","33807265060"
"215100","로보로보","KOSDAQ","","4150","-70","-1.66","84446084100"
"215200","메가스터디교육","KOSDAQ","","34150","-300","-0.87","353972126400"
"215360","우리산업","KOSDAQ","","6270","-50","-0.79","57258662010"
"215380","콜마바이오텍","KOSDAQ","","2190","-20","-0.9","36856771440"
"215480","토박스코리아","KOSDAQ","","2040","35","1.75","21909600000"
"215600","신라젠","KOSDAQ","","2230","-65","-2.83","308974447720"
"215790","이노인스트루먼트","KOSDAQ","","641","-9","-1.38","25821498509"
"216050","인크로스","KOSDAQ","","5090","0","0.00","62090985980"
"216080","제테마","KOSDAQ","","6660","-30","-0.45","248332079340"
"217190","제너셈","KOSDAQ","","6310","0","0.00","83000231910"
"217270","넵튠","KOSDAQ","","2580","-20","-0.77","120577958940"
"217330","싸이토젠","KOSDAQ","","3055","-35","-1.13","70660766085"
"217480","에스디생명공학","KOSDAQ","","499","0","0.00","54756837359"
"217500","러셀","KOSDAQ","","1521","0","0.00","48386052000"
"217730","강스템바이오텍","KOSDAQ","","2170","-40","-1.81","204097503330"
"217820","원익피앤이","KOSDAQ","","2820","175","6.62","133821856380"
"218150","미래생명자원","KOSDAQ","","2085","-15","-0.71","42566947170"
"218410","RFHIC","KOSDAQ","","48800","-2600","-5.06","1296881569600"
"219130","타이거일렉","KOSDAQ","","68400","-800","-1.16","431897436000"
"219420","링크제니시스","KOSDAQ","","3305","25","0.76","37906720635"
"219550","디와이디","KOSDAQ","","1179","-38","-3.12","48786088590"
"219750","한국비티비","KOSDAQ","","1620","-72","-4.26","21198310740"
"220100","퓨쳐켐","KOSDAQ","","8090","260","3.32","181437827800"
"220180","폴라리스AI핸디","KOSDAQ","","1500","50","3.45","35896263000"
"220260","켐트로스","KOSDAQ","","3820","-80","-2.05","122515250100"
"221800","지구홀딩스","KOSDAQ","","3790","-190","-4.77","61848445290"
"221840","하이즈항공","KOSDAQ","","2045","-25","-1.21","38242647245"
"221980","케이디켐","KOSDAQ","","9270","10","0.11","37402596000"
"222040","코스맥스엔비티","KOSDAQ","","7490","-470","-5.9","154503720000"
"222080","SFA넥셀","KOSDAQ","","7500","-250","-3.23","583351080000"
"222110","팬젠","KOSDAQ","","4955","5","0.1","66964392095"
"222420","쎄노텍","KOSDAQ","","1007","41","4.24","48757452661"
"222800","심텍","KOSDAQ","","131200","-2700","-2.02","4982218713600"
"222980","한국맥널티","KOSDAQ","","2285","-80","-3.38","25206938655"
"223250","드림씨아이에스","KOSDAQ","","3300","-140","-4.07","81181465200"
"223310","사토시홀딩스","KOSDAQ","","3010","-60","-1.95","15665972420"
"224060","더코디","KOSDAQ","","9890","0","0.00","51039540580"
"224110","에이텍모빌리티","KOSDAQ","","8690","-140","-1.59","44148554340"
"225190","LK삼양","KOSDAQ","","821","0","0.00","57854589240"
"225220","제놀루션","KOSDAQ","","1442","30","2.12","27672010282"
"225430","케이엠제약","KOSDAQ","","682","157","29.9","4423230350"
"225530","HC보광산업","KOSDAQ","","2100","0","0.00","76311326700"
"225570","넥슨게임즈","KOSDAQ","","11640","-50","-0.43","766612425360"
"225590","패션플랫폼","KOSDAQ","","3145","-25","-0.79","16106727520"
"226330","신테카바이오","KOSDAQ","","1239","17","1.39","30056250525"
"226340","본느","KOSDAQ","","5300","-690","-11.52","44469565200"
"226400","오스테오닉","KOSDAQ","","3975","-35","-0.87","82129863975"
"226590","엠디바이스","KOSDAQ","","12840","-320","-2.43","137603506560"
"226950","올릭스","KOSDAQ","","109300","9500","9.52","2302169505000"
"227610","아우딘퓨쳐스","KOSDAQ","","1058","-11","-1.03","20498296118"
"227950","엔투텍","KOSDAQ","","1304","-26","-1.95","44998704536"
"228340","동양파일","KOSDAQ","","3845","-165","-4.11","76900000000"
"228670","레이","KOSDAQ","","4635","70","1.53","72491497335"
"228760","지노믹트리","KOSDAQ","","10250","-90","-0.87","254806820500"
"228850","레이언스","KOSDAQ","","7200","10","0.14","119455300800"
"229000","젠큐릭스","KOSDAQ","","1940","-20","-1.02","45450640100"
"230240","에치에프알","KOSDAQ","","11600","-440","-3.65","154384400000"
"232140","와이씨","KOSDAQ","","11550","-650","-5.33","947623792500"
"232680","라온로보틱스","KOSDAQ","","9400","-170","-1.78","124620500000"
"232830","아이티센피엔에스","KOSDAQ","","1935","30","1.57","31992759810"
"234030","싸이닉솔루션","KOSDAQ","","2925","-75","-2.5","69044625000"
"234100","폴라리스세원","KOSDAQ","","2810","-20","-0.71","41030597160"
"234300","에스트래픽","KOSDAQ","","3220","20","0.63","87609051600"
"234340","헥토파이낸셜","KOSDAQ","","22600","-900","-3.83","315736825600"
"234690","녹십자웰빙","KOSDAQ","","9500","-120","-1.25","170651255000"
"234920","자이글","KOSDAQ","","5310","0","0.00","71849132100"
"235980","메드팩토","KOSDAQ","","2750","-65","-2.31","94256582750"
"236200","슈프리마","KOSDAQ","","51900","2100","4.22","361966740900"
"236810","엔비티","KOSDAQ","","1758","-10","-0.57","29842798908"
"237690","에스티팜","KOSDAQ","","90000","-1800","-1.96","1878897420000"
"237750","피앤씨테크","KOSDAQ","","3370","10","0.3","21893542000"
"237820","플레이디","KOSDAQ","","2290","25","1.1","29374150600"
"237880","클리오","KOSDAQ","","12450","350","2.89","224988344850"
"238090","앤디포스","KOSDAQ","","1815","0","0.00","55340148600"
"238120","얼라인드","KOSDAQ","","2940","-45","-1.51","41801725560"
"238200","비피도","KOSDAQ","","2735","-10","-0.36","22372300000"
"238490","힘스","KOSDAQ","","2265","-45","-1.95","25622214540"
"239340","이스트에이드","KOSDAQ","","504","0","0.00","13597735536"
"239610","에이치엘사이언스","KOSDAQ","","5300","-30","-0.56","28578209500"
"239890","피엔에이치테크","KOSDAQ","","3400","-50","-1.45","33781567000"
"240550","동방메디컬","KOSDAQ","","5580","-90","-1.59","116811385200"
"240600","유진테크놀로지","KOSDAQ","","1590","-50","-3.05","13196061900"
"240810","원익IPS","KOSDAQ","","110300","-8500","-7.15","5413954280300"
"241520","DSC인베스트먼트","KOSDAQ","","8000","-140","-1.72","212800000000"
"241690","유니테크노","KOSDAQ","","2610","-25","-0.95","63868542660"
"241710","코스메카코리아","KOSDAQ","","125700","4800","3.97","1342476000000"
"241770","메카로","KOSDAQ","","42000","0","0.00","428090880000"
"241790","티이엠씨씨엔에스","KOSDAQ","","6380","-10","-0.16","63816804920"
"241820","피씨엘","KOSDAQ","","6040","0","0.00","16803871920"
"241840","에이스토리","KOSDAQ","","2355","-25","-1.05","22466685870"
"242040","나무AX","KOSDAQ","","3045","-105","-3.33","105376073880"
"243070","휴온스","KOSDAQ","","20150","-100","-0.49","241390249750"
"243840","신흥에스이씨","KOSDAQ","","5710","-150","-2.56","220167521850"
"244460","올리패스","KOSDAQ","","1651","0","0.00","13415218661"
"245620","EDGC","KOSDAQ","","741","0","0.00","167118555474"
"246250","에스엘에스바이오","KOSDAQ","","1969","0","0.00","30220617614"
"246690","TS인베스트먼트","KOSDAQ","","2260","65","2.96","53738673240"
"246710","티앤알바이오팹","KOSDAQ","","2260","-55","-2.38","107721779040"
"246720","아스타","KOSDAQ","","6070","0","0.00","99434491000"
"246960","SCL사이언스","KOSDAQ","","2235","-120","-5.1","76028100045"
"247540","에코프로비엠","KOSDAQ","","110300","-8400","-7.08","10790696870200"
"247660","나노씨엠에스","KOSDAQ","","3885","75","1.97","20322124200"
"250000","보라티알","KOSDAQ","","5830","-20","-0.34","39356773390"
"250060","모비스","KOSDAQ","","3130","-15","-0.48","100696212820"
"250930","예선테크","KOSDAQ","","1622","-96","-5.59","10705342736"
"251120","바이오에프디엔씨","KOSDAQ","","8540","10","0.12","74261278000"
"251370","와이엠티","KOSDAQ","","7200","-230","-3.1","129695133600"
"251630","브이원텍","KOSDAQ","","3490","0","0.00","55640672140"
"251970","펌텍코리아","KOSDAQ","","52800","400","0.76","654720000000"
"252500","세화피앤씨","KOSDAQ","","2210","-60","-2.64","18336984380"
"252990","샘씨엔에스","KOSDAQ","","15780","1830","13.12","950238288420"
"253450","스튜디오드래곤","KOSDAQ","","21450","250","1.18","644754782100"
"253590","네오셈","KOSDAQ","","11540","-290","-2.45","506250152560"
"253840","수젠텍","KOSDAQ","","4530","10","0.22","75846696000"
"254120","자비스","KOSDAQ","","1031","-6","-0.58","31707652370"
"254490","미래반도체","KOSDAQ","","15050","-430","-2.78","217291900000"
"255220","SG","KOSDAQ","","1205","-68","-5.34","132023778910"
"255440","야스","KOSDAQ","","6870","-80","-1.15","89708460000"
"256150","한독크린텍","KOSDAQ","","4865","-25","-0.51","40841675000"
"256630","포인트엔지니어링","KOSDAQ","","4310","-10","-0.23","49993474340"
"256840","한국비엔씨","KOSDAQ","","2585","-40","-1.52","176800780310"
"256940","킵스파마","KOSDAQ","","5640","120","2.17","113240749080"
"257370","피엔티엠에스","KOSDAQ","","1975","22","1.13","24697100475"
"257720","실리콘투","KOSDAQ","","43500","-50","-0.11","2852566962000"
"258610","케일럼","KOSDAQ","","1163","-24","-2.02","42432128269"
"258790","소프트캠프","KOSDAQ","","5860","40","0.69","29289780160"
"258830","세종메디칼","KOSDAQ","","412","0","0.00","31223976612"
"259630","엠플러스","KOSDAQ","","9200","-160","-1.71","112446043200"
"260660","알리코제약","KOSDAQ","","2480","0","0.00","38011012080"
"260930","씨티케이","KOSDAQ","","2410","30","1.26","46613234310"
"260970","에스앤디","KOSDAQ","","55400","3300","6.33","160258571600"
"261200","덴티스","KOSDAQ","","2570","5","0.19","40630929000"
"261520","이지스","KOSDAQ","","5300","-510","-8.78","54472340000"
"261780","아리바이오랩","KOSDAQ","","3650","125","3.55","105689312400"
"262260","에이프로","KOSDAQ","","4195","45","1.08","63250783700"
"262840","아이퀘스트","KOSDAQ","","2690","-15","-0.55","28425100880"
"263020","디케이앤디","KOSDAQ","","3130","35","1.13","43307136980"
"263050","유틸렉스","KOSDAQ","","959","0","0.00","35324626904"
"263600","덕우전자","KOSDAQ","","3580","-30","-0.83","57030509800"
"263690","디알젬","KOSDAQ","","4920","-30","-0.61","55722001200"
"263700","케어랩스","KOSDAQ","","1973","38","1.96","38304216600"
"263720","디앤씨미디어","KOSDAQ","","7130","250","3.63","88501773830"
"263750","펄어비스","KOSDAQ","","35300","-900","-2.49","2218390023000"
"263770","유에스티","KOSDAQ","","1640","16","0.99","38868282080"
"263800","데이타솔루션","KOSDAQ","","4805","110","2.34","77962950900"
"263810","상신전자","KOSDAQ","","2570","-10","-0.39","40926800250"
"263860","지니언스","KOSDAQ","","16950","1590","10.35","153899220000"
"263920","휴엠앤씨","KOSDAQ","","3215","-30","-0.92","31536018590"
"264450","유비쿼스","KOSDAQ","","10190","-10","-0.1","149441373670"
"264660","씨앤지하이테크","KOSDAQ","","13080","-520","-3.82","127152929760"
"264850","이랜시스","KOSDAQ","","5790","-130","-2.2","175405803480"
"265520","AP시스템","KOSDAQ","","18580","-400","-2.11","279644254180"
"265560","영화테크","KOSDAQ","","6770","0","0.00","72372518600"
"265740","엔에프씨","KOSDAQ","","7100","430","6.45","126831560000"
"267320","나인테크","KOSDAQ","","2255","15","0.67","129471490225"
"267790","배럴","KOSDAQ","","3275","-75","-2.24","25182486975"
"267980","매일유업","KOSDAQ","","34200","200","0.59","262096419600"
"270520","앱튼","KOSDAQ","","3200","135","4.4","74108524800"
"270660","에브리봇","KOSDAQ","","13940","-200","-1.41","176906727020"
"270870","뉴트리","KOSDAQ","","3935","85","2.21","35394719010"
"271830","팸텍","KOSDAQ","","1095","-17","-1.53","32291771190"
"272110","케이엔제이","KOSDAQ","","25400","-650","-2.5","203845033000"
"272290","이녹스첨단소재","KOSDAQ","","20200","-400","-1.94","402737681800"
"273060","와이즈버즈","KOSDAQ","","3950","-110","-2.71","38823981200"
"273640","와이엠텍","KOSDAQ","","5170","-80","-1.52","56694220000"
"274090","켄코아에어로스페이스","KOSDAQ","","10010","-90","-0.89","137879812070"
"274400","이노시뮬레이션","KOSDAQ","","2205","-10","-0.45","20035717065"
"275630","에스에스알","KOSDAQ","","4370","55","1.27","22959140960"
"276040","스코넥","KOSDAQ","","327","0","0.00","7073119545"
"276730","한울앤제주","KOSDAQ","","1150","-2","-0.17","27149177000"
"277070","린드먼아시아","KOSDAQ","","3015","-65","-2.11","41281380000"
"277410","인산가","KOSDAQ","","5390","30","0.56","20703798500"
"277810","레인보우로보틱스","KOSDAQ","","436000","-13000","-2.9","8458338088000"
"277880","티에스아이","KOSDAQ","","3635","15","0.41","72130075620"
"278280","천보","KOSDAQ","","38150","-2100","-5.22","467452903750"
"278650","HLB바이오스텝","KOSDAQ","","2295","5","0.22","40007348820"
"279600","미디어젠","KOSDAQ","","3950","75","1.94","18504884950"
"281740","레이크머티리얼즈","KOSDAQ","","10900","-550","-4.8","716462973200"
"282620","기도산업","KOSDAQ","","12760","-310","-2.37","74782621320"
"282720","금양그린파워","KOSDAQ","","7630","30","0.39","92471785000"
"282880","코윈테크","KOSDAQ","","10000","-140","-1.38","116940820000"
"284620","카이노스메드","KOSDAQ","","1087","0","0.00","35965517911"
"285490","노바텍","KOSDAQ","","12070","150","1.26","127650280170"
"285800","진영","KOSDAQ","","4760","1095","29.88","17106402320"
"286750","나노실리칸첨단소재","KOSDAQ","","2515","-65","-2.52","40276286420"
"287840","인투셀","KOSDAQ","","16870","-110","-0.65","253420465200"
"288180","케이피항공산업","KOSDAQ","","7030","-200","-2.77","51974631860"
"288330","파라택시스코리아","KOSDAQ","","416","0","0.00","44129674368"
"288620","에스프리즘","KOSDAQ","","4105","145","3.66","28650092180"
"288980","모아데이타","KOSDAQ","","284","-10","-3.4","10332311636"
"289010","아이스크림에듀","KOSDAQ","","1115","0","0.00","15548960440"
"289080","SV인베스트먼트","KOSDAQ","","2605","-55","-2.07","156660096965"
"289220","자이언트스텝","KOSDAQ","","1000","-31","-3.01","22312221000"
"289930","웨이비스","KOSDAQ","","6940","-180","-2.53","91254129400"
"290090","트윔","KOSDAQ","","4235","205","5.09","31510805480"
"290120","DH오토리드","KOSDAQ","","2200","-30","-1.35","34815389400"
"290270","휴네시온","KOSDAQ","","2935","155","5.58","28198517320"
"290520","신도기연","KOSDAQ","","1594","24","1.53","25083445416"
"290550","디케이티","KOSDAQ","","15790","-30","-0.19","315819421700"
"290560","파라택시스이더리움","KOSDAQ","","1189","-56","-4.5","26589285970"
"290650","엘앤씨바이오","KOSDAQ","","47450","-1750","-3.56","1279712454800"
"290660","다이나믹솔루션","KOSDAQ","","1497","-117","-7.25","64128318336"
"290670","대보마그네틱","KOSDAQ","","5900","40","0.68","46360194000"
"290690","아리바이오홀딩스","KOSDAQ","","4065","-25","-0.61","215740952325"
"290720","푸드나무","KOSDAQ","","2745","210","8.28","104719754385"
"290740","액트로","KOSDAQ","","12160","-160","-1.3","122390533760"
"291230","컴투스엔","KOSDAQ","","2540","0","0.00","60988526740"
"291650","츌립앤사이언스","KOSDAQ","","1587","-5","-0.31","48434638527"
"291810","핀텔","KOSDAQ","","1930","167","9.47","21941614160"
"293490","카카오게임즈","KOSDAQ","","9230","-160","-1.7","985258795950"
"293580","나우IB","KOSDAQ","","1406","-9","-0.64","133471509700"
"293780","압타바이오","KOSDAQ","","6600","250","3.94","185416473000"
"294090","이오플로우","KOSDAQ","","1490","0","0.00","62295566450"
"294140","레몬","KOSDAQ","","2350","-25","-1.05","58549822300"
"294570","쿠콘","KOSDAQ","","29700","-750","-2.46","299724440400"
"294630","서남","KOSDAQ","","3070","-50","-1.6","81352479530"
"295310","에이치브이엠","KOSDAQ","","48200","-2100","-4.17","593419891200"
"296640","이노에이엑스","KOSDAQ","","6150","-10","-0.16","31846249800"
"297090","씨에스베어링","KOSDAQ","","4690","260","5.87","127896300000"
"297570","아틀라스링크","KOSDAQ","","869","0","0.00","30085838442"
"297890","HB솔루션","KOSDAQ","","1652","-11","-0.66","120828789928"
"298060","풍전약품","KOSDAQ","","2340","30","1.3","22551625980"
"298380","에이비엘바이오","KOSDAQ","","66100","-1700","-2.51","3700771304300"
"298540","더네이쳐홀딩스","KOSDAQ","","6560","60","0.92","95030692160"
"298830","슈어소프트테크","KOSDAQ","","4400","-90","-2.00","235217395600"
"299030","하나기술","KOSDAQ","","14520","-830","-5.41","116086093200"
"299170","더블유에스아이","KOSDAQ","","1152","-24","-2.04","47821003776"
"299660","셀리드","KOSDAQ","","2350","-80","-3.29","69331995950"
"300080","플리토","KOSDAQ","","9290","-910","-8.92","153335639790"
"300120","라온피플","KOSDAQ","","3250","20","0.62","32177609750"
"301300","바이브컴퍼니","KOSDAQ","","2360","350","17.41","31045120320"
"302430","이노메트리","KOSDAQ","","8110","-430","-5.04","79504016880"
"302550","리메드","KOSDAQ","","2650","-40","-1.49","80228784450"
"303030","지니틱스","KOSDAQ","","1581","-51","-3.13","14477969556"
"303360","프로티아","KOSDAQ","","5250","70","1.35","67618503750"
"303530","이노뎁","KOSDAQ","","3070","90","3.02","22531647930"
"303810","동국생명과학","KOSDAQ","","2220","5","0.23","71004790800"
"304100","솔트룩스","KOSDAQ","","15260","-690","-4.33","192182227300"
"304360","에스바이오메딕스","KOSDAQ","","20150","-750","-3.59","249560329200"
"304840","피플바이오","KOSDAQ","","561","0","0.00","13643890260"
"305090","마이크로디지탈","KOSDAQ","","538","0","0.00","10087410692"
"306040","에스제이그룹","KOSDAQ","","1738","-17","-0.97","16140882472"
"306620","지아이에스","KOSDAQ","","1850","25","1.37","88693040400"
"307180","아이엘","KOSDAQ","","5460","-240","-4.21","201559590960"
"307280","원바이오젠","KOSDAQ","","5850","-180","-2.99","41503567950"
"307750","국전","KOSDAQ","","2245","-10","-0.44","121199216560"
"307870","비투엔","KOSDAQ","","1317","6","0.46","97852158345"
"307930","컴퍼니케이","KOSDAQ","","5860","-10","-0.17","91474600000"
"308080","바이젠셀","KOSDAQ","","6540","-200","-2.97","134065160400"
"308100","형지글로벌","KOSDAQ","","291","-2","-0.68","7513619418"
"308430","셀비온","KOSDAQ","","12500","-310","-2.42","161315637500"
"309710","아이티켐","KOSDAQ","","21000","0","0.00","268443021000"
"309930","조이웍스앤코","KOSDAQ","","1040","75","7.77","20026124560"
"309960","LB인베스트먼트","KOSDAQ","","4210","-50","-1.17","97744576190"
"310200","애니플러스","KOSDAQ","","2015","0","0.00","105108114540"
"310210","보로노이","KOSDAQ","","145100","-1600","-1.09","2687766814800"
"310870","디와이씨","KOSDAQ","","1560","-81","-4.94","34199259120"
"311320","지오엘리먼트","KOSDAQ","","8430","-280","-3.21","106340740800"
"311390","네오크레마","KOSDAQ","","2440","20","0.83","30875245160"
"311690","CJ 바이오사이언스","KOSDAQ","","3855","0","0.00","50367356010"
"312610","에이에프더블류","KOSDAQ","","154","2","1.32","3119560752"
"313760","캐리","KOSDAQ","","468","0","0.00","5244963048"
"314130","지놈앤컴퍼니","KOSDAQ","","3250","-50","-1.52","169973131250"
"314140","알피바이오","KOSDAQ","","5980","-90","-1.48","51824838780"
"314930","바이오다인","KOSDAQ","","6650","40","0.61","197931284950"
"315640","딥노이드","KOSDAQ","","1727","-12","-0.69","50725844664"
"317120","라닉스","KOSDAQ","","1436","25","1.77","21913360000"
"317240","TS트릴리온","KOSDAQ","","1038","3","0.29","30285426018"
"317330","덕산테코피아","KOSDAQ","","12550","-920","-6.83","256981129200"
"317530","에피소드컴퍼니","KOSDAQ","","3015","15","0.5","52747069230"
"317690","퀀타매트릭스","KOSDAQ","","2400","-20","-0.83","48324069600"
"317770","엑스페릭스","KOSDAQ","","2670","295","12.42","97839864480"
"317830","에스피시스템스","KOSDAQ","","4375","-75","-1.69","47135453750"
"317850","대모","KOSDAQ","","6180","-20","-0.32","51444915600"
"317870","엔바이오니아","KOSDAQ","","4945","-5","-0.1","43723170775"
"318000","KBG","KOSDAQ","","2695","-30","-1.1","23554900985"
"318010","팜스빌","KOSDAQ","","3640","0","0.00","28862790320"
"318020","포인트모바일","KOSDAQ","","2660","-10","-0.37","32721383520"
"318060","그래피","KOSDAQ","","17410","-340","-1.92","194768751570"
"318160","셀바이오휴먼텍","KOSDAQ","","7000","270","4.01","65362591000"
"318410","비비씨","KOSDAQ","","6420","-30","-0.47","35664660060"
"319400","현대무벡스","KOSDAQ","","21650","-650","-2.91","2411291244350"
"319660","피에스케이","KOSDAQ","","123000","-7300","-5.6","3562905822000"
"320000","한울반도체","KOSDAQ","","10520","370","3.65","72731808400"
"321260","프로이천","KOSDAQ","","1645","6","0.37","46375978180"
"321370","센서뷰","KOSDAQ","","1161","-9","-0.77","81992433411"
"321550","티움바이오","KOSDAQ","","4655","-10","-0.21","139829101125"
"321820","아티스트컴퍼니","KOSDAQ","","2605","-40","-1.51","40615534480"
"322180","LS티라유텍","KOSDAQ","","3995","-35","-0.87","85876943470"
"322310","오로스테크놀로지","KOSDAQ","","12300","-560","-4.35","115208466600"
"322510","제이엘케이","KOSDAQ","","5280","775","17.2","135832709760"
"322780","코퍼스코리아","KOSDAQ","","1816","-14","-0.77","27256460224"
"323280","태성","KOSDAQ","","46650","-3200","-6.42","1424596767000"
"323350","다원넥스뷰","KOSDAQ","","8240","210","2.62","66008761280"
"323990","박셀바이오","KOSDAQ","","4475","-50","-1.1","104076618875"
"327260","RF머트리얼즈","KOSDAQ","","43600","200","0.46","784313380400"
"328130","루닛","KOSDAQ","","8490","10","0.12","632149948200"
"328380","솔트웨어","KOSDAQ","","3910","-65","-1.64","26793490050"
"330350","위더스제약","KOSDAQ","","7400","-500","-6.33","97677632000"
"330730","스톤브릿지벤처스","KOSDAQ","","4685","-140","-2.9","85350533550"
"330860","네패스아크","KOSDAQ","","23350","-1150","-4.69","284497450750"
"331380","포커스에이아이","KOSDAQ","","2135","35","1.67","78057448910"
"331520","밸로프","KOSDAQ","","2300","-45","-1.92","22542727800"
"331740","아우토크립트","KOSDAQ","","7300","720","10.94","71182234300"
"331920","셀레믹스","KOSDAQ","","13800","-260","-1.85","154305459000"
"332290","누보","KOSDAQ","","897","0","0.00","35607533559"
"332370","아이디피","KOSDAQ","","5320","-20","-0.37","70616222320"
"332570","PS일렉트로닉스","KOSDAQ","","7750","300","4.03","356039673250"
"333050","이노테나","KOSDAQ","","5600","210","3.9","27576752000"
"333430","일승","KOSDAQ","","3830","-35","-0.91","117683441010"
"333620","엔시스","KOSDAQ","","5230","50","0.97","57519069300"
"334970","프레스티지바이오로직스","KOSDAQ","","1662","-5","-0.3","129224882694"
"335810","프리시젼바이오","KOSDAQ","","1490","-4","-0.27","32704763940"
"335870","윙스풋","KOSDAQ","","5360","230","4.48","17956503840"
"336060","웨이버스","KOSDAQ","","2995","-45","-1.48","28844964800"
"336570","원텍","KOSDAQ","","5120","260","5.35","457116907520"
"336680","탑런토탈솔루션","KOSDAQ","","2945","30","1.03","115283668310"
"337930","젝시믹스","KOSDAQ","","2500","-25","-0.99","74191187500"
"338220","뷰노","KOSDAQ","","4820","-140","-2.82","67488786860"
"338840","와이바이오로직스","KOSDAQ","","8600","-250","-2.82","132473221800"
"339950","아이비김영","KOSDAQ","","2450","-35","-1.41","110119304750"
"340360","다보링크","KOSDAQ","","900","-46","-4.86","47706724800"
"340440","세림B&G","KOSDAQ","","756","0","0.00","21454043184"
"340450","지씨지놈","KOSDAQ","","5820","-120","-2.02","137647615260"
"340570","티앤엘","KOSDAQ","","27800","-250","-0.89","446749336000"
"340810","시선AI","KOSDAQ","","4135","245","6.3","57681108070"
"340930","성원에너텍","KOSDAQ","","806","0","0.00","55513882710"
"342870","오아","KOSDAQ","","3780","130","3.56","20601744660"
"344860","이노진","KOSDAQ","","1356","-47","-3.35","20380680000"
"347000","센코","KOSDAQ","","1935","8","0.42","73163987010"
"347700","스피어","KOSDAQ","","20050","-400","-1.96","1033604808100"
"347740","피엔케이피부임상연구센타","KOSDAQ","","1820","0","0.00","54619248320"
"347770","핌스","KOSDAQ","","907","-10","-1.09","20552349714"
"347850","디앤디파마텍","KOSDAQ","","47550","-1250","-2.56","2179578307950"
"347860","알체라","KOSDAQ","","1345","-7","-0.52","56696655215"
"347890","엠엑스온","KOSDAQ","","4485","0","0.00","76304219940"
"348030","모비릭스","KOSDAQ","","2905","-125","-4.13","27899039000"
"348080","큐라티스","KOSDAQ","","2890","-70","-2.36","37072206170"
"348150","고바이오랩","KOSDAQ","","2840","-65","-2.24","55149644760"
"348210","넥스틴","KOSDAQ","","31550","-2900","-8.42","330549507750"
"348340","뉴로메카","KOSDAQ","","19020","620","3.37","445228224480"
"348350","위드텍","KOSDAQ","","9200","-130","-1.39","89917120000"
"348370","엔켐","KOSDAQ","","22000","-1350","-5.78","482041868000"
"351320","넥사다이내믹스","KOSDAQ","","4010","-150","-3.61","119091554420"
"351330","이삭엔지니어링","KOSDAQ","","3450","-10","-0.29","28595394000"
"351870","차이커뮤니케이션","KOSDAQ","","2225","-5","-0.22","24832428450"
"352090","스톰테크","KOSDAQ","","3720","0","0.00","99967552560"
"352480","씨앤씨인터내셔널","KOSDAQ","","21350","-100","-0.47","290998386350"
"352700","씨앤투스","KOSDAQ","","1477","9","0.61","38810979823"
"352770","셀레스트라","KOSDAQ","","5250","0","0.00","13610136750"
"352910","오비고","KOSDAQ","","4925","105","2.18","62241174850"
"352940","인바이오","KOSDAQ","","2225","240","12.09","24180699250"
"353190","휴럼","KOSDAQ","","2605","-10","-0.38","20516156820"
"353590","오토앤","KOSDAQ","","1592","-12","-0.75","20497907440"
"353810","이지바이오","KOSDAQ","","6120","40","0.66","202461350400"
"354200","엔젠바이오","KOSDAQ","","1263","-32","-2.47","11286904329"
"354320","알멕","KOSDAQ","","39850","4500","12.73","254696532850"
"355150","코스텍시스","KOSDAQ","","19340","-1360","-6.57","150800749000"
"355390","크라우드웍스","KOSDAQ","","1161","-110","-8.65","18430113384"
"355690","에이텀","KOSDAQ","","4925","-20","-0.4","47134165825"
"356680","엑스게이트","KOSDAQ","","16060","3700","29.94","458408481520"
"356860","티엘비","KOSDAQ","","37900","350","0.93","898277754000"
"356890","싸이버원","KOSDAQ","","2585","275","11.9","30900637625"
"357230","에이치피오","KOSDAQ","","2080","15","0.73","85890430080"
"357550","석경에이티","KOSDAQ","","32300","0","0.00","176196500000"
"357580","아모센스","KOSDAQ","","5250","20","0.38","61896250500"
"357780","솔브레인","KOSDAQ","","330000","-12000","-3.51","2566926780000"
"357880","SKAI","KOSDAQ","","1812","-22","-1.2","98178001440"
"358570","지아이이노베이션","KOSDAQ","","8540","290","3.52","550966691240"
"359090","씨엔알리서치","KOSDAQ","","2050","0","0.00","23562993150"
"360070","탑머티리얼","KOSDAQ","","8390","-220","-2.56","68731240770"
"360350","코셈","KOSDAQ","","5430","360","7.1","29528177100"
"361390","제노코","KOSDAQ","","12030","-300","-2.43","117128663430"
"361570","알비더블유","KOSDAQ","","1700","199","13.26","48863594700"
"361670","삼영에스앤씨","KOSDAQ","","3585","25","0.7","20318553930"
"362320","청담글로벌","KOSDAQ","","4580","245","5.65","94773559860"
"362990","드림인사이트","KOSDAQ","","1211","-12","-0.98","20345495114"
"363250","진시스템","KOSDAQ","","4250","190","4.68","36160623500"
"363260","모비데이즈","KOSDAQ","","4230","-20","-0.47","27210545190"
"364950","에이아이코리아","KOSDAQ","","3345","-90","-2.62","27751608525"
"365270","큐라클","KOSDAQ","","9350","-350","-3.61","207167875200"
"365330","에스와이스틸텍","KOSDAQ","","1618","-43","-2.59","81176678000"
"365340","성일하이텍","KOSDAQ","","36450","-600","-1.62","470974641750"
"365590","하이딥","KOSDAQ","","783","0","0.00","28825792650"
"365660","레몬헬스케어","KOSDAQ","","4575","-95","-2.03","61559182425"
"365900","브이씨","KOSDAQ","","2500","115","4.82","18275750000"
"366030","나인앤컴퍼니","KOSDAQ","","4660","-85","-1.79","105566941000"
"367000","플래티어","KOSDAQ","","3560","35","0.99","29862016920"
"368600","아이씨에이치","KOSDAQ","","956","0","0.00","24660416740"
"368770","파이버프로","KOSDAQ","","12210","-40","-0.33","401150087250"
"368970","오에스피","KOSDAQ","","2560","10","0.39","28773678080"
"369370","블리츠웨이엔터테인먼트","KOSDAQ","","3525","0","0.00","35159696550"
"370090","퓨런티어","KOSDAQ","","6010","-120","-1.96","51426548300"
"371950","풍원정밀","KOSDAQ","","2825","0","0.00","66571153250"
"372170","윤성에프앤씨","KOSDAQ","","21350","-650","-2.95","170352674800"
"372320","큐로셀","KOSDAQ","","22850","50","0.22","347940423200"
"372800","아이티아이즈","KOSDAQ","","2940","-25","-0.84","20689335660"
"373110","엑셀세라퓨틱스","KOSDAQ","","1016","16","1.6","17571104304"
"373160","데이원컴퍼니","KOSDAQ","","2980","-15","-0.5","41146257620"
"373170","엠아이큐브솔루션","KOSDAQ","","1997","-48","-2.35","30182238630"
"373200","엑스플러스","KOSDAQ","","1925","38","2.01","48208231225"
"376180","피코그램","KOSDAQ","","1337","-35","-2.55","24816107806"
"376270","HEM파마","KOSDAQ","","35200","50","0.14","254113974400"
"376290","씨유테크","KOSDAQ","","2725","30","1.11","48116687500"
"376300","디어유","KOSDAQ","","17850","270","1.54","423730547100"
"376900","로킷헬스케어","KOSDAQ","","31300","3300","11.79","544910777000"
"376930","노을","KOSDAQ","","1542","-51","-3.2","15818243088"
"376980","원티드랩","KOSDAQ","","2985","-100","-3.24","29152686090"
"377030","비트맥스","KOSDAQ","","1840","20","1.1","26296731680"
"377220","프롬바이오","KOSDAQ","","3050","-10","-0.33","17269100000"
"377330","이지트로닉스","KOSDAQ","","2760","60","2.22","22466273040"
"377450","리파인","KOSDAQ","","16950","20","0.12","293743500000"
"377460","큐에이드","KOSDAQ","","4080","0","0.00","253187202960"
"377480","마음AI","KOSDAQ","","10160","-60","-0.59","72240394000"
"378340","필에너지","KOSDAQ","","11580","-460","-3.82","250636153560"
"378800","샤페론","KOSDAQ","","510","0","0.00","23583945810"
"380540","옵티코어","KOSDAQ","","8450","0","0.00","206658126350"
"380550","뉴로핏","KOSDAQ","","6970","-10","-0.14","85026096020"
"381620","제닉스로보틱스","KOSDAQ","","5940","-220","-3.57","77920444800"
"382150","온코크로스","KOSDAQ","","3200","-155","-4.62","41748332800"
"382480","지아이텍","KOSDAQ","","1619","0","0.00","63719209660"
"382800","지앤비에스 에코","KOSDAQ","","4960","-200","-3.88","157881963360"
"382840","원준","KOSDAQ","","5180","80","1.57","79106789580"
"382900","범한퓨얼셀","KOSDAQ","","25050","350","1.42","219463050000"
"383310","에코프로에이치엔","KOSDAQ","","23100","-200","-0.86","484520929200"
"383930","디티앤씨알오","KOSDAQ","","1569","-28","-1.75","20058296832"
"384470","코어라인소프트","KOSDAQ","","2585","-20","-0.77","46392198820"
"386380","스카이랩스","KOSDAQ","","25550","-550","-2.11","479368512350"
"387570","파인메딕스","KOSDAQ","","6440","-20","-0.31","36230796000"
"387690","레메디","KOSDAQ","","17110","-1400","-7.56","130477284010"
"388050","지투파워","KOSDAQ","","11110","-70","-0.63","207861845070"
"388210","씨엠티엑스","KOSDAQ","","72300","-4600","-5.98","698015867400"
"388610","지에프씨생명과학","KOSDAQ","","5720","130","2.33","30461190760"
"388720","유일로보틱스","KOSDAQ","","68700","-2600","-3.65","809378401500"
"388790","라이콤","KOSDAQ","","4470","-215","-4.59","136845295200"
"388870","파로스아이바이오","KOSDAQ","","5550","30","0.54","71849922600"
"389020","자람테크놀로지","KOSDAQ","","21800","-750","-3.33","150530787600"
"389030","지니너스","KOSDAQ","","1805","-12","-0.66","71103049155"
"389140","포바이포","KOSDAQ","","5370","20","0.37","76628476950"
"389260","대명에너지","KOSDAQ","","13340","20","0.15","239003775500"
"389470","인벤티지랩","KOSDAQ","","25300","-150","-0.59","336685012400"
"389500","에스비비테크","KOSDAQ","","40350","1200","3.07","268871095200"
"389650","넥스트바이오메디컬","KOSDAQ","","29500","-50","-0.17","244179937000"
"389680","유디엠텍","KOSDAQ","","2220","115","5.46","18471938460"
"391710","코닉오토메이션","KOSDAQ","","1077","-3","-0.28","45902246190"
"393210","토마토시스템","KOSDAQ","","2150","-15","-0.69","33571269600"
"393890","더블유씨피","KOSDAQ","","10030","130","1.31","339446734320"
"393970","대진첨단소재","KOSDAQ","","2825","0","0.00","50428566500"
"394280","오픈엣지테크놀로지","KOSDAQ","","8270","-300","-3.5","217885803100"
"394420","리센스메디컬","KOSDAQ","","9700","120","1.25","106697099700"
"394800","쓰리빌리언","KOSDAQ","","4300","-100","-2.27","136836977900"
"396270","넥스트칩","KOSDAQ","","2080","20","0.97","68405856480"
"396300","HT로보틱스","KOSDAQ","","4775","-190","-3.83","126487362500"
"396470","워트","KOSDAQ","","6720","-60","-0.88","108326400000"
"397030","에이프릴바이오","KOSDAQ","","17130","-120","-0.7","472081935660"
"397810","애드포러스","KOSDAQ","","6850","200","3.01","35351274500"
"398120","에스지헬스케어","KOSDAQ","","1780","20","1.14","21077889580"
"399720","가온칩스","KOSDAQ","","40950","-3200","-7.25","485619661800"
"402030","코난테크놀로지","KOSDAQ","","13100","-700","-5.07","163979092800"
"402490","그린리소스","KOSDAQ","","6390","-110","-1.69","108216036630"
"403490","우듬지팜","KOSDAQ","","2115","-30","-1.4","19429430580"
"403850","더핑크퐁컴퍼니","KOSDAQ","","12630","210","1.69","181253256300"
"403870","HPSP","KOSDAQ","","53300","-2300","-4.14","4386590000000"
"405000","플라즈맵","KOSDAQ","","3160","-30","-0.94","16980361120"
"405100","큐알티","KOSDAQ","","14250","100","0.71","175122539250"
"405920","나라셀라","KOSDAQ","","1769","2","0.11","22781316444"
"406820","뷰티스킨","KOSDAQ","","1980","99","5.26","27989590860"
"407400","꿈비","KOSDAQ","","2075","-40","-1.89","30366658050"
"408470","한패스","KOSDAQ","","5100","-90","-1.73","53917200000"
"408900","스튜디오미르","KOSDAQ","","1060","9","0.86","34718104740"
"408920","메쎄이상","KOSDAQ","","2970","-40","-1.33","128400391350"
"411080","샌즈랩","KOSDAQ","","5510","1265","29.8","84124685380"
"412350","레이저쎌","KOSDAQ","","4900","-130","-2.58","71554910700"
"412540","제일엠앤에스","KOSDAQ","","3935","0","0.00","81063616775"
"413390","엠오티","KOSDAQ","","6700","-100","-1.47","77587206000"
"413630","씨피시스템","KOSDAQ","","4240","40","0.95","154491205200"
"413640","비아이매트릭스","KOSDAQ","","5830","-60","-1.02","42016460200"
"415380","스튜디오삼익","KOSDAQ","","2190","20","0.92","25060115250"
"416180","신성에스티","KOSDAQ","","24050","-600","-2.43","217406660900"
"417010","나노팀","KOSDAQ","","6220","10","0.16","125474368160"
"417030","니어스랩","KOSDAQ","","28700","-650","-2.21","165815857200"
"417180","핑거스토리","KOSDAQ","","4200","-15","-0.36","18098703000"
"417200","LS머트리얼즈","KOSDAQ","","11320","-180","-1.57","765828099880"
"417500","제이아이테크","KOSDAQ","","3845","-35","-0.9","126057340680"
"417790","트루엔","KOSDAQ","","7250","0","0.00","75895834750"
"417840","저스템","KOSDAQ","","15720","930","6.29","359506669320"
"417860","오브젠","KOSDAQ","","6790","-10","-0.15","31959891740"
"417970","모델솔루션","KOSDAQ","","10310","-70","-0.67","65949977000"
"418250","시큐레터","KOSDAQ","","6550","0","0.00","47629012750"
"418420","라온텍","KOSDAQ","","3960","-90","-2.22","121867249680"
"418470","KT밀리의서재","KOSDAQ","","9590","60","0.63","82145916510"
"418550","제이오","KOSDAQ","","4860","-85","-1.72","155605890780"
"418620","E8","KOSDAQ","","641","0","0.00","12724155757"
"419050","삼기에너지솔루션즈","KOSDAQ","","1655","-12","-0.72","94659777200"
"419080","엔젯","KOSDAQ","","5140","10","0.19","55881139380"
"419120","산돌","KOSDAQ","","2395","15","0.63","34064298155"
"419530","SAMG엔터","KOSDAQ","","17640","-320","-1.78","180057424680"
"419540","비스토스","KOSDAQ","","3220","-105","-3.16","19185574660"
"420570","제이투케이바이오","KOSDAQ","","8450","-60","-0.71","49411231350"
"420770","기가비스","KOSDAQ","","93800","-3800","-3.89","1188986100400"
"424760","벨로크","KOSDAQ","","2320","-85","-3.53","23326133760"
"424870","이뮨온시아","KOSDAQ","","2755","-90","-3.16","251813251095"
"424960","스마트레이더시스템","KOSDAQ","","3840","-5","-0.13","63302822400"
"424980","마이크로투나노","KOSDAQ","","9510","-140","-1.45","56288643900"
"425040","티이엠씨","KOSDAQ","","8970","-50","-0.55","196648395060"
"425420","티에프이","KOSDAQ","","55800","-3100","-5.26","688972699800"
"429270","시지트로닉스","KOSDAQ","","3095","-90","-2.83","19960369945"
"430690","한싹","KOSDAQ","","2830","245","9.48","30833710320"
"431190","케이쓰리아이","KOSDAQ","","3810","625","19.62","28523344020"
"432430","와이랩","KOSDAQ","","2070","0","0.00","34172222400"
"432470","케이엔에스","KOSDAQ","","9600","-380","-3.81","84206937600"
"432720","퀄리타스반도체","KOSDAQ","","9570","-510","-5.06","135775064040"
"432980","엠에프씨","KOSDAQ","","2425","-50","-2.02","20834974350"
"434480","모니터랩","KOSDAQ","","2895","350","13.75","35638318500"
"435570","에르코스","KOSDAQ","","7100","-80","-1.11","54080579300"
"437730","삼현","KOSDAQ","","42300","3650","9.44","1341230084100"
"438700","버넥트","KOSDAQ","","1734","-5","-0.29","19325239260"
"439090","마녀공장","KOSDAQ","","16400","540","3.4","268849464000"
"439580","블루엠텍","KOSDAQ","","2170","5","0.23","73447006990"
"439960","코스모로보틱스","KOSDAQ","","12010","-410","-3.3","389732018260"
"440110","파두","KOSDAQ","","68500","-10800","-13.62","3432605349500"
"440290","HB인베스트먼트","KOSDAQ","","1765","21","1.2","48548848950"
"440320","오픈놀","KOSDAQ","","2250","-20","-0.88","22455000000"
"441270","파인엠텍","KOSDAQ","","8290","190","2.35","349878886280"
"443250","레뷰코퍼레이션","KOSDAQ","","5800","130","2.29","62696938600"
"443670","에스피소프트","KOSDAQ","","4725","1090","29.99","113449914900"
"444530","심플랫폼","KOSDAQ","","4665","200","4.48","30004281690"
"445090","에이직랜드","KOSDAQ","","20650","-750","-3.5","225614837700"
"445180","퓨릿","KOSDAQ","","7810","-90","-1.14","134247558280"
"445680","큐리옥스바이오시스템즈","KOSDAQ","","48000","-550","-1.13","826151376000"
"446540","메가터치","KOSDAQ","","8430","250","3.06","245136905730"
"446840","지슨","KOSDAQ","","3235","85","2.7","35638752760"
"448280","에코아이","KOSDAQ","","9350","60","0.65","277051056150"
"448710","코츠테크놀로지","KOSDAQ","","11240","-80","-0.71","59406682080"
"448900","한국피아이엠","KOSDAQ","","51100","-200","-0.39","310404752700"
"450330","하스","KOSDAQ","","5180","50","0.97","42407846740"
"450520","인스웨이브","KOSDAQ","","1954","34","1.77","28732745412"
"450950","아스테라시스","KOSDAQ","","4950","10","0.2","186256580400"
"451220","아이엠티","KOSDAQ","","7980","-240","-2.92","62839395780"
"451250","삐아","KOSDAQ","","7270","0","0.00","74342125790"
"451760","컨텍","KOSDAQ","","7220","-70","-0.96","119186128280"
"452160","제이엔비","KOSDAQ","","3000","-35","-1.15","28852581000"
"452190","한빛레이저","KOSDAQ","","5080","140","2.83","121516429560"
"452200","민테크","KOSDAQ","","1665","-34","-2.00","40514112000"
"452280","한선엔지니어링","KOSDAQ","","10710","30","0.28","206142545700"
"452300","캡스톤파트너스","KOSDAQ","","2375","35","1.5","33652574375"
"452400","이닉스","KOSDAQ","","5790","-250","-4.14","52523568120"
"452430","사피엔반도체","KOSDAQ","","37200","100","0.27","307101661200"
"452450","피아이이","KOSDAQ","","5300","375","7.61","190951050000"
"453450","그리드위즈","KOSDAQ","","12980","-520","-3.85","103096895000"
"453860","에이에스텍","KOSDAQ","","8290","140","1.72","53424266670"
"455180","케이지에이","KOSDAQ","","1253","-16","-1.26","18417917168"
"455900","엔젤로보틱스","KOSDAQ","","21100","-700","-3.21","324791899100"
"456010","아이씨티케이","KOSDAQ","","17200","2050","13.53","249440420000"
"456070","이엔셀","KOSDAQ","","5430","-140","-2.51","59890277310"
"456160","지투지바이오","KOSDAQ","","33000","-1200","-3.51","548771058000"
"457370","한켐","KOSDAQ","","8400","670","8.67","67763925600"
"457550","우진엔텍","KOSDAQ","","14880","320","2.2","138666095040"
"457600","벡트","KOSDAQ","","4605","-230","-4.76","63123037500"
"458350","에스팀","KOSDAQ","","3140","30","0.96","27265248000"
"458650","성우","KOSDAQ","","7770","-70","-0.89","116904855900"
"458870","씨어스","KOSDAQ","","24000","700","3.00","920288688000"
"459100","위츠","KOSDAQ","","3960","-135","-3.3","53325756000"
"459510","나우로보틱스","KOSDAQ","","17820","2450","15.94","231274767240"
"459550","알트","KOSDAQ","","2250","-245","-9.82","56746712250"
"460470","아이빔테크놀로지","KOSDAQ","","2800","0","0.00","42334236000"
"460870","에스엠씨지","KOSDAQ","","2735","-35","-1.26","54900486440"
"460930","현대힘스","KOSDAQ","","13720","20","0.15","487206406120"
"460940","피앤에스로보틱스","KOSDAQ","","5090","-80","-1.55","68487375200"
"461030","아이엠비디엑스","KOSDAQ","","2745","-10","-0.36","39348249165"
"461300","아이스크림미디어","KOSDAQ","","19200","-70","-0.36","256011513600"
"462310","뉴키즈온","KOSDAQ","","3770","-80","-2.08","29777740850"
"462350","이노스페이스","KOSDAQ","","6050","70","1.17","204983510600"
"462510","라메디텍","KOSDAQ","","2645","20","0.76","23283842425"
"462860","더즌","KOSDAQ","","3000","-125","-4.00","215269569000"
"462980","아이지넷","KOSDAQ","","1589","9","0.57","28974520393"
"463020","뉴엔AI","KOSDAQ","","7900","-400","-4.82","70998880000"
"463480","모티브링크","KOSDAQ","","4040","0","0.00","50057046320"
"464080","에스오에스랩","KOSDAQ","","10110","-130","-1.27","182117182590"
"464280","티디에스팜","KOSDAQ","","5520","0","0.00","30525600000"
"464490","쿼드메디슨","KOSDAQ","","4770","-50","-1.04","54769679010"
"464500","아이언디바이스","KOSDAQ","","1582","-58","-3.54","22137342066"
"464580","닷밀","KOSDAQ","","1593","117","7.93","29320899777"
"465320","교보15호스팩","KOSDAQ","","2140","0","0.00","8153400000"
"465480","인스피언","KOSDAQ","","3640","140","4.00","36901490080"
"466100","클로봇","KOSDAQ","","23700","-700","-2.87","733603614300"
"466410","사이냅소프트","KOSDAQ","","8490","20","0.24","42764325270"
"466690","키움히어로제1호스팩","KOSDAQ","","2010","0","0.00","10240950000"
"468530","프로티나","KOSDAQ","","27450","-1050","-3.68","304836312600"
"468760","유진스팩10호","KOSDAQ","","2080","0","0.00","8819200000"
"469480","IBKS제24호스팩","KOSDAQ","","2130","0","0.00","9009900000"
"469610","이노테크","KOSDAQ","","16670","900","5.71","149078143000"
"469750","아이비젼웍스","KOSDAQ","","991","0","0.00","34146372671"
"469900","하나31호스팩","KOSDAQ","","2095","0","0.00","11742475000"
"471820","셀로맥스사이언스","KOSDAQ","","4035","130","3.33","45607116765"
"472230","에스케이증권제11호스팩","KOSDAQ","","2105","5","0.24","8746275000"
"472850","폰드그룹","KOSDAQ","","4835","-100","-2.03","278358937420"
"473000","에스케이증권제12호스팩","KOSDAQ","","2080","-5","-0.24","6884800000"
"473050","유안타제15호스팩","KOSDAQ","","2105","0","0.00","14756050000"
"473950","에스케이증권제13호스팩","KOSDAQ","","2045","-10","-0.49","9038900000"
"473980","노머스","KOSDAQ","","10990","-100","-0.9","119601444480"
"474170","루미르","KOSDAQ","","6540","-150","-2.24","116527731840"
"474490","유안타제16호스팩","KOSDAQ","","2075","0","0.00","11433250000"
"474610","RF시스템즈","KOSDAQ","","6980","-20","-0.29","100618235600"
"474650","링크솔루션","KOSDAQ","","25600","-150","-0.58","147284019200"
"474660","신한제12호스팩","KOSDAQ","","2085","-5","-0.24","11509200000"
"474930","신한제13호스팩","KOSDAQ","","2100","0","0.00","7602000000"
"475040","스트라드비젼","KOSDAQ","","3795","-15","-0.39","204267096990"
"475230","엔알비","KOSDAQ","","11170","920","8.98","121738289110"
"475240","하나32호스팩","KOSDAQ","","2095","5","0.24","6704000000"
"475250","하나33호스팩","KOSDAQ","","2085","0","0.00","7714500000"
"475400","씨메스로보틱스","KOSDAQ","","19730","270","1.39","232950018620"
"475430","키스트론","KOSDAQ","","4155","55","1.34","74158897050"
"475460","미트박스","KOSDAQ","","8670","190","2.24","48955371750"
"475580","에이럭스","KOSDAQ","","7130","-70","-0.97","97145537000"
"475660","에스켐","KOSDAQ","","3275","15","0.46","25970209625"
"475830","오름테라퓨틱","KOSDAQ","","51000","-2100","-3.95","1107699090000"
"475960","토모큐브","KOSDAQ","","27250","-400","-1.45","367225741500"
"476040","오가노이드사이언스","KOSDAQ","","6650","0","0.00","43795304000"
"476060","온코닉테라퓨틱스","KOSDAQ","","14950","-670","-4.29","678847208000"
"476080","M83","KOSDAQ","","4050","40","1.00","32711850000"
"476830","알지노믹스","KOSDAQ","","26500","-1200","-4.33","743469054000"
"477340","에이치엠씨제7호스팩","KOSDAQ","","2060","0","0.00","15470600000"
"477380","미래에셋비전스팩4호","KOSDAQ","","2080","5","0.24","16848000000"
"477470","미래에셋비전스팩5호","KOSDAQ","","2080","0","0.00","11398400000"
"477760","DB금융스팩12호","KOSDAQ","","2070","-5","-0.24","12088800000"
"477850","마키나락스","KOSDAQ","","23300","300","1.3","413685348800"
"478110","이베스트스팩6호","KOSDAQ","","2055","5","0.24","10316100000"
"478340","나라스페이스테크놀로지","KOSDAQ","","10300","-300","-2.83","119172369900"
"478390","KB제29호스팩","KOSDAQ","","2065","-5","-0.24","12844300000"
"478440","미래에셋비전스팩6호","KOSDAQ","","2075","-5","-0.24","14379750000"
"478560","블랙야크아이앤씨","KOSDAQ","","3145","85","2.78","81236287210"
"479880","한국제15호스팩","KOSDAQ","","2072","7","0.34","14234640000"
"479960","위너스일렉","KOSDAQ","","6250","10","0.16","44537500000"
"481070","에이유브랜즈","KOSDAQ","","15100","-500","-3.21","216386775000"
"481890","엔에이치스팩31호","KOSDAQ","","2075","5","0.24","13165875000"
"482520","교보16호스팩","KOSDAQ","","2065","5","0.24","12596500000"
"482630","삼양엔씨켐","KOSDAQ","","12320","-330","-2.61","269663609600"
"482680","미래에셋비전스팩7호","KOSDAQ","","2055","0","0.00","16881825000"
"482690","대신밸런스제19호스팩","KOSDAQ","","2080","-10","-0.48","11679200000"
"483350","딜리셔스","KOSDAQ","","2935","-110","-3.61","65020405100"
"484120","도우인시스","KOSDAQ","","18770","-540","-2.8","205670810940"
"484130","하나34호스팩","KOSDAQ","","2025","-5","-0.25","9153000000"
"484590","삼양컴텍","KOSDAQ","","6800","-100","-1.45","280231060000"
"484810","티엑스알로보틱스","KOSDAQ","","13010","-680","-4.97","201016404150"
"486630","KB제30호스팩","KOSDAQ","","2055","0","0.00","10912050000"
"486990","노타","KOSDAQ","","17210","-510","-2.88","368163720300"
"487360","신한제14호스팩","KOSDAQ","","2030","-5","-0.25","11449200000"
"487400","케이앤에스아이앤씨","KOSDAQ","","7170","-370","-4.91","73570523940"
"487580","폴레드","KOSDAQ","","3100","-20","-0.64","78066869100"
"487720","키움제10호스팩","KOSDAQ","","2035","-10","-0.49","8608050000"
"487830","신한제15호스팩","KOSDAQ","","2045","0","0.00","8895750000"
"488060","유진스팩11호","KOSDAQ","","2035","0","0.00","9605200000"
"488280","에스투더블유","KOSDAQ","","14850","3100","26.38","160758467100"
"488900","비츠로넥스텍","KOSDAQ","","9910","-120","-1.2","287156550130"
"489210","교보17호스팩","KOSDAQ","","2040","0","0.00","10567200000"
"489460","바이오비쥬","KOSDAQ","","11790","800","7.28","173941253730"
"489480","키움제11호스팩","KOSDAQ","","2200","0","0.00","14520000000"
"489500","엘케이켐","KOSDAQ","","20700","-450","-2.13","132298626600"
"489730","디비금융제13호스팩","KOSDAQ","","2030","0","0.00","12853960000"
"490470","세미파이브","KOSDAQ","","15240","-640","-4.03","518547705600"
"491000","리브스메드","KOSDAQ","","32550","-1100","-3.27","822059071050"
"492220","KB제31호스팩","KOSDAQ","","2035","0","0.00","12637350000"
"493280","아이엠바이오로직스","KOSDAQ","","15900","920","6.14","235901129100"
"493330","지에프아이","KOSDAQ","","12820","-960","-6.97","103066556660"
"493790","유안타제17호스팩","KOSDAQ","","2025","5","0.25","10752750000"
"494120","큐리오시스","KOSDAQ","","8330","10","0.12","127113834120"
"496070","신한제16호스팩","KOSDAQ","","1995","-1","-0.05","11211900000"
"498390","한화플러스제5호스팩","KOSDAQ","","2035","0","0.00","10093600000"
"900070","글로벌에스엠","KOSDAQ","","1003","4","0.4","26952599952"
"900100","파이온엑스","KOSDAQ","","2170","20","0.93","11449028500"
"900110","딥커머스","KOSDAQ","","1201","0","0.00","22142994331"
"900120","씨엑스아이","KOSDAQ","","1040","0","0.00","17336446400"
"900250","크리스탈신소재","KOSDAQ","","1185","7","0.59","42440776185"
"900260","로스웰","KOSDAQ","","1936","26","1.36","89113510816"
"900270","헝셩그룹","KOSDAQ","","3565","455","14.63","38189306720"
"900290","GRT","KOSDAQ","","3645","-35","-0.95","304395932880"
"900300","오가닉티코스메틱","KOSDAQ","","3315","85","2.63","68223021555"
"900310","컬러레이","KOSDAQ","","2135","-35","-1.61","27345795225"
"900340","윙입푸드","KOSDAQ","","1406","2","0.14","50029321192"
"950130","엑세스바이오","KOSDAQ","","2475","25","1.02","87055239150"
"950140","잉글우드랩","KOSDAQ","","8280","210","2.6","164505930480"
"950160","코오롱티슈진","KOSDAQ","","16850","-410","-2.38","1431747196000"
"950170","JTC","KOSDAQ","","4320","0","0.00","210699856800"
"950190","고스트스튜디오","KOSDAQ","","9730","130","1.35","126655984070"
"950200","소마젠","KOSDAQ","","3220","65","2.06","61940090660"
"950220","네오이뮨텍","KOSDAQ","","2115","-10","-0.47","72358041600"
"950250","테라뷰","KOSDAQ","","3500","-160","-4.37","124939262000"
"950260","인제니아테라퓨틱스(Reg.S)","KOSDAQ","","15450","-1060","-6.42","763919178150"
