종목코드,종목명,시장구분,업종명,종가,대비,등락률,시가총액
"060310","3S","KOSDAQ","의료·정밀기기","1317","107","8.84","69878755680"
"054620","APS","KOSDAQ","금융","4445","240","5.71","81762312345"
"079810","APS이노베이션","KOSDAQ","전기·전자","3830","150","4.08","82452600020"
"265520","AP시스템","KOSDAQ","기계·장비","25400","2150","9.25","382290853400"
"211270","AP위성","KOSDAQ","전기·전자","12260","-330","-2.62","184909047040"
"126600","BGF에코머티리얼즈","KOSDAQ","화학","3175","135","4.44","199284904325"
"083790","CG인바이츠","KOSDAQ","일반서비스","889","48","5.71","68358927798"
"035760","CJ ENM","KOSDAQ","오락·문화","38100","0","0.00","835500767400"
"311690","CJ 바이오사이언스","KOSDAQ","일반서비스","4890","-10","-0.20","63890109180"
"051500","CJ프레시웨이","KOSDAQ","유통","23700","100","0.42","281356588200"
"058820","CMG제약","KOSDAQ","제약","1122","22","2.00","165878929326"
"056730","CNT85","KOSDAQ","건설","1792","72","4.19","26561448704"
"065770","CS","KOSDAQ","전기·전자","1706","61","3.71","16557693890"
"083660","CSA 코스믹","KOSDAQ","화학","395","91","29.93","24817636305"
"477760","DB금융스팩12호","KOSDAQ","금융","2050","-5","-0.24","11972000000"
"099520","DGI","KOSDAQ","전기·전자","1284","0","0.00","58141862016"
"290120","DH오토리드","KOSDAQ","운송장비·부품","2570","20","0.78","40670704890"
"025440","DH오토웨어","KOSDAQ","전기·전자","730","26","3.69","35610293520"
"068790","DMS","KOSDAQ","기계·장비","5250","180","3.55","118493676000"
"241520","DSC인베스트먼트","KOSDAQ","금융","11270","290","2.64","299782000000"
"180400","DXVX","KOSDAQ","일반서비스","2530","-110","-4.17","249026462960"
"418620","E8","KOSDAQ","IT 서비스","1076","35","3.36","21359113252"
"245620","EDGC","KOSDAQ","일반서비스","741","0","0.00","167118555474"
"037370","EG","KOSDAQ","화학","3445","15","0.44","29713028540"
"050120","ES큐브","KOSDAQ","유통","2720","-385","-12.40","36894313920"
"214270","FSN","KOSDAQ","IT 서비스","1308","-9","-0.68","59192997180"
"032620","GC메디아이","KOSDAQ","IT 서비스","3190","65","2.08","166508873410"
"130500","GH신소재","KOSDAQ","섬유·의류","2065","55","2.74","30035532380"
"900290","GRT","KOSDAQ","금융","3160","-25","-0.78","258488000000"
"083450","GST","KOSDAQ","기계·장비","64900","4900","8.17","1196107000000"
"297890","HB솔루션","KOSDAQ","기계·장비","1933","188","10.77","141381386762"
"440290","HB인베스트먼트","KOSDAQ","금융","1837","42","2.34","50529311910"
"078150","HB테크놀러지","KOSDAQ","기계·장비","2930","70","2.45","271657633880"
"225530","HC보광산업","KOSDAQ","비금속","2275","25","1.11","82670603925"
"060560","HC홈센타","KOSDAQ","유통","2075","60","2.98","52680102075"
"376270","HEM파마","KOSDAQ","일반서비스","47000","4550","10.72","338549789000"
"195940","HK이노엔","KOSDAQ","제약","41700","-50","-0.12","1181356454700"
"028300","HLB","KOSDAQ","제약","46100","-1300","-2.74","6140438080300"
"278650","HLB바이오스텝","KOSDAQ","일반서비스","2950","-40","-1.34","51425568200"
"067630","HLB생명과학","KOSDAQ","제약","3060","70","2.34","373066197480"
"024850","HLB이노베이션","KOSDAQ","전기·전자","14480","530","3.80","459791317120"
"187420","HLB제넥스","KOSDAQ","제약","2240","-15","-0.67","72921600640"
"047920","HLB제약","KOSDAQ","일반서비스","10960","250","2.33","359480941760"
"115450","HLB테라퓨틱스","KOSDAQ","유통","2450","20","0.82","217021267050"
"046210","HLB파나진","KOSDAQ","제약","1450","23","1.61","66015542000"
"196300","HLB펩","KOSDAQ","제약","4770","-10","-0.21","44725614030"
"403870","HPSP","KOSDAQ","기계·장비","71500","16500","30.00","5884450000000"
"036640","HRS","KOSDAQ","화학","4710","10","0.21","77031108000"
"467930","IBKS제23호스팩","KOSDAQ","금융","2105","5","0.24","8904150000"
"469480","IBKS제24호스팩","KOSDAQ","금융","2300","-100","-4.17","9729000000"
"0099X0","IBKS제25호스팩","KOSDAQ","금융","2120","-5","-0.24","12677600000"
"095340","ISC","KOSDAQ","유통","230000","39500","20.73","4875323340000"
"950170","JTC","KOSDAQ","유통","4955","150","3.12","256403154340"
"067290","JW신약","KOSDAQ","제약","1366","65","5.00","76546682698"
"035900","JYP Ent.","KOSDAQ","오락·문화","55900","1000","1.82","1986266302800"
"318000","KBG","KOSDAQ","화학","3370","85","2.59","29454551510"
"024840","KBI메탈","KOSDAQ","금속","4500","5","0.11","186859885500"
"024120","KB오토시스","KOSDAQ","운송장비·부품","3200","-20","-0.62","36800000000"
"478390","KB제29호스팩","KOSDAQ","금융","2055","5","0.24","12782100000"
"486630","KB제30호스팩","KOSDAQ","금융","2050","-5","-0.24","10885500000"
"492220","KB제31호스팩","KOSDAQ","금융","2020","0","0.00","12544200000"
"0037T0","KB제32호스팩","KOSDAQ","금융","2005","5","0.25","12691650000"
"0072Z0","KB제33호스팩","KOSDAQ","금융","1995","-1","-0.05","15730575000"
"021320","KCC건설","KOSDAQ","건설","5090","155","3.14","108926000000"
"044180","KD","KOSDAQ","건설","205","0","0.00","5477148795"
"151860","KG에코솔루션","KOSDAQ","운송장비·부품","6070","390","6.87","288950222140"
"035600","KG이니시스","KOSDAQ","IT 서비스","10130","190","1.91","279126416420"
"046440","KG파이낸셜","KOSDAQ","IT 서비스","4245","90","2.17","161355854490"
"060720","KH바텍","KOSDAQ","전기·전자","11350","590","5.48","268738966700"
"058400","KNN","KOSDAQ","오락·문화","576","21","3.78","76279518720"
"101000","KS인더스트리","KOSDAQ","기계·장비","563","11","1.99","22318416724"
"089600","KT나스미디어","KOSDAQ","일반서비스","10250","-30","-0.29","118573670750"
"418470","KT밀리의서재","KOSDAQ","IT 서비스","10640","230","2.21","91139994960"
"043610","KT지니뮤직","KOSDAQ","오락·문화","1516","57","3.91","88103004008"
"122450","KX","KOSDAQ","오락·문화","2860","110","4.00","128184725240"
"052900","KX하이텍","KOSDAQ","화학","1554","92","6.29","113558023194"
"036560","KZ정밀","KOSDAQ","기계·장비","12430","230","1.89","195772500000"
"061970","LB세미콘","KOSDAQ","전기·전자","5290","470","9.75","307259101740"
"309960","LB인베스트먼트","KOSDAQ","금융","4655","180","4.02","108076247545"
"073490","LIG아큐버","KOSDAQ","전기·전자","35000","1150","3.40","266134610000"
"225190","LK삼양","KOSDAQ","의료·정밀기기","1370","-39","-2.77","96541762800"
"060370","LS마린솔루션","KOSDAQ","건설","30300","1250","4.30","1582837276200"
"417200","LS머트리얼즈","KOSDAQ","전기·전자","16600","290","1.78","1123034139400"
"078020","LS증권","KOSDAQ","금융","6640","350","5.56","368395101600"
"322180","LS티라유텍","KOSDAQ","IT 서비스","5450","190","3.61","114024812800"
"476080","M83","KOSDAQ","오락·문화","5430","-30","-0.55","43858110000"
"086960","MDS테크","KOSDAQ","IT 서비스","2565","95","3.85","108025277670"
"160550","NEW","KOSDAQ","오락·문화","1269","41","3.34","35412848514"
"053290","NE능률","KOSDAQ","오락·문화","1575","104","7.07","26028933525"
"060250","NHN KCP","KOSDAQ","금융","15040","510","3.51","604015589440"
"104200","NHN벅스","KOSDAQ","IT 서비스","3295","230","7.50","48856777250"
"054050","NH농우바이오","KOSDAQ","농업, 임업 및 어업","7220","80","1.12","115740650420"
"063570","NICE인프라","KOSDAQ","일반서비스","3415","50","1.49","116614491120"
"222160","NPX","KOSDAQ","기계·장비","8040","0","0.00","79551289560"
"024940","PN풍년","KOSDAQ","유통","2340","50","2.18","23400000000"
"332570","PS일렉트로닉스","KOSDAQ","전기·전자","7860","50","0.64","367152885180"
"218410","RFHIC","KOSDAQ","전기·전자","77000","2100","2.80","2044615034000"
"327260","RF머트리얼즈","KOSDAQ","전기·전자","66600","1600","2.46","565775991000"
"474610","RF시스템즈","KOSDAQ","금속","8150","-30","-0.37","116607331200"
"091340","S&K폴리텍","KOSDAQ","전기·전자","2260","85","3.91","26450409460"
"419530","SAMG엔터","KOSDAQ","오락·문화","25800","-200","-0.77","258760764600"
"019550","SBI인베스트먼트","KOSDAQ","금융","940","-4","-0.42","76171289780"
"246960","SCL사이언스","KOSDAQ","제약","1750","-20","-1.13","59529832250"
"099220","SDN","KOSDAQ","유통","987","37","3.89","64100073450"
"036540","SFA반도체","KOSDAQ","전기·전자","7260","350","5.07","1193981799780"
"255220","SG","KOSDAQ","비금속","2005","171","9.32","219674420510"
"040610","SG&G","KOSDAQ","운송장비·부품","3175","70","2.25","54113423650"
"184230","SGA솔루션즈","KOSDAQ","IT 서비스","2190","10","0.46","41364674010"
"016250","SGC E&C","KOSDAQ","건설","12140","730","6.40","61149010040"
"357880","SKAI","KOSDAQ","IT 서비스","4305","70","1.65","226790396280"
"048550","SM C&C","KOSDAQ","일반서비스","1100","117","11.90","106386082000"
"063440","SM Life Design","KOSDAQ","출판·매체복제","1152","39","3.50","52207907328"
"067160","SOOP","KOSDAQ","IT 서비스","47500","2000","4.40","546001432500"
"289080","SV인베스트먼트","KOSDAQ","금융","2390","25","1.06","143730376870"
"041930","SY동아","KOSDAQ","화학","5340","80","1.52","81168000000"
"013720","THE CUBE&","KOSDAQ","운송장비·부품","519","30","6.13","31569806217"
"089230","THE E&M","KOSDAQ","IT 서비스","2420","85","3.64","90559676680"
"032540","TJ미디어","KOSDAQ","전기·전자","3530","-20","-0.56","73767867890"
"048770","TPC로보틱스","KOSDAQ","기계·장비","4290","85","2.02","67344381390"
"246690","TS인베스트먼트","KOSDAQ","금융","1317","0","0.00","62631711633"
"317240","TS트릴리온","KOSDAQ","화학","928","44","4.98","27075987808"
"057030","YBM넷","KOSDAQ","일반서비스","2210","40","1.84","36051060370"
"040300","YTN","KOSDAQ","오락·문화","2340","45","1.96","111564133200"
"051390","YW","KOSDAQ","유통","4480","55","1.24","50872048640"
"052220","iMBC","KOSDAQ","오락·문화","2195","45","2.09","50485000000"
"079940","가비아","KOSDAQ","IT 서비스","31450","450","1.45","422080511800"
"078890","가온그룹","KOSDAQ","전기·전자","5840","140","2.46","107601667120"
"399720","가온칩스","KOSDAQ","전기·전자","57500","7300","14.54","680733530000"
"036620","감성코퍼레이션","KOSDAQ","유통","4875","-155","-3.08","441205883625"
"198440","강동씨앤엘","KOSDAQ","비금속","1090","40","3.81","66415766640"
"217730","강스템바이오텍","KOSDAQ","제약","2680","-15","-0.56","252065119320"
"114190","강원에너지","KOSDAQ","전기·전자","10150","540","5.62","265148835700"
"094480","갤럭시아머니트리","KOSDAQ","IT 서비스","6180","270","4.57","242440398840"
"039240","경남스틸","KOSDAQ","금속","2190","60","2.82","59085332760"
"053950","경남제약","KOSDAQ","제약","1990","27","1.38","31102647290"
"011040","경동제약","KOSDAQ","제약","5250","150","2.94","161536021500"
"024910","경창산업","KOSDAQ","운송장비·부품","1731","8","0.46","62002697655"
"049720","고려신용정보","KOSDAQ","일반서비스","9860","130","1.34","140998000000"
"014570","고려제약","KOSDAQ","제약","3405","55","1.64","37455000000"
"348150","고바이오랩","KOSDAQ","일반서비스","3895","65","1.70","75636572655"
"950190","고스트스튜디오","KOSDAQ","IT 서비스","9130","170","1.90","118845748670"
"098460","고영","KOSDAQ","기계·장비","39150","4950","14.47","2687833658250"
"035290","골드앤에스","KOSDAQ","오락·문화","2500","-105","-4.03","11919120000"
"215000","골프존","KOSDAQ","IT 서비스","42550","-700","-1.62","267018908250"
"121440","골프존홀딩스","KOSDAQ","유통","4615","50","1.10","197691915070"
"366030","공구우먼","KOSDAQ","섬유·의류","5070","335","7.07","114855019500"
"029480","광무","KOSDAQ","전기·전자","1544","13","0.85","92206339808"
"026910","광진실업","KOSDAQ","금속","3640","70","1.96","23315674200"
"465320","교보15호스팩","KOSDAQ","금융","2335","0","0.00","8896350000"
"482520","교보16호스팩","KOSDAQ","금융","2030","0","0.00","12383000000"
"489210","교보17호스팩","KOSDAQ","금융","2060","0","0.00","10670800000"
"0041B0","교보18호스팩","KOSDAQ","금융","2010","-10","-0.50","10130400000"
"0098T0","교보19호스팩","KOSDAQ","금융","2020","0","0.00","10908000000"
"0132G0","교보20호스팩","KOSDAQ","금융","1998","2","0.10","11928060000"
"053270","구영테크","KOSDAQ","운송장비·부품","2000","104","5.49","54820810000"
"066620","국보디자인","KOSDAQ","건설","24850","150","0.61","186375000000"
"043650","국순당","KOSDAQ","음식료·담배","3445","45","1.32","61521857280"
"006050","국영지앤엠","KOSDAQ","비금속","689","18","2.68","24042822427"
"060480","국일신동","KOSDAQ","금속","1510","105","7.47","16745900000"
"078130","국일제지","KOSDAQ","종이·목재","3700","140","3.93","417140171900"
"307750","국전","KOSDAQ","제약","2480","40","1.64","133885994240"
"035080","그래디언트","KOSDAQ","유통","9480","580","6.52","108368572320"
"318060","그래피","KOSDAQ","화학","21850","-550","-2.46","244133917450"
"453450","그리드위즈","KOSDAQ","일반서비스","15640","620","4.13","124224610000"
"204020","그리티","KOSDAQ","섬유·의류","2015","-20","-0.98","39193426480"
"0015G0","그린광학","KOSDAQ","의료·정밀기기","19110","460","2.47","223635558510"
"402490","그린리소스","KOSDAQ","전기·전자","11720","520","4.64","198480743240"
"114450","그린생명과학","KOSDAQ","제약","2100","-10","-0.47","42000000000"
"186230","그린플러스","KOSDAQ","금속","3365","20","0.60","36746432620"
"900070","글로벌에스엠","KOSDAQ","금융","1120","-100","-8.20","30096622080"
"204620","글로벌텍스프리","KOSDAQ","금융","4625","-120","-2.53","325060401250"
"019660","글로본","KOSDAQ","유통","1900","21","1.12","26494232700"
"053260","금강철강","KOSDAQ","금속","4915","25","0.51","92008800000"
"282720","금양그린파워","KOSDAQ","건설","7980","130","1.66","96713610000"
"036190","금화피에스시","KOSDAQ","건설","32800","150","0.46","196800000000"
"049080","기가레인","KOSDAQ","전기·전자","993","0","0.00","84289163571"
"420770","기가비스","KOSDAQ","기계·장비","146000","-1600","-1.08","1850660668000"
"035460","기산텔레콤","KOSDAQ","전기·전자","2710","30","1.12","40434121400"
"407400","꿈비","KOSDAQ","기타제조","2450","85","3.59","35854608300"
"187790","나노","KOSDAQ","화학","4570","-115","-2.45","140942593100"
"121600","나노신소재","KOSDAQ","화학","57700","2200","3.96","707037970700"
"286750","나노실리칸첨단소재","KOSDAQ","화학","1509","165","12.28","48331545213"
"247660","나노씨엠에스","KOSDAQ","전기·전자","3790","215","6.01","16463456800"
"039860","나노엔텍","KOSDAQ","의료·정밀기기","4540","140","3.18","172942460620"
"091970","나노캠텍","KOSDAQ","화학","3025","120","4.13","22792709500"
"417010","나노팀","KOSDAQ","기계·장비","8030","-60","-0.74","161987005840"
"405920","나라셀라","KOSDAQ","유통","2080","45","2.21","26786398080"
"478340","나라스페이스테크놀로지","KOSDAQ","운송장비·부품","21800","50","0.23","251432283800"
"051490","나라엠앤디","KOSDAQ","기계·장비","2890","120","4.33","41038000000"
"137080","나래나노텍","KOSDAQ","기계·장비","4345","135","3.21","48053188590"
"190510","나무가","KOSDAQ","전기·전자","16480","790","5.04","232126024160"
"242040","나무기술","KOSDAQ","IT 서비스","7950","510","6.85","275119798800"
"293580","나우IB","KOSDAQ","금융","1650","88","5.63","156634417500"
"459510","나우로보틱스","KOSDAQ","기계·장비","18710","-50","-0.27","242825527220"
"138610","나이벡","KOSDAQ","제약","19220","510","2.73","218488981460"
"130580","나이스디앤비","KOSDAQ","일반서비스","5520","150","2.79","85008000000"
"036800","나이스정보통신","KOSDAQ","통신","29050","350","1.22","290500000000"
"267320","나인테크","KOSDAQ","기계·장비","2630","95","3.75","151002225850"
"111710","남화산업","KOSDAQ","오락·문화","3405","-40","-1.16","70102140000"
"091590","남화토건","KOSDAQ","건설","3550","20","0.57","41677000000"
"168330","내츄럴엔도텍","KOSDAQ","일반서비스","2235","15","0.68","70972201500"
"094860","네오리진","KOSDAQ","IT 서비스","1354","33","2.50","71910958956"
"253590","네오셈","KOSDAQ","기계·장비","13990","860","6.55","613729604360"
"212560","네오오토","KOSDAQ","운송장비·부품","10450","750","7.73","123437918450"
"095660","네오위즈","KOSDAQ","IT 서비스","19780","50","0.25","427969159020"
"042420","네오위즈홀딩스","KOSDAQ","IT 서비스","21600","650","3.10","175873312800"
"950220","네오이뮨텍","KOSDAQ","일반서비스","1604","4","0.25","53778719520"
"311390","네오크레마","KOSDAQ","음식료·담배","3085","40","1.31","39036939065"
"085910","네오티스","KOSDAQ","운송장비·부품","28950","-650","-2.20","399359981100"
"092730","네오팜","KOSDAQ","화학","17130","280","1.66","274559451570"
"153460","네이블","KOSDAQ","IT 서비스","6740","200","3.06","44012294360"
"007390","네이처셀","KOSDAQ","제약","32000","-200","-0.62","2061921792000"
"033640","네패스","KOSDAQ","전기·전자","32650","1100","3.49","752882945300"
"330860","네패스아크","KOSDAQ","일반서비스","50500","3500","7.45","615294272500"
"351320","넥사다이내믹스","KOSDAQ","기계·장비","1120","4","0.36","33262479040"
"089140","넥스턴앤롤코리아","KOSDAQ","기계·장비","2590","-10","-0.38","39669046060"
"389650","넥스트바이오메디컬","KOSDAQ","의료·정밀기기","42750","2150","5.30","353853976500"
"137940","넥스트아이","KOSDAQ","의료·정밀기기","1785","-37","-2.03","15238364715"
"396270","넥스트칩","KOSDAQ","전기·전자","3540","165","4.89","116421505740"
"348210","넥스틴","KOSDAQ","기계·장비","61400","2900","4.96","643288107000"
"225570","넥슨게임즈","KOSDAQ","IT 서비스","9720","200","2.10","640160891280"
"205500","넥써쓰","KOSDAQ","IT 서비스","2050","-40","-1.91","131429802950"
"217270","넵튠","KOSDAQ","IT 서비스","2745","0","0.00","128289340035"
"104620","노랑풍선","KOSDAQ","일반서비스","3760","95","2.59","63207675520"
"473980","노머스","KOSDAQ","오락·문화","13680","-820","-5.66","151291524960"
"194700","노바렉스","KOSDAQ","음식료·담배","14480","-230","-1.56","264330199040"
"285490","노바텍","KOSDAQ","기타제조","14480","480","3.43","153138032880"
"145170","노브랜드","KOSDAQ","섬유·의류","3630","55","1.54","61377510150"
"106520","노블엠앤비","KOSDAQ","의료·정밀기기","411","0","0.00","15904036272"
"376930","노을","KOSDAQ","의료·정밀기기","867","33","3.96","44469577041"
"486990","노타","KOSDAQ","IT 서비스","27100","-150","-0.55","578482833000"
"142280","녹십자엠에스","KOSDAQ","제약","3415","-50","-1.44","81833750865"
"234690","녹십자웰빙","KOSDAQ","제약","8090","150","1.89","145323016100"
"069140","누리플랜","KOSDAQ","금속","1677","44","2.69","25315663308"
"040160","누리플렉스","KOSDAQ","IT 서비스","8970","190","2.16","108138148950"
"332290","누보","KOSDAQ","화학","988","19","1.96","39425551152"
"348340","뉴로메카","KOSDAQ","기계·장비","49500","3650","7.96","614252974500"
"380550","뉴로핏","KOSDAQ","IT 서비스","12430","-50","-0.40","151631904380"
"060260","뉴보텍","KOSDAQ","화학","1412","89","6.73","18839406672"
"463020","뉴엔AI","KOSDAQ","IT 서비스","9690","1310","15.63","86039448000"
"123840","뉴온","KOSDAQ","음식료·담배","3160","-170","-5.11","20114758800"
"012340","뉴인텍","KOSDAQ","운송장비·부품","1097","52","4.98","12396442264"
"462310","뉴키즈온","KOSDAQ","섬유·의류","3570","-160","-4.29","29220881970"
"270870","뉴트리","KOSDAQ","음식료·담배","3790","280","7.98","34868848960"
"144960","뉴파워프라즈마","KOSDAQ","기계·장비","10050","1720","20.65","439110871200"
"085670","뉴프렉스","KOSDAQ","전기·전자","4040","140","3.59","98983074440"
"064260","다날","KOSDAQ","IT 서비스","5320","300","5.98","402433831240"
"340360","다보링크","KOSDAQ","전기·전자","1445","83","6.09","75230705540"
"039560","다산네트웍스","KOSDAQ","전기·전자","3365","190","5.98","144319694820"
"208860","다산디엠씨","KOSDAQ","IT 서비스","1001","-4","-0.40","33983922973"
"154040","다산솔루에타","KOSDAQ","전기·전자","775","-2","-0.26","13911322850"
"032190","다우데이타","KOSDAQ","유통","19600","960","5.15","750680000000"
"323350","다원넥스뷰","KOSDAQ","기계·장비","14880","270","1.85","119200287360"
"068240","다원시스","KOSDAQ","전기·전자","2530","0","0.00","96553495610"
"290660","다이나믹솔루션","KOSDAQ","의료·정밀기기","939","0","0.00","80052794238"
"464580","닷밀","KOSDAQ","오락·문화","1780","30","1.71","32762838420"
"020400","대동금속","KOSDAQ","금속","3185","75","2.41","20314987420"
"008830","대동기어","KOSDAQ","기계·장비","13850","870","6.70","124477152000"
"048470","대동스틸","KOSDAQ","유통","3060","115","3.90","29529000000"
"004780","대륙제관","KOSDAQ","금속","3940","105","2.74","62658604060"
"017650","대림제지","KOSDAQ","종이·목재","8790","0","0.00","77220150000"
"389260","대명에너지","KOSDAQ","건설","13970","-50","-0.36","250291060250"
"317850","대모","KOSDAQ","기계·장비","7400","670","9.96","61600708000"
"290670","대보마그네틱","KOSDAQ","전기·전자","6590","330","5.27","51781979400"
"078140","대봉엘에스","KOSDAQ","제약","8650","340","4.09","95898908350"
"065150","대산F&B","KOSDAQ","유통","1450","0","0.00","23110448000"
"036480","대성미생물","KOSDAQ","제약","6400","10","0.16","24320000000"
"027830","대성창투","KOSDAQ","금융","1143","20","1.78","61722000000"
"129920","대성하이텍","KOSDAQ","기계·장비","5630","-130","-2.26","91480158480"
"471050","대신밸런스제17호스팩","KOSDAQ","금융","2085","0","0.00","12635100000"
"482690","대신밸런스제19호스팩","KOSDAQ","금융","2140","-50","-2.28","12016100000"
"0134X0","대신밸런스제20호스팩","KOSDAQ","금융","1975","-8","-0.40","13311500000"
"020180","대신정보통신","KOSDAQ","IT 서비스","1021","26","2.61","39235922215"
"045390","대아티아이","KOSDAQ","전기·전자","2905","85","3.01","204725160185"
"108380","대양전기공업","KOSDAQ","운송장비·부품","19370","890","4.82","185319240210"
"007680","대원","KOSDAQ","건설","3805","30","0.79","51163833570"
"048910","대원미디어","KOSDAQ","유통","5200","170","3.38","65410519200"
"005710","대원산업","KOSDAQ","운송장비·부품","10930","420","4.00","219010968000"
"120240","대정화금","KOSDAQ","화학","13570","10","0.07","97573605870"
"003310","대주산업","KOSDAQ","음식료·담배","1915","45","2.41","67776350250"
"078600","대주전자재료","KOSDAQ","전기·전자","120800","3700","3.16","1887888613600"
"393970","대진첨단소재","KOSDAQ","화학","2825","0","0.00","50428566500"
"096350","대창솔루션","KOSDAQ","금속","2030","169","9.08","74815166860"
"140520","대창스틸","KOSDAQ","금속","1997","23","1.17","42155158271"
"131220","대한과학","KOSDAQ","유통","3850","55","1.45","28699786500"
"010170","대한광통신","KOSDAQ","전기·전자","19040","1970","11.54","2960446966400"
"054670","대한뉴팜","KOSDAQ","제약","5680","20","0.35","81535945600"
"023910","대한약품","KOSDAQ","제약","26500","150","0.57","159000000000"
"021040","대호특수강","KOSDAQ","금속","1042","56","5.68","22616374508"
"021045","대호특수강우","KOSDAQ","금속","2455","5","0.20","2083047860"
"067080","대화제약","KOSDAQ","제약","10410","-310","-2.89","193799326500"
"298540","더네이쳐홀딩스","KOSDAQ","섬유·의류","6060","-60","-0.98","87787499160"
"032860","더라미","KOSDAQ","일반서비스","815","20","2.52","32922628345"
"393890","더블유씨피","KOSDAQ","전기·전자","13150","550","4.37","445037343600"
"299170","더블유에스아이","KOSDAQ","유통","1621","26","1.63","67289797848"
"462860","더즌","KOSDAQ","통신","2595","155","6.35","186208177185"
"224060","더코디","KOSDAQ","전기·전자","3710","-80","-2.11","19146278620"
"043090","더테크놀로지","KOSDAQ","유통","1140","0","0.00","4718944500"
"403850","더핑크퐁컴퍼니","KOSDAQ","오락·문화","12180","760","6.65","174795301800"
"213420","덕산네오룩스","KOSDAQ","전기·전자","36650","-400","-1.08","910062710350"
"317330","덕산테코피아","KOSDAQ","화학","15850","350","2.26","324553856400"
"077360","덕산하이메탈","KOSDAQ","전기·전자","14480","120","0.84","657927788960"
"090410","덕신이피씨","KOSDAQ","금속","940","40","4.44","43319049300"
"0001A0","덕양에너젠","KOSDAQ","전기·가스·수도","10760","400","3.86","267829258200"
"263600","덕우전자","KOSDAQ","전기·전자","4355","160","3.81","69376500050"
"194480","데브시스터즈","KOSDAQ","IT 서비스","14500","570","4.09","175872675000"
"373160","데이원컴퍼니","KOSDAQ","일반서비스","3660","40","1.10","50535336540"
"263800","데이타솔루션","KOSDAQ","유통","4425","100","2.31","71797306500"
"206560","덱스터","KOSDAQ","오락·문화","1519","38","2.57","38600426984"
"261200","덴티스","KOSDAQ","의료·정밀기기","2635","50","1.93","41658559500"
"484120","도우인시스","KOSDAQ","전기·전자","17680","1160","7.02","193727220960"
"067990","도이치모터스","KOSDAQ","유통","4260","25","0.59","124313403000"
"006620","동구바이오제약","KOSDAQ","제약","4155","135","3.36","118272041760"
"100130","동국S&C","KOSDAQ","금속","1570","2","0.13","89714510000"
"005160","동국산업","KOSDAQ","금속","2490","45","1.84","135068760180"
"303810","동국생명과학","KOSDAQ","제약","2900","75","2.65","92754006000"
"075970","동국알앤에스","KOSDAQ","비금속","1815","49","2.77","33396000000"
"086450","동국제약","KOSDAQ","제약","19180","240","1.27","867519455600"
"240550","동방메디컬","KOSDAQ","의료·정밀기기","6090","-20","-0.33","127487694600"
"099410","동방선기","KOSDAQ","운송장비·부품","3810","160","4.38","53340000000"
"033500","동성화인텍","KOSDAQ","화학","18660","510","2.81","559603958040"
"025950","동신건설","KOSDAQ","건설","12250","590","5.06","102900000000"
"088130","동아엘텍","KOSDAQ","기계·장비","6640","-10","-0.15","116102484960"
"060380","동양에스텍","KOSDAQ","금속","1247","69","5.86","24565900000"
"079960","동양이엔피","KOSDAQ","전기·전자","22100","900","4.25","173706000000"
"228340","동양파일","KOSDAQ","비금속","1699","0","0.00","33980000000"
"088910","동우팜투테이블","KOSDAQ","음식료·담배","2370","30","1.28","61221280680"
"094170","동운아나텍","KOSDAQ","전기·전자","37050","0","0.00","774713128800"
"013120","동원개발","KOSDAQ","건설","2270","-15","-0.66","206134387000"
"109860","동일금속","KOSDAQ","금속","7490","110","1.49","68159000000"
"032960","동일기연","KOSDAQ","전기·전자","11510","730","6.77","40499028450"
"023790","동일스틸럭스","KOSDAQ","금속","1081","-16","-1.46","14128462448"
"005290","동진쎄미켐","KOSDAQ","화학","59000","3600","6.50","3007237434000"
"025900","동화기업","KOSDAQ","종이·목재","8130","450","5.86","411030727050"
"131970","두산테스나","KOSDAQ","일반서비스","175000","22800","14.98","3382266650000"
"073190","듀오백","KOSDAQ","기타제조","1044","128","13.97","12494633760"
"176750","듀켐바이오","KOSDAQ","제약","6200","20","0.32","176630064000"
"030350","드래곤플라이","KOSDAQ","IT 서비스","973","0","0.00","15171092867"
"203650","드림시큐리티","KOSDAQ","IT 서비스","2990","65","2.22","304096407160"
"223250","드림씨아이에스","KOSDAQ","일반서비스","3925","-5","-0.13","96556742700"
"060570","드림어스컴퍼니","KOSDAQ","오락·문화","921","87","10.43","68247548733"
"362990","드림인사이트","KOSDAQ","일반서비스","1218","-28","-2.25","20463099132"
"016670","디모아","KOSDAQ","유통","2695","10","0.37","27473460630"
"187870","디바이스","KOSDAQ","기계·장비","23600","-700","-2.88","324973416000"
"489730","디비금융제13호스팩","KOSDAQ","금융","2025","10","0.50","12822300000"
"0004Y0","디비금융제14호스팩","KOSDAQ","금융","2005","-5","-0.25","10656575000"
"110990","디아이티","KOSDAQ","기계·장비","25300","2050","8.82","478170000000"
"263690","디알젬","KOSDAQ","의료·정밀기기","5230","110","2.15","59232940300"
"214680","디알텍","KOSDAQ","의료·정밀기기","1273","-37","-2.82","106266292288"
"347850","디앤디파마텍","KOSDAQ","일반서비스","87500","-6900","-7.31","3832862862500"
"263720","디앤씨미디어","KOSDAQ","오락·문화","9180","-150","-1.61","113947585380"
"376300","디어유","KOSDAQ","IT 서비스","23650","50","0.21","561413301900"
"104040","디에스엠","KOSDAQ","운송장비·부품","1904","10","0.53","51053027760"
"109740","디에스케이","KOSDAQ","기계·장비","6490","120","1.88","166860431100"
"031860","디에이치엑스컴퍼니","KOSDAQ","유통","693","0","0.00","18714758139"
"196490","디에이테크놀로지","KOSDAQ","기계·장비","6090","0","0.00","69131518050"
"066900","디에이피","KOSDAQ","전기·전자","1783","3","0.17","40553448849"
"092070","디엔에프","KOSDAQ","화학","18430","1080","6.22","213269342940"
"039840","디오","KOSDAQ","의료·정밀기기","13380","30","0.22","179503778640"
"219550","디와이디","KOSDAQ","유통","1343","-12","-0.89","51938182808"
"310870","디와이씨","KOSDAQ","운송장비·부품","1210","-40","-3.20","25031597910"
"104460","디와이피엔에프","KOSDAQ","기계·장비","10450","570","5.77","109914155450"
"113810","디젠스","KOSDAQ","운송장비·부품","604","15","2.55","19707342804"
"043360","디지아이","KOSDAQ","전기·전자","2490","30","1.22","22410000000"
"197140","디지캡","KOSDAQ","IT 서비스","1823","-69","-3.65","23722979742"
"068930","디지털대성","KOSDAQ","일반서비스","7890","320","4.23","218358448380"
"033130","디지틀조선","KOSDAQ","IT 서비스","1951","39","2.04","72411885917"
"105740","디케이락","KOSDAQ","기계·장비","7040","290","4.30","71586331520"
"263020","디케이앤디","KOSDAQ","화학","3145","-100","-3.08","43514679170"
"290550","디케이티","KOSDAQ","전기·전자","21200","-250","-1.17","424026076000"
"066670","디티씨","KOSDAQ","부동산","2655","-50","-1.85","49627042290"
"187220","디티앤씨","KOSDAQ","일반서비스","2670","10","0.38","30771571110"
"383930","디티앤씨알오","KOSDAQ","일반서비스","2670","350","15.09","34133621760"
"131180","딜리","KOSDAQ","전기·전자","4180","55","1.33","24536600000"
"315640","딥노이드","KOSDAQ","IT 서비스","2275","55","2.48","66821827800"
"900110","딥커머스","KOSDAQ","금융","713","0","0.00","26291693185"
"317120","라닉스","KOSDAQ","전기·전자","1677","30","1.82","25591020000"
"462510","라메디텍","KOSDAQ","의료·정밀기기","3145","180","6.07","27685324925"
"232680","라온로보틱스","KOSDAQ","기계·장비","13710","-50","-0.36","180505160790"
"042510","라온시큐어","KOSDAQ","IT 서비스","8530","240","2.90","94732712840"
"418420","라온텍","KOSDAQ","전기·전자","5410","-50","-0.92","166092047530"
"300120","라온피플","KOSDAQ","IT 서비스","568","-29","-4.86","28118281088"
"171120","라이온켐텍","KOSDAQ","화학","2070","10","0.49","74316643200"
"388790","라이콤","KOSDAQ","전기·전자","7700","-1090","-12.40","235729032000"
"214260","라파스","KOSDAQ","화학","7360","360","5.14","65669327680"
"171010","램테크놀러지","KOSDAQ","화학","3220","160","5.23","46041981440"
"084650","랩지노믹스","KOSDAQ","일반서비스","1077","-38","-3.41","79956469230"
"217500","러셀","KOSDAQ","기계·장비","1924","99","5.42","61206288000"
"038390","레드캡투어","KOSDAQ","일반서비스","9770","50","0.51","163362430940"
"294140","레몬","KOSDAQ","화학","2675","155","6.15","59959638150"
"443250","레뷰코퍼레이션","KOSDAQ","일반서비스","6300","180","2.94","70167888000"
"228670","레이","KOSDAQ","의료·정밀기기","4520","-30","-0.66","70692894920"
"228850","레이언스","KOSDAQ","의료·정밀기기","6900","40","0.58","114477996600"
"412350","레이저쎌","KOSDAQ","기계·장비","5930","-10","-0.17","85601222260"
"199550","레이저옵텍","KOSDAQ","의료·정밀기기","3700","-30","-0.80","54929426700"
"281740","레이크머티리얼즈","KOSDAQ","화학","16490","790","5.03","1083896736520"
"277810","레인보우로보틱스","KOSDAQ","기계·장비","624000","19000","3.14","12105511392000"
"215100","로보로보","KOSDAQ","전기·전자","5380","360","7.17","109474682520"
"090360","로보스타","KOSDAQ","기계·장비","113200","6900","6.49","1103700000000"
"108490","로보티즈","KOSDAQ","기계·장비","330000","43500","15.18","4836819240000"
"900260","로스웰","KOSDAQ","금융","1630","19","1.18","75028420780"
"033290","로젠","KOSDAQ","유통","1634","85","5.49","91759395834"
"067730","로지시스","KOSDAQ","IT 서비스","2275","-10","-0.44","22008172550"
"071280","로체시스템즈","KOSDAQ","기계·장비","7530","470","6.66","115183420590"
"376900","로킷헬스케어","KOSDAQ","제약","52600","2100","4.16","834961301400"
"214610","롤링스톤","KOSDAQ","의료·정밀기기","2290","0","0.00","19197807380"
"328130","루닛","KOSDAQ","IT 서비스","14760","-1360","-8.44","1097887707360"
"038060","루멘스","KOSDAQ","전기·전자","930","-11","-1.17","44735854170"
"474170","루미르","KOSDAQ","운송장비·부품","10030","-300","-2.90","178711490880"
"141080","리가켐바이오","KOSDAQ","일반서비스","129200","-5600","-4.15","4782908805600"
"058470","리노공업","KOSDAQ","전기·전자","104500","4700","4.71","7964138325000"
"016100","리더스코스메틱","KOSDAQ","종이·목재","1310","-5","-0.38","25022171140"
"012700","리드코프","KOSDAQ","유통","2920","95","3.36","76488967840"
"302550","리메드","KOSDAQ","의료·정밀기기","3005","65","2.21","92875985750"
"491000","리브스메드","KOSDAQ","의료·정밀기기","41300","700","1.72","1032681348300"
"394420","리센스메디컬","KOSDAQ","의료·정밀기기","17250","-900","-4.96","188627680500"
"073570","리튬포어스","KOSDAQ","기타제조","2005","-50","-2.43","24134842640"
"377450","리파인","KOSDAQ","IT 서비스","9550","0","0.00","165501500000"
"277070","린드먼아시아","KOSDAQ","금융","3540","45","1.29","48469680000"
"042500","링네트","KOSDAQ","IT 서비스","4225","105","2.55","94180083400"
"193250","링크드","KOSDAQ","전기·전자","1403","32","2.33","18756612999"
"474650","링크솔루션","KOSDAQ","기계·장비","40200","1950","5.10","231154301400"
"219420","링크제니시스","KOSDAQ","IT 서비스","4475","85","1.94","51326043825"
"439090","마녀공장","KOSDAQ","화학","14480","390","2.77","237374404800"
"195500","마니커에프앤지","KOSDAQ","음식료·담배","1968","-352","-15.17","31444704000"
"377480","마음AI","KOSDAQ","IT 서비스","13060","140","1.08","92860191500"
"305090","마이크로디지탈","KOSDAQ","의료·정밀기기","2490","-40","-1.58","46365918990"
"098120","마이크로컨텍솔","KOSDAQ","전기·전자","30150","1400","4.87","250629894900"
"424980","마이크로투나노","KOSDAQ","전기·전자","10310","1110","12.07","61023755900"
"038290","마크로젠","KOSDAQ","일반서비스","13860","920","7.11","150261804000"
"477850","마키나락스","KOSDAQ","IT 서비스","18900","-1200","-5.97","331536996000"
"267980","매일유업","KOSDAQ","음식료·담배","33800","200","0.60","259030964400"
"005990","매일홀딩스","KOSDAQ","음식료·담배","10990","10","0.09","146148360960"
"093520","매커스","KOSDAQ","유통","20250","820","4.22","241012199250"
"100590","머큐리","KOSDAQ","전기·전자","5520","500","9.96","94610288400"
"067280","멀티캠퍼스","KOSDAQ","일반서비스","25050","-150","-0.60","148465813950"
"072870","메가스터디","KOSDAQ","오락·문화","13140","280","2.18","156641401260"
"215200","메가스터디교육","KOSDAQ","일반서비스","40400","1500","3.86","418754726400"
"133750","메가엠디","KOSDAQ","일반서비스","1499","37","2.53","35087208423"
"446540","메가터치","KOSDAQ","전기·전자","8260","190","2.35","240193456860"
"235980","메드팩토","KOSDAQ","일반서비스","3415","5","0.15","117049538215"
"041920","메디아나","KOSDAQ","의료·정밀기기","13350","-530","-3.82","248286277050"
"014100","메디앙스","KOSDAQ","유통","1588","48","3.12","18738400000"
"054180","메디콕스","KOSDAQ","운송장비·부품","2295","0","0.00","12686716395"
"086900","메디톡스","KOSDAQ","제약","85000","1800","2.16","620372245000"
"078160","메디포스트","KOSDAQ","제약","10210","-240","-2.30","400278996630"
"0088D0","메리츠제1호스팩","KOSDAQ","금융","2160","-5","-0.23","12517200000"
"408920","메쎄이상","KOSDAQ","일반서비스","3145","115","3.80","135966070975"
"021880","메이슨캐피탈","KOSDAQ","금융","136","0","0.00","28857079488"
"0088M0","메쥬","KOSDAQ","의료·정밀기기","18960","-250","-1.30","187357980000"
"140410","메지온","KOSDAQ","일반서비스","64700","2200","3.52","1966373204900"
"241770","메카로","KOSDAQ","전기·전자","46550","6600","16.52","474467392000"
"059210","메타바이오메드","KOSDAQ","제약","3795","95","2.57","103115633775"
"058110","멕아이씨에스","KOSDAQ","의료·정밀기기","2015","94","4.89","32341817950"
"072770","멤레이비티","KOSDAQ","IT 서비스","982","2","0.20","40764880236"
"434480","모니터랩","KOSDAQ","IT 서비스","2745","105","3.98","33791773500"
"080420","모다이노칩","KOSDAQ","유통","1515","-14","-0.92","120778257330"
"417970","모델솔루션","KOSDAQ","기계·장비","15320","1470","10.61","97997444000"
"080160","모두투어","KOSDAQ","일반서비스","9170","280","3.15","173313000000"
"087260","모바일어플라이언스","KOSDAQ","IT 서비스","469","-10","-2.09","15267291809"
"101330","모베이스","KOSDAQ","전기·전자","3730","140","3.90","86338418170"
"012860","모베이스전자","KOSDAQ","운송장비·부품","3130","140","4.68","229220720410"
"363260","모비데이즈","KOSDAQ","일반서비스","1005","32","3.29","32324587845"
"348030","모비릭스","KOSDAQ","IT 서비스","2665","140","5.54","25594127000"
"250060","모비스","KOSDAQ","IT 서비스","3260","60","1.88","104878483640"
"288980","모아데이타","KOSDAQ","IT 서비스","889","-8","-0.89","32343045931"
"142760","모아라이프플러스","KOSDAQ","일반서비스","679","-8","-1.16","28631379420"
"033200","모아텍","KOSDAQ","전기·전자","3125","135","4.52","28764153125"
"118990","모트렉스","KOSDAQ","운송장비·부품","6940","260","3.89","170289354740"
"463480","모티브링크","KOSDAQ","전기·전자","5630","20","0.36","69757715540"
"006920","모헨즈","KOSDAQ","비금속","4035","20","0.50","44062200000"
"001810","무림SP","KOSDAQ","종이·목재","1179","33","2.88","26100112500"
"279600","미디어젠","KOSDAQ","IT 서비스","3800","160","4.40","17802167800"
"095500","미래나노텍","KOSDAQ","화학","7430","330","4.65","230404292570"
"254490","미래반도체","KOSDAQ","유통","25650","1350","5.56","370334700000"
"218150","미래생명자원","KOSDAQ","음식료·담배","1942","12","0.62","39647487484"
"100790","미래에셋벤처투자","KOSDAQ","금융","38800","-3300","-7.84","2061235799200"
"0097F0","미래에셋비전스팩10호","KOSDAQ","금융","1998","2","0.10","12987000000"
"0099W0","미래에셋비전스팩11호","KOSDAQ","금융","1998","2","0.10","13986000000"
"477380","미래에셋비전스팩4호","KOSDAQ","금융","2060","5","0.24","16686000000"
"477470","미래에셋비전스팩5호","KOSDAQ","금융","2060","5","0.24","11288800000"
"478440","미래에셋비전스팩6호","KOSDAQ","금융","2050","5","0.24","14206500000"
"482680","미래에셋비전스팩7호","KOSDAQ","금융","2055","0","0.00","16881825000"
"0093G0","미래에셋비전스팩8호","KOSDAQ","금융","2000","5","0.25","12800000000"
"0096D0","미래에셋비전스팩9호","KOSDAQ","금융","1994","2","0.10","10967000000"
"049950","미래컴퍼니","KOSDAQ","기계·장비","12190","790","6.93","107490005960"
"207760","미스터블루","KOSDAQ","IT 서비스","599","-17","-2.76","49764790017"
"059090","미코","KOSDAQ","전기·전자","21000","-1150","-5.19","701752338000"
"201490","미투온","KOSDAQ","IT 서비스","2355","90","3.97","76758422550"
"475460","미트박스","KOSDAQ","IT 서비스","6430","200","3.21","36307155750"
"452200","민테크","KOSDAQ","의료·정밀기기","2335","45","1.97","56583588000"
"206640","바디텍메드","KOSDAQ","제약","10410","20","0.19","228061457610"
"035620","바른손이앤에이","KOSDAQ","오락·문화","1031","10","0.98","19186825458"
"053030","바이넥스","KOSDAQ","제약","7940","120","1.53","259512452720"
"301300","바이브컴퍼니","KOSDAQ","IT 서비스","1682","-13","-0.77","22126225584"
"064550","바이오니아","KOSDAQ","제약","7680","70","0.92","198223034880"
"314930","바이오다인","KOSDAQ","의료·정밀기기","10230","0","0.00","304486773690"
"489460","바이오비쥬","KOSDAQ","화학","7100","20","0.28","106815453000"
"086820","바이오솔루션","KOSDAQ","제약","7100","0","0.00","184061003500"
"038460","바이오스마트","KOSDAQ","전기·전자","2775","85","3.16","70136854050"
"251120","바이오에프디엔씨","KOSDAQ","제약","9410","50","0.53","81826537000"
"199730","바이오인프라","KOSDAQ","일반서비스","2965","0","0.00","14422848155"
"086040","바이오톡스텍","KOSDAQ","일반서비스","2385","40","1.71","38060419095"
"188040","바이오포트","KOSDAQ","음식료·담배","5350","445","9.07","25034297800"
"099430","바이오플러스","KOSDAQ","제약","4630","90","1.98","285396542860"
"032980","바이온","KOSDAQ","유통","604","0","0.00","18354952980"
"308080","바이젠셀","KOSDAQ","일반서비스","7980","-1290","-13.92","163584094800"
"043150","바텍","KOSDAQ","의료·정밀기기","19650","570","2.99","291886130400"
"323990","박셀바이오","KOSDAQ","일반서비스","5050","-40","-0.79","117449592250"
"267790","배럴","KOSDAQ","섬유·의류","3255","50","1.56","25028700795"
"046310","백금T&A","KOSDAQ","전기·전자","2225","30","1.37","36531476225"
"331520","밸로프","KOSDAQ","IT 서비스","2190","60","2.82","22278602820"
"199480","뱅크웨어글로벌","KOSDAQ","IT 서비스","3440","70","2.08","35076262720"
"438700","버넥트","KOSDAQ","IT 서비스","2760","-55","-1.95","30759896400"
"066410","버킷스튜디오","KOSDAQ","통신","1153","0","0.00","159637252154"
"382900","범한퓨얼셀","KOSDAQ","전기·전자","27150","900","3.43","237861150000"
"206400","베노티앤알","KOSDAQ","건설","999","1","0.10","37472647842"
"019010","베뉴지","KOSDAQ","유통","4830","180","3.87","232806000000"
"177350","베셀","KOSDAQ","화학","654","-4","-0.61","12853563618"
"457600","벡트","KOSDAQ","전기·전자","2200","185","9.18","30156500000"
"424760","벨로크","KOSDAQ","IT 서비스","2375","-50","-2.06","23879124000"
"250000","보라티알","KOSDAQ","유통","6180","40","0.65","41719529940"
"310210","보로노이","KOSDAQ","일반서비스","193500","-13500","-6.52","3560820088500"
"006910","보성파워텍","KOSDAQ","금속","8270","330","4.16","406303644480"
"0010F0","보원케미칼","KOSDAQ","화학","3110","135","4.54","34656599110"
"226340","본느","KOSDAQ","화학","2505","60","2.45","21018162420"
"014470","부방","KOSDAQ","부동산","1220","51","4.36","73263757200"
"008470","부스타","KOSDAQ","금속","3255","70","2.20","27357624000"
"338220","뷰노","KOSDAQ","IT 서비스","9300","1470","18.77","130216953900"
"100120","뷰웍스","KOSDAQ","의료·정밀기기","25550","550","2.20","229219551050"
"406820","뷰티스킨","KOSDAQ","화학","2140","-295","-12.11","30251375980"
"099390","브레인즈컴퍼니","KOSDAQ","IT 서비스","3810","10","0.26","31273558230"
"064480","브리지텍","KOSDAQ","IT 서비스","3130","65","2.12","37411325000"
"365900","브이씨","KOSDAQ","기타제조","2705","45","1.69","19774361500"
"089970","브이엠","KOSDAQ","기계·장비","97000","11900","13.98","2402883515000"
"251630","브이원텍","KOSDAQ","기계·장비","4150","120","2.98","66162976900"
"018290","브이티","KOSDAQ","화학","12880","530","4.29","450050873440"
"478560","블랙야크아이앤씨","KOSDAQ","섬유·의류","2840","140","5.19","73358046320"
"439580","블루엠텍","KOSDAQ","유통","2450","25","1.03","82924040150"
"033560","블루콤","KOSDAQ","전기·전자","3610","-75","-2.04","61731000000"
"369370","블리츠웨이엔터테인먼트","KOSDAQ","오락·문화","879","-3","-0.34","43837409769"
"126340","비나텍","KOSDAQ","전기·전자","105600","1700","1.64","758251718400"
"121800","비덴트","KOSDAQ","전기·전자","3320","0","0.00","256309348520"
"082800","비보존 제약","KOSDAQ","제약","4045","120","3.06","245611048970"
"318410","비비씨","KOSDAQ","화학","6200","280","4.73","34442506600"
"419540","비스토스","KOSDAQ","의료·정밀기기","2715","115","4.42","12484932930"
"146320","비씨엔씨","KOSDAQ","전기·전자","15150","1690","12.56","193888533450"
"200780","비씨월드제약","KOSDAQ","제약","3595","-5","-0.14","38343051295"
"413640","비아이매트릭스","KOSDAQ","IT 서비스","6660","70","1.06","47998220400"
"141000","비아트론","KOSDAQ","기계·장비","9020","310","3.56","109274684200"
"083650","비에이치아이","KOSDAQ","기계·장비","80600","18600","30.00","2494116625000"
"0068Y0","비엔케이제3호스팩","KOSDAQ","금융","2005","5","0.25","8641550000"
"065170","비엘팜텍","KOSDAQ","유통","1775","87","5.15","49546982575"
"086670","비엠티","KOSDAQ","기계·장비","16670","1370","8.95","165464502950"
"488900","비츠로넥스텍","KOSDAQ","운송장비·부품","11920","630","5.58","345399200560"
"082920","비츠로셀","KOSDAQ","전기·전자","46900","1100","2.40","2126421471300"
"054220","비츠로시스","KOSDAQ","전기·전자","1592","12","0.76","20044260672"
"042370","비츠로테크","KOSDAQ","금융","11230","360","3.31","294226280750"
"050090","비케이홀딩스","KOSDAQ","일반서비스","550","-7","-1.26","10881604250"
"148780","비큐AI","KOSDAQ","IT 서비스","670","52","8.41","21068635750"
"307870","비투엔","KOSDAQ","IT 서비스","1010","-34","-3.26","75042277850"
"377030","비트맥스","KOSDAQ","IT 서비스","1547","17","1.11","16544174920"
"032850","비트컴퓨터","KOSDAQ","IT 서비스","4260","65","1.55","70815228180"
"049470","비트플래닛","KOSDAQ","IT 서비스","1629","63","4.02","38354640471"
"238200","비피도","KOSDAQ","음식료·담배","2395","5","0.21","19591100000"
"093190","빅솔론","KOSDAQ","전기·전자","8010","310","4.03","154103629050"
"065450","빅텍","KOSDAQ","의료·정밀기기","3465","35","1.02","102202957395"
"044480","빌리언스","KOSDAQ","오락·문화","950","2","0.21","31588370200"
"069540","빛과전자","KOSDAQ","전기·전자","3305","-20","-0.60","359102173965"
"072950","빛샘전자","KOSDAQ","전기·전자","10460","160","1.55","84230300600"
"451250","삐아","KOSDAQ","화학","7780","460","6.28","79557323060"
"143240","사람인","KOSDAQ","IT 서비스","16770","920","5.80","179987898870"
"466410","사이냅소프트","KOSDAQ","IT 서비스","9290","30","0.32","46793943670"
"223310","사토시홀딩스","KOSDAQ","유통","4860","40","0.83","25294560120"
"452430","사피엔반도체","KOSDAQ","전기·전자","37650","1350","3.72","310816600650"
"419120","산돌","KOSDAQ","IT 서비스","2905","55","1.93","42756841610"
"122350","삼기","KOSDAQ","운송장비·부품","1015","11","1.10","38914519420"
"419050","삼기에너지솔루션즈","KOSDAQ","운송장비·부품","1365","57","4.36","78072867600"
"014970","삼륭물산","KOSDAQ","종이·목재","5180","80","1.57","76793500000"
"018310","삼목에스폼","KOSDAQ","금속","15480","880","6.03","227556000000"
"012210","삼미금속","KOSDAQ","금속","9620","890","10.19","213487155440"
"053700","삼보모터스","KOSDAQ","운송장비·부품","4510","70","1.58","120093736730"
"009620","삼보산업","KOSDAQ","금속","596","33","5.86","10413936608"
"023600","삼보판지","KOSDAQ","종이·목재","8700","180","2.11","139272210000"
"0044K0","삼성스팩10호","KOSDAQ","금융","2000","-5","-0.25","15040000000"
"0071M0","삼성스팩11호","KOSDAQ","금융","2005","-5","-0.25","11548800000"
"0096B0","삼성스팩12호","KOSDAQ","금융","1993","-4","-0.20","13113940000"
"0115H0","삼성스팩13호","KOSDAQ","금융","2000","3","0.15","14700000000"
"009300","삼아제약","KOSDAQ","제약","13690","180","1.33","87205300000"
"482630","삼양엔씨켐","KOSDAQ","화학","17400","1950","12.62","380856072000"
"484590","삼양컴텍","KOSDAQ","금속","7930","30","0.38","326798868500"
"036670","삼양케이씨아이","KOSDAQ","화학","5280","0","0.00","59505600000"
"361670","삼영에스앤씨","KOSDAQ","전기·전자","2505","65","2.66","14197483290"
"054540","삼영엠텍","KOSDAQ","금속","8870","360","4.23","115310000000"
"065570","삼영이엔씨","KOSDAQ","전기·전자","764","0","0.00","12295692232"
"014950","삼익제약","KOSDAQ","제약","5930","240","4.22","59344996840"
"032280","삼일","KOSDAQ","운송·창고","1315","7","0.54","21320870850"
"002290","삼일기업공사","KOSDAQ","건설","3440","25","0.73","42656000000"
"037460","삼지전자","KOSDAQ","전기·전자","41550","150","0.36","678034589100"
"032750","삼진","KOSDAQ","전기·전자","2910","70","2.46","26280565020"
"0013V0","삼진식품","KOSDAQ","음식료·담배","5770","120","2.12","57230645120"
"054090","삼진엘앤디","KOSDAQ","기타제조","942","23","2.50","23511596544"
"000250","삼천당제약","KOSDAQ","제약","261500","-1500","-0.57","6134128928000"
"024950","삼천리자전거","KOSDAQ","유통","3765","-165","-4.20","46686000000"
"038500","삼표시멘트","KOSDAQ","비금속","11530","-160","-1.37","1244275008180"
"437730","삼현","KOSDAQ","운송장비·부품","53700","1300","2.48","1702696347900"
"017480","삼현철강","KOSDAQ","금속","5120","70","1.39","79067596800"
"046390","삼화네트웍스","KOSDAQ","오락·문화","1483","14","0.95","25610183559"
"027580","상보","KOSDAQ","화학","1734","84","5.09","20524066170"
"038540","상상인","KOSDAQ","IT 서비스","1915","15","0.79","105953719395"
"091580","상신이디피","KOSDAQ","전기·전자","18180","1450","8.67","242307021420"
"263810","상신전자","KOSDAQ","전기·전자","2610","-25","-0.95","41563793250"
"089980","상아프론테크","KOSDAQ","화학","18530","750","4.22","296276855610"
"042940","상지건설","KOSDAQ","건설","7210","680","10.41","49235013520"
"042600","새로닉스","KOSDAQ","전기·전자","13000","650","5.26","161506462000"
"107600","새빗켐","KOSDAQ","화학","19400","1010","5.49","109434507600"
"411080","샌즈랩","KOSDAQ","IT 서비스","5300","240","4.74","80918481400"
"252990","샘씨엔에스","KOSDAQ","전기·전자","16320","1900","13.18","982755948480"
"378800","샤페론","KOSDAQ","제약","1115","40","3.72","51560979565"
"294630","서남","KOSDAQ","전기·전자","3010","95","3.26","79362620190"
"038070","서린바이오","KOSDAQ","유통","5120","135","2.71","47619461120"
"006730","서부T&D","KOSDAQ","일반서비스","11150","-590","-5.03","723935191450"
"079650","서산","KOSDAQ","비금속","1690","390","30.00","33800000000"
"100660","서암기계공업","KOSDAQ","기계·장비","3410","125","3.81","42966000000"
"019770","서연탑메탈","KOSDAQ","기계·장비","3305","0","0.00","38503250000"
"092190","서울바이오시스","KOSDAQ","전기·전자","9420","100","1.07","432080167860"
"046890","서울반도체","KOSDAQ","전기·전자","13200","0","0.00","769631280000"
"063170","서울옥션","KOSDAQ","유통","5040","260","5.44","89582305680"
"027040","서울전자통신","KOSDAQ","전기·전자","2155","65","3.11","29992792195"
"018680","서울제약","KOSDAQ","제약","2235","35","1.59","26058577965"
"036120","서울평가정보","KOSDAQ","IT 서비스","1688","34","2.06","59324760000"
"093920","서원인텍","KOSDAQ","전기·전자","4855","95","2.00","90303000000"
"189860","서전기전","KOSDAQ","전기·전자","4855","210","4.52","47087576900"
"178320","서진시스템","KOSDAQ","전기·전자","75100","600","0.81","4778744199700"
"122690","서진오토모티브","KOSDAQ","운송장비·부품","1832","59","3.33","42281032112"
"140070","서플러스글로벌","KOSDAQ","유통","1801","34","1.92","66615388000"
"011370","서한","KOSDAQ","건설","862","14","1.65","86971373630"
"065710","서호전기","KOSDAQ","전기·전자","47600","1850","4.04","245140000000"
"035890","서희건설","KOSDAQ","건설","2300","-15","-0.65","528559451100"
"357550","석경에이티","KOSDAQ","화학","44200","200","0.45","241111000000"
"003100","선광","KOSDAQ","운송·창고","18780","390","2.12","123948000000"
"067370","선바이오","KOSDAQ","제약","5810","0","0.00","70844554550"
"171090","선익시스템","KOSDAQ","기계·장비","78700","900","1.16","795076666200"
"086710","선진뷰티사이언스","KOSDAQ","화학","8050","520","6.91","98236404000"
"014620","성광벤드","KOSDAQ","금속","30050","2150","7.71","798048788200"
"037350","성도이엔지","KOSDAQ","일반서비스","9350","360","4.00","142213500000"
"458650","성우","KOSDAQ","전기·전자","11230","90","0.81","168962874100"
"081580","성우전자","KOSDAQ","전기·전자","2390","55","2.36","37064461770"
"045300","성우테크론","KOSDAQ","전기·전자","2945","75","2.61","31060950340"
"015750","성우하이텍","KOSDAQ","운송장비·부품","6910","300","4.54","552800000000"
"365340","성일하이텍","KOSDAQ","화학","52100","1000","1.96","673190091500"
"080470","성창오토텍","KOSDAQ","운송장비·부품","3070","55","1.82","22411000000"
"043260","성호전자","KOSDAQ","전기·전자","46650","1100","2.41","3308549692950"
"148150","세경하이테크","KOSDAQ","전기·전자","3595","80","2.28","127776430710"
"061090","세나테크놀로지","KOSDAQ","전기·전자","43250","-50","-0.12","241732900000"
"188260","세니젠","KOSDAQ","기타제조","1630","-64","-3.78","21619460990"
"053060","세동","KOSDAQ","운송장비·부품","1368","25","1.86","24155349192"
"340440","세림B&G","KOSDAQ","화학","1255","7","0.56","35614846820"
"017510","세명전기","KOSDAQ","금속","8610","320","3.86","131268060000"
"0017J0","세미티에스","KOSDAQ","기계·장비","5030","1160","29.97","151587213690"
"490470","세미파이브","KOSDAQ","일반서비스","28850","1900","7.05","981633944000"
"011560","세보엠이씨","KOSDAQ","건설","23900","800","3.46","241028440800"
"396300","세아메카닉스","KOSDAQ","금속","4475","10","0.22","118540512500"
"100700","세운메디칼","KOSDAQ","제약","2220","45","2.07","97236000000"
"024830","세원물산","KOSDAQ","운송장비·부품","10300","150","1.48","86005000000"
"258830","세종메디칼","KOSDAQ","의료·정밀기기","412","0","0.00","31223976612"
"036630","세종텔레콤","KOSDAQ","건설","11540","-770","-6.26","115400000000"
"039310","세중","KOSDAQ","IT 서비스","1059","4","0.38","19190845353"
"067770","세진티에스","KOSDAQ","전기·전자","1689","3","0.18","14181845577"
"053450","세코닉스","KOSDAQ","의료·정밀기기","4230","65","1.56","62573556690"
"252500","세화피앤씨","KOSDAQ","화학","694","9","1.31","28791554660"
"321370","센서뷰","KOSDAQ","전기·전자","2645","-115","-4.17","136653676370"
"347000","센코","KOSDAQ","의료·정밀기기","1791","64","3.71","67719225186"
"331920","셀레믹스","KOSDAQ","제약","15270","100","0.66","149599838790"
"352770","셀레스트라","KOSDAQ","일반서비스","5250","0","0.00","13610136750"
"471820","셀로맥스사이언스","KOSDAQ","음식료·담배","4650","60","1.31","52558387350"
"049180","셀루메드","KOSDAQ","제약","1009","0","0.00","83975227728"
"299660","셀리드","KOSDAQ","일반서비스","2535","140","5.85","74790046695"
"108860","셀바스AI","KOSDAQ","IT 서비스","9780","1000","11.39","263226646200"
"208370","셀바스헬스케어","KOSDAQ","의료·정밀기기","3265","175","5.66","84042941460"
"318160","셀바이오휴먼텍","KOSDAQ","섬유·의류","5860","200","3.53","54717826180"
"308430","셀비온","KOSDAQ","제약","18310","520","2.92","236295145810"
"068760","셀트리온제약","KOSDAQ","제약","42900","50","0.12","1904860042800"
"068940","셀피글로벌","KOSDAQ","전기·전자","778","0","0.00","35720093048"
"007720","소노스퀘어","KOSDAQ","유통","298","10","3.47","30038534100"
"290690","소룩스","KOSDAQ","전기·전자","4800","175","3.78","244668907200"
"950200","소마젠","KOSDAQ","일반서비스","2735","5","0.18","52610604955"
"032680","소프트센","KOSDAQ","IT 서비스","905","-73","-7.46","18874572305"
"032685","소프트센우","KOSDAQ","IT 서비스","21050","-2300","-9.85","1502170100"
"258790","소프트캠프","KOSDAQ","IT 서비스","4465","245","5.81","22317213040"
"066910","손오공","KOSDAQ","유통","2520","70","2.86","33734312640"
"215090","솔디펜스","KOSDAQ","의료·정밀기기","1712","-48","-2.73","39642491632"
"035610","솔본","KOSDAQ","일반서비스","3430","75","2.24","93796769710"
"357780","솔브레인","KOSDAQ","화학","441500","86500","24.37","3434236889000"
"036830","솔브레인홀딩스","KOSDAQ","일반서비스","48400","4650","10.63","992392680400"
"304100","솔트룩스","KOSDAQ","IT 서비스","15870","330","2.12","199864478850"
"328380","솔트웨어","KOSDAQ","IT 서비스","3300","-50","-1.49","22613431500"
"086980","쇼박스","KOSDAQ","오락·문화","2585","40","1.57","161919230000"
"050960","수산아이앤티","KOSDAQ","IT 서비스","7900","90","1.15","53332900000"
"084180","수성웹툰","KOSDAQ","기계·장비","645","3","0.47","11657912535"
"253840","수젠텍","KOSDAQ","제약","4830","-45","-0.92","80869656000"
"298830","슈어소프트테크","KOSDAQ","IT 서비스","5220","200","3.98","279053364780"
"236200","슈프리마","KOSDAQ","전기·전자","43650","1650","3.93","304428675150"
"094840","슈프리마에이치큐","KOSDAQ","전기·전자","10970","890","8.83","107573015730"
"192440","슈피겐코리아","KOSDAQ","기타제조","30300","50","0.17","188355798900"
"424960","스마트레이더시스템","KOSDAQ","의료·정밀기기","4930","250","5.34","81271592300"
"099440","스맥","KOSDAQ","기계·장비","3285","40","1.23","224179549290"
"066590","스모트로닉","KOSDAQ","운송장비·부품","2160","35","1.65","83544343920"
"276040","스코넥","KOSDAQ","IT 서비스","327","0","0.00","7073119545"
"060240","스타코링크","KOSDAQ","운송장비·부품","1976","0","0.00","11502414560"
"115570","스타플렉스","KOSDAQ","화학","2485","-45","-1.78","19841502380"
"330730","스톤브릿지벤처스","KOSDAQ","금융","5520","70","1.28","100562421600"
"352090","스톰테크","KOSDAQ","화학","3615","35","0.98","97145887770"
"253450","스튜디오드래곤","KOSDAQ","오락·문화","25200","400","1.61","757474149600"
"408900","스튜디오미르","KOSDAQ","오락·문화","1481","-2","-0.13","48507087849"
"415380","스튜디오삼익","KOSDAQ","유통","1774","48","2.78","20299837650"
"013810","스페코","KOSDAQ","기계·장비","1916","66","3.57","28079880520"
"347700","스피어","KOSDAQ","IT 서비스","36700","-1800","-4.68","1891494585400"
"049830","승일","KOSDAQ","금속","6940","290","4.36","42556857280"
"020710","시공테크","KOSDAQ","일반서비스","3765","75","2.03","75480607050"
"033170","시그네틱스","KOSDAQ","전기·전자","578","14","2.48","49550968382"
"048870","시너지이노베이션","KOSDAQ","의료·정밀기기","1866","16","0.86","164407592958"
"025320","시노펙스","KOSDAQ","전기·전자","4460","30","0.68","411044540380"
"340810","시선AI","KOSDAQ","IT 서비스","2705","85","3.24","36909660080"
"269620","시스웍","KOSDAQ","의료·정밀기기","889","0","0.00","132090012299"
"056090","시지메드텍","KOSDAQ","의료·정밀기기","1232","-18","-1.44","127215132352"
"429270","시지트로닉스","KOSDAQ","전기·전자","5480","290","5.59","35341785880"
"418250","시큐레터","KOSDAQ","IT 서비스","6550","0","0.00","47629012750"
"131090","시큐브","KOSDAQ","IT 서비스","3925","-25","-0.63","30058517425"
"290520","신도기연","KOSDAQ","기계·장비","1909","137","7.73","30409152058"
"001000","신라섬유","KOSDAQ","부동산","1389","14","1.02","33721503060"
"025870","신라에스지","KOSDAQ","유통","3085","155","5.29","12340000000"
"215600","신라젠","KOSDAQ","일반서비스","2550","25","0.99","353311588200"
"065350","신성델타테크","KOSDAQ","전기·전자","41150","900","2.24","1130964460200"
"416180","신성에스티","KOSDAQ","운송장비·부품","27600","2050","8.02","249497872800"
"162300","신스틸","KOSDAQ","금속","1680","53","3.26","69671921760"
"002800","신신제약","KOSDAQ","제약","4670","135","2.98","70846235000"
"472220","신영스팩10호","KOSDAQ","금융","2095","-5","-0.24","9825550000"
"0091W0","신영스팩11호","KOSDAQ","금융","2020","-5","-0.25","12257360000"
"017000","신원종합개발","KOSDAQ","건설","2435","70","2.96","28411645745"
"012790","신일제약","KOSDAQ","제약","5390","50","0.94","64606776850"
"138070","신진에스엠","KOSDAQ","금속","1419","79","5.90","24837046476"
"226330","신테카바이오","KOSDAQ","IT 서비스","1940","-35","-1.77","47061441500"
"474660","신한제12호스팩","KOSDAQ","금융","2055","5","0.24","11343600000"
"474930","신한제13호스팩","KOSDAQ","금융","2085","10","0.48","7547700000"
"487360","신한제14호스팩","KOSDAQ","금융","2025","5","0.25","11421000000"
"487830","신한제15호스팩","KOSDAQ","금융","2025","-5","-0.25","8808750000"
"496070","신한제16호스팩","KOSDAQ","금융","1999","-1","-0.05","11234380000"
"0130D0","신한제17호스팩","KOSDAQ","금융","1986","0","0.00","10605240000"
"0129K0","신한제18호스팩","KOSDAQ","금융","1985","-3","-0.15","11155700000"
"056700","신화인터텍","KOSDAQ","화학","1564","7","0.45","45567282324"
"187270","신화콘텍","KOSDAQ","전기·전자","3450","85","2.53","34996265250"
"095190","신화프리텍","KOSDAQ","금속","1932","57","3.04","126083212584"
"243840","신흥에스이씨","KOSDAQ","전기·전자","6250","410","7.02","240988968750"
"257720","실리콘투","KOSDAQ","유통","34650","-750","-2.12","2272217131800"
"222800","심텍","KOSDAQ","전기·전자","130100","-3200","-2.40","4874057423100"
"036710","심텍홀딩스","KOSDAQ","일반서비스","4790","-185","-3.72","253044941660"
"444530","심플랫폼","KOSDAQ","IT 서비스","6940","-540","-7.22","44545389360"
"234030","싸이닉솔루션","KOSDAQ","전기·전자","4760","130","2.81","112359800000"
"160980","싸이맥스","KOSDAQ","기계·장비","46500","2950","6.77","507977299500"
"356890","싸이버원","KOSDAQ","IT 서비스","2590","15","0.58","30960406750"
"217330","싸이토젠","KOSDAQ","일반서비스","4195","175","4.35","97028449665"
"208640","썸에이지","KOSDAQ","IT 서비스","121","0","0.00","16848070734"
"222420","쎄노텍","KOSDAQ","비금속","1199","19","1.61","58053809077"
"037760","쎄니트","KOSDAQ","금속","2400","-40","-1.64","81199010400"
"081180","쎄크","KOSDAQ","기계·장비","8110","200","2.53","71575088850"
"099320","쎄트렉아이","KOSDAQ","운송장비·부품","117800","4100","3.61","1290060548400"
"049960","쎌바이오텍","KOSDAQ","제약","16570","420","2.60","155758000000"
"088280","쏘닉스","KOSDAQ","전기·전자","3490","90","2.65","60399650100"
"050890","쏠리드","KOSDAQ","전기·전자","12790","370","2.98","777076069860"
"394800","쓰리빌리언","KOSDAQ","일반서비스","6980","-460","-6.18","222121419940"
"177900","쓰리에이로직스","KOSDAQ","전기·전자","5280","30","0.57","50833728000"
"475400","씨메스로보틱스","KOSDAQ","기계·장비","26350","1900","7.77","309772233700"
"109670","씨싸이트","KOSDAQ","섬유·의류","3460","140","4.22","20194642920"
"066790","씨씨에스","KOSDAQ","오락·문화","1493","0","0.00","97271994227"
"222080","씨아이에스","KOSDAQ","기계·장비","10730","430","4.17","834580945120"
"352480","씨앤씨인터내셔널","KOSDAQ","화학","18830","-1270","-6.32","256651035830"
"264660","씨앤지하이테크","KOSDAQ","기계·장비","15050","580","4.01","146303638600"
"352700","씨앤투스","KOSDAQ","화학","1524","12","0.79","40045994076"
"458870","씨어스","KOSDAQ","의료·정밀기기","29500","250","0.85","1122762330000"
"297090","씨에스베어링","KOSDAQ","기계·장비","4380","55","1.27","119442600000"
"900120","씨엑스아이","KOSDAQ","금융","391","0","0.00","14603186473"
"359090","씨엔알리서치","KOSDAQ","일반서비스","550","0","0.00","31608894350"
"115530","씨엔플러스","KOSDAQ","전기·전자","1780","28","1.60","14034198180"
"388210","씨엠티엑스","KOSDAQ","전기·전자","118600","7300","6.56","1145016346800"
"115480","씨유메디칼","KOSDAQ","의료·정밀기기","1914","-1","-0.05","23207079654"
"376290","씨유테크","KOSDAQ","전기·전자","2390","90","3.91","42201425000"
"189330","씨이랩","KOSDAQ","IT 서비스","8630","410","4.99","80969110920"
"096530","씨젠","KOSDAQ","제약","28050","-100","-0.36","1464939131700"
"101240","씨큐브","KOSDAQ","화학","3370","55","1.66","38273265240"
"060590","씨티씨바이오","KOSDAQ","제약","3200","55","1.75","77379264000"
"260930","씨티케이","KOSDAQ","화학","2950","155","5.55","57057693450"
"413630","씨피시스템","KOSDAQ","화학","2645","65","2.52","96374875770"
"013990","아가방컴퍼니","KOSDAQ","유통","4120","140","3.52","135496648320"
"123860","아나패스","KOSDAQ","전기·전자","14990","20","0.13","181729990850"
"025980","아난티","KOSDAQ","일반서비스","4620","55","1.20","449530573800"
"0015N0","아로마티카","KOSDAQ","화학","6000","260","4.53","76290300000"
"261780","아리바이오랩","KOSDAQ","일반서비스","3020","325","12.06","81277247920"
"125210","아모그린텍","KOSDAQ","전기·전자","9260","300","3.35","152760275400"
"357580","아모센스","KOSDAQ","전기·전자","9500","200","2.15","112002739000"
"052710","아모텍","KOSDAQ","전기·전자","27200","-450","-1.63","397461251200"
"074430","아미노로직스","KOSDAQ","제약","1226","12","0.99","107675710744"
"092040","아미코젠","KOSDAQ","음식료·담배","1304","9","0.69","92134624648"
"083930","아바코","KOSDAQ","기계·장비","13340","510","3.98","195794501660"
"149950","아바텍","KOSDAQ","전기·전자","13860","-140","-1.00","189434363580"
"036010","아비코전자","KOSDAQ","전기·전자","10600","-60","-0.56","140905100400"
"050860","아세아텍","KOSDAQ","기계·장비","1821","55","3.11","40972500000"
"136410","아셈스","KOSDAQ","화학","5570","100","1.83","61376420420"
"246720","아스타","KOSDAQ","제약","6070","0","0.00","99434491000"
"450950","아스테라시스","KOSDAQ","의료·정밀기기","7480","80","1.08","281454388160"
"067390","아스트","KOSDAQ","운송장비·부품","547","19","3.60","227091195713"
"159010","아스플로","KOSDAQ","기계·장비","21850","3330","17.98","291364047150"
"127710","아시아경제","KOSDAQ","IT 서비스","910","0","0.00","40084781100"
"154030","아시아종묘","KOSDAQ","농업, 임업 및 어업","1630","-12","-0.73","19660843210"
"227610","아우딘퓨쳐스","KOSDAQ","화학","1021","-37","-3.50","19423119083"
"331740","아우토크립트","KOSDAQ","IT 서비스","9700","100","1.04","94572002700"
"143160","아이디스","KOSDAQ","전기·전자","15550","50","0.32","166639864500"
"054800","아이디스홀딩스","KOSDAQ","일반서비스","14120","160","1.15","146110314720"
"332370","아이디피","KOSDAQ","전기·전자","5080","0","0.00","67430528080"
"066430","아이로보틱스","KOSDAQ","유통","4195","765","22.30","164248831820"
"339950","아이비김영","KOSDAQ","일반서비스","2620","105","4.17","117760236100"
"469750","아이비젼웍스","KOSDAQ","기계·장비","1096","1","0.09","37764303176"
"460470","아이빔테크놀로지","KOSDAQ","의료·정밀기기","3700","175","4.96","55941669000"
"099190","아이센스","KOSDAQ","의료·정밀기기","16240","-350","-2.11","467018698160"
"461300","아이스크림미디어","KOSDAQ","IT 서비스","16400","250","1.55","218512501200"
"289010","아이스크림에듀","KOSDAQ","오락·문화","1278","-4","-0.31","17822037168"
"214430","아이쓰리시스템","KOSDAQ","전기·전자","74000","800","1.09","540733910000"
"040910","아이씨디","KOSDAQ","기계·장비","4580","105","2.35","83238179500"
"368600","아이씨에이치","KOSDAQ","전기·전자","708","8","1.14","18081148968"
"456010","아이씨티케이","KOSDAQ","전기·전자","23600","1000","4.42","330657098400"
"052860","아이앤씨","KOSDAQ","전기·전자","5010","-20","-0.40","89492898540"
"464500","아이언디바이스","KOSDAQ","전기·전자","2365","20","0.85","33094066995"
"212710","아이에스티이","KOSDAQ","전기·전자","11460","1310","12.91","110279327880"
"038880","아이에이","KOSDAQ","전기·전자","670","0","0.00","25173318390"
"307180","아이엘","KOSDAQ","전기·전자","6690","510","8.25","246765172440"
"101390","아이엠","KOSDAQ","전기·전자","396","0","0.00","6698084184"
"493280","아이엠바이오로직스","KOSDAQ","일반서비스","27950","1050","3.90","414427199550"
"461030","아이엠비디엑스","KOSDAQ","일반서비스","4635","275","6.31","66440486295"
"451220","아이엠티","KOSDAQ","기계·장비","14280","1210","9.26","112449445080"
"078860","아이오케이이엔엠","KOSDAQ","오락·문화","3505","-170","-4.63","20806468625"
"090150","아이윈","KOSDAQ","운송장비·부품","607","-5","-0.82","25418302851"
"031310","아이즈비전","KOSDAQ","통신","1115","35","3.24","33167515865"
"462980","아이지넷","KOSDAQ","IT 서비스","1491","58","4.05","27187545567"
"185490","아이진","KOSDAQ","일반서비스","1432","0","0.00","61905050688"
"059100","아이컴포넌트","KOSDAQ","전기·전자","4830","30","0.63","34152253800"
"262840","아이퀘스트","KOSDAQ","IT 서비스","3110","120","4.01","32863220720"
"175250","아이큐어","KOSDAQ","화학","2170","0","0.00","81501658560"
"052460","아이크래프트","KOSDAQ","IT 서비스","2965","95","3.31","43312530240"
"119830","아이텍","KOSDAQ","일반서비스","6450","230","3.70","171173557200"
"052770","아이톡시","KOSDAQ","IT 서비스","312","0","0.00","4545457488"
"124500","아이티센글로벌","KOSDAQ","IT 서비스","43700","300","0.69","1014037829900"
"010280","아이티센엔텍","KOSDAQ","IT 서비스","5970","180","3.11","77757799290"
"232830","아이티센피엔에스","KOSDAQ","IT 서비스","2710","30","1.12","44806397460"
"372800","아이티아이즈","KOSDAQ","IT 서비스","3085","190","6.56","21709728065"
"084850","아이티엠반도체","KOSDAQ","전기·전자","11100","520","4.91","251780567400"
"309710","아이티켐","KOSDAQ","제약","21000","0","0.00","268443021000"
"114840","아이패밀리에스씨","KOSDAQ","화학","9120","80","0.88","157957488000"
"027360","아주IB투자","KOSDAQ","금융","8210","-640","-7.23","994603783260"
"032080","아즈텍WB","KOSDAQ","섬유·의류","1140","27","2.43","24499773060"
"013310","아진산업","KOSDAQ","운송장비·부품","3060","110","3.73","118748140920"
"059120","아진엑스텍","KOSDAQ","전기·전자","7120","180","2.59","130367669920"
"0007C0","아크릴","KOSDAQ","IT 서비스","24350","1000","4.28","195538389400"
"203690","아크솔루션스","KOSDAQ","종이·목재","4425","0","0.00","89196141000"
"158430","아톤","KOSDAQ","IT 서비스","5240","220","4.38","128286162080"
"200350","아티스트스튜디오","KOSDAQ","오락·문화","3145","130","4.31","31437498625"
"321820","아티스트컴퍼니","KOSDAQ","오락·문화","3320","210","6.75","51763368320"
"001540","안국약품","KOSDAQ","제약","11360","280","2.53","148161891200"
"053800","안랩","KOSDAQ","IT 서비스","57300","400","0.70","637548793800"
"065660","안트로젠","KOSDAQ","유통","25700","1050","4.26","257156770000"
"297570","알로이스","KOSDAQ","전기·전자","1181","31","2.70","40887658458"
"260660","알리코제약","KOSDAQ","제약","2585","85","3.40","39620349285"
"354320","알멕","KOSDAQ","금속","57400","600","1.06","366865269400"
"361570","알비더블유","KOSDAQ","오락·문화","1740","92","5.58","50013326340"
"131370","알서포트","KOSDAQ","IT 서비스","1700","40","2.41","90554041100"
"140670","알에스오토메이션","KOSDAQ","전기·전자","13340","1850","16.10","171283465600"
"096610","알에프세미","KOSDAQ","전기·전자","2965","0","0.00","51550708615"
"061040","알에프텍","KOSDAQ","전기·전자","7090","440","6.62","64151901070"
"148250","알엔투테크놀로지","KOSDAQ","전기·전자","2760","0","0.00","37565543040"
"123010","알엔티엑스","KOSDAQ","전기·전자","2240","-10","-0.44","76623818880"
"476830","알지노믹스","KOSDAQ","일반서비스","92300","-500","-0.54","1286093616600"
"347860","알체라","KOSDAQ","IT 서비스","1727","7","0.41","71326745831"
"196170","알테오젠","KOSDAQ","일반서비스","337000","-10000","-2.88","18058597591000"
"123750","알톤","KOSDAQ","운송장비·부품","1650","19","1.16","22801777350"
"459550","알트","KOSDAQ","전기·전자","1799","-1","-0.06","45372149039"
"085810","알티캐스트","KOSDAQ","IT 서비스","1484","31","2.13","19454061704"
"043100","알파AI","KOSDAQ","의료·정밀기기","520","0","0.00","10457241600"
"117670","알파칩스","KOSDAQ","전기·전자","12730","-150","-1.16","84803975660"
"314140","알피바이오","KOSDAQ","제약","5530","-50","-0.90","47924976330"
"291650","압타머사이언스","KOSDAQ","일반서비스","848","-22","-2.53","51761277216"
"293780","압타바이오","KOSDAQ","일반서비스","5020","-100","-1.95","141028893100"
"310200","애니플러스","KOSDAQ","오락·문화","2215","-25","-1.12","115540681740"
"179530","애드바이오텍","KOSDAQ","제약","2315","-65","-2.73","45558343450"
"397810","애드포러스","KOSDAQ","일반서비스","5260","230","4.57","27145650200"
"0011A0","액스비스","KOSDAQ","전기·전자","13960","670","5.04","130299010400"
"052790","액토즈소프트","KOSDAQ","IT 서비스","4300","95","2.26","46975552100"
"290740","액트로","KOSDAQ","전기·전자","11790","220","1.90","118666479690"
"238090","앤디포스","KOSDAQ","화학","2635","210","8.66","80342309400"
"138360","앤로보틱스","KOSDAQ","기계·장비","2500","145","6.16","192479305000"
"092600","앤씨앤","KOSDAQ","전기·전자","2820","50","1.81","14147102460"
"129890","앱코","KOSDAQ","전기·전자","970","13","1.36","44179233940"
"174900","앱클론","KOSDAQ","제약","29800","100","0.34","594573444200"
"109960","앱토크롬","KOSDAQ","유통","1839","34","1.88","20301572457"
"270520","앱튼","KOSDAQ","일반서비스","978","10","1.03","19226417892"
"255440","야스","KOSDAQ","기계·장비","8280","0","0.00","108120240000"
"030960","양지사","KOSDAQ","출판·매체복제","5450","-30","-0.55","87091000000"
"102120","어보브반도체","KOSDAQ","전기·전자","10870","630","6.15","193276785110"
"238120","얼라인드","KOSDAQ","의료·정밀기기","3190","-125","-3.77","45868678240"
"019990","에너토크","KOSDAQ","기계·장비","6150","170","2.84","59999941200"
"435570","에르코스","KOSDAQ","음식료·담배","6700","140","2.13","51033786100"
"270660","에브리봇","KOSDAQ","전기·전자","16090","3710","29.97","204191480470"
"038680","에스넷","KOSDAQ","IT 서비스","3400","35","1.04","67702982800"
"217480","에스디생명공학","KOSDAQ","화학","499","0","0.00","54756837359"
"121890","에스디시스템","KOSDAQ","전기·전자","1934","-18","-0.92","25705656564"
"304360","에스바이오메딕스","KOSDAQ","제약","31450","1650","5.54","389512275600"
"389500","에스비비테크","KOSDAQ","기계·장비","62600","6900","12.39","417133347200"
"042110","에스씨디","KOSDAQ","전기·전자","1219","12","0.99","58913738516"
"065420","에스아이리소스","KOSDAQ","화학","178","-12","-6.32","12740759222"
"103230","에스앤더블류","KOSDAQ","기계·장비","2855","125","4.58","20556000000"
"260970","에스앤디","KOSDAQ","음식료·담배","49900","-700","-1.38","144348424600"
"101490","에스앤에스텍","KOSDAQ","전기·전자","63900","900","1.43","1363298768100"
"095910","에스에너지","KOSDAQ","전기·전자","1296","-29","-2.19","48336794064"
"275630","에스에스알","KOSDAQ","IT 서비스","3795","-20","-0.52","19938201360"
"031330","에스에이엠티","KOSDAQ","유통","14960","-130","-0.86","1495926202320"
"060540","에스에이티","KOSDAQ","의료·정밀기기","1274","8","0.63","33293831844"
"056190","에스에프에이","KOSDAQ","기계·장비","26700","1700","6.80","958763892000"
"0008Z0","에스엔시스","KOSDAQ","전기·전자","26500","500","1.92","250068946000"
"246250","에스엘에스바이오","KOSDAQ","일반서비스","1969","0","0.00","30220617614"
"041510","에스엠","KOSDAQ","오락·문화","83600","-5200","-5.86","1913996084000"
"460870","에스엠씨지","KOSDAQ","비금속","2480","0","0.00","49781793920"
"464080","에스오에스랩","KOSDAQ","의료·정밀기기","12150","1870","18.19","218056596750"
"109610","에스와이","KOSDAQ","금속","2215","150","7.26","108329891000"
"365330","에스와이스틸텍","KOSDAQ","금속","2300","215","10.31","115393300000"
"306040","에스제이그룹","KOSDAQ","섬유·의류","2185","60","2.82","21556834180"
"398120","에스지헬스케어","KOSDAQ","의료·정밀기기","2360","5","0.21","27891685960"
"472230","에스케이증권제11호스팩","KOSDAQ","금융","2080","-5","-0.24","8642400000"
"473000","에스케이증권제12호스팩","KOSDAQ","금융","2050","5","0.24","6785500000"
"473950","에스케이증권제13호스팩","KOSDAQ","금융","2040","5","0.25","9016800000"
"475660","에스켐","KOSDAQ","화학","3895","-265","-6.37","30886707325"
"096630","에스코넥","KOSDAQ","전기·전자","2410","50","2.12","38261938430"
"069510","에스텍","KOSDAQ","전기·전자","12170","180","1.50","132774700000"
"488280","에스투더블유","KOSDAQ","IT 서비스","15840","780","5.18","171127218240"
"234300","에스트래픽","KOSDAQ","IT 서비스","2950","65","2.25","80262951000"
"039440","에스티아이","KOSDAQ","기계·장비","32350","2450","8.19","501652970450"
"098660","에스티오","KOSDAQ","섬유·의류","1651","94","6.04","20639111376"
"052020","에스티큐브","KOSDAQ","유통","11000","-260","-2.31","747816201000"
"237690","에스티팜","KOSDAQ","제약","122000","-1200","-0.97","2545803036000"
"458350","에스팀","KOSDAQ","일반서비스","4860","250","5.42","42200352000"
"050760","에스폴리텍","KOSDAQ","화학","1133","35","3.19","18507190174"
"288620","에스프리즘","KOSDAQ","전기·전자","7000","290","4.32","48855212000"
"443670","에스피소프트","KOSDAQ","IT 서비스","3630","130","3.71","89811252960"
"317830","에스피시스템스","KOSDAQ","기계·장비","6940","710","11.40","74770296920"
"058610","에스피지","KOSDAQ","전기·전자","94700","3300","3.61","2100195992000"
"043340","에쎈테크","KOSDAQ","기계·장비","826","25","3.12","39235000000"
"163280","에어레인","KOSDAQ","기계·장비","4280","150","3.63","58221173840"
"200710","에이디테크놀로지","KOSDAQ","전기·전자","40400","3000","8.02","543865082800"
"475580","에이럭스","KOSDAQ","기타제조","8340","490","6.24","113631666000"
"096690","에이루트","KOSDAQ","전기·전자","5150","-30","-0.58","20717636300"
"298380","에이비엘바이오","KOSDAQ","제약","91100","-2000","-2.15","5100457879300"
"203400","에이비온","KOSDAQ","일반서비스","1225","-8","-0.65","110374097400"
"195990","에이비프로바이오","KOSDAQ","기계·장비","945","28","3.05","30784081860"
"003800","에이스침대","KOSDAQ","기타제조","32600","-100","-0.31","361534000000"
"088800","에이스테크","KOSDAQ","전기·전자","2725","70","2.64","205755032650"
"241840","에이스토리","KOSDAQ","오락·문화","3100","70","2.31","29573981400"
"364950","에이아이코리아","KOSDAQ","기계·장비","4420","195","4.62","36670286900"
"453860","에이에스텍","KOSDAQ","화학","12950","1860","16.77","83455277850"
"312610","에이에프더블류","KOSDAQ","금속","614","2","0.33","12437729232"
"172670","에이엘티","KOSDAQ","전기·전자","13500","940","7.48","120963496500"
"481070","에이유브랜즈","KOSDAQ","유통","13500","430","3.29","193458375000"
"060900","에이전트AI","KOSDAQ","전기·가스·수도","4990","10","0.20","19915454270"
"445090","에이직랜드","KOSDAQ","전기·전자","29500","2450","9.06","322306911000"
"295310","에이치브이엠","KOSDAQ","금속","103400","-6500","-5.91","1243621889400"
"072990","에이치시티","KOSDAQ","일반서비스","3675","100","2.80","53280907050"
"044990","에이치엔에스하이텍","KOSDAQ","전기·전자","14160","880","6.63","108825618000"
"239610","에이치엘사이언스","KOSDAQ","음식료·담배","5610","-50","-0.88","30249765150"
"036170","에이치엠넥스","KOSDAQ","전기·전자","4340","75","1.76","266326816840"
"477340","에이치엠씨제7호스팩","KOSDAQ","금융","2035","5","0.25","15282850000"
"148930","에이치와이티씨","KOSDAQ","금속","2870","30","1.06","29202861310"
"044780","에이치케이","KOSDAQ","기계·장비","1211","5","0.41","22410508057"
"357230","에이치피오","KOSDAQ","음식료·담배","2300","40","1.77","94974994800"
"355690","에이텀","KOSDAQ","전기·전자","4455","-5","-0.11","41899185900"
"071670","에이테크솔루션","KOSDAQ","기계·장비","6300","380","6.42","63000000000"
"045660","에이텍","KOSDAQ","기계·장비","8460","-20","-0.24","69879600000"
"224110","에이텍모빌리티","KOSDAQ","전기·전자","8150","-30","-0.37","41405145900"
"021080","에이티넘인베스트","KOSDAQ","금융","2915","130","4.67","139920000000"
"200470","에이팩트","KOSDAQ","전기·전자","11500","1330","13.08","487164069500"
"262260","에이프로","KOSDAQ","전기·전자","5910","-10","-0.17","89108970600"
"397030","에이프릴바이오","KOSDAQ","일반서비스","41450","-1650","-3.83","970503087700"
"0009K0","에임드바이오","KOSDAQ","일반서비스","27200","0","0.00","1759055579200"
"230240","에치에프알","KOSDAQ","전기·전자","26400","1900","7.76","351357600000"
"159910","에코글로우","KOSDAQ","화학","3270","300","10.10","34227407190"
"230360","에코마케팅","KOSDAQ","일반서비스","16000","0","0.00","495980128000"
"097780","에코볼트","KOSDAQ","운송장비·부품","664","0","0.00","33686528072"
"038870","에코심플렉스","KOSDAQ","일반서비스","1999","70","3.63","28015883051"
"448280","에코아이","KOSDAQ","일반서비스","8930","230","2.64","264605981970"
"101360","에코앤드림","KOSDAQ","전기·전자","10560","-310","-2.85","187821363840"
"128540","에코캡","KOSDAQ","운송장비·부품","1480","59","4.15","39501880800"
"086520","에코프로","KOSDAQ","금융","115700","6900","6.34","15709300786400"
"247540","에코프로비엠","KOSDAQ","전기·전자","170000","5700","3.47","16631173780000"
"383310","에코프로에이치엔","KOSDAQ","화학","28200","1050","3.87","591493082400"
"038110","에코플라스틱","KOSDAQ","운송장비·부품","2290","10","0.44","94277857300"
"073540","에프알텍","KOSDAQ","전기·전자","2660","15","0.57","30324000000"
"064850","에프앤가이드","KOSDAQ","IT 서비스","24600","450","1.86","280694167200"
"036810","에프에스티","KOSDAQ","전기·전자","33200","1600","5.06","718772994800"
"173940","에프엔씨엔터","KOSDAQ","오락·문화","2975","30","1.02","45793603800"
"083500","에프엔에스테크","KOSDAQ","기계·장비","20050","1740","9.50","166542858850"
"317530","에피소드컴퍼니","KOSDAQ","오락·문화","2920","-110","-3.63","51085055440"
"054940","엑사이엔씨","KOSDAQ","건설","635","34","5.66","21065202980"
"950130","엑세스바이오","KOSDAQ","제약","2555","-10","-0.39","89869145870"
"373110","엑셀세라퓨틱스","KOSDAQ","제약","1450","98","7.25","25076871300"
"205100","엑셈","KOSDAQ","IT 서비스","1663","-60","-3.48","117551521449"
"356680","엑스게이트","KOSDAQ","IT 서비스","16410","140","0.86","468398703720"
"070300","엑스큐어","KOSDAQ","IT 서비스","1697","-13","-0.76","60285465113"
"317770","엑스페릭스","KOSDAQ","전기·전자","2625","50","1.94","96190878000"
"373200","엑스플러스","KOSDAQ","기타제조","3005","355","13.40","75254927185"
"069920","엑시온그룹","KOSDAQ","유통","1275","68","5.63","11853064275"
"092870","엑시콘","KOSDAQ","기계·장비","30800","3150","11.39","401964547600"
"317870","엔바이오니아","KOSDAQ","기타제조","5390","-40","-0.74","47657814050"
"067570","엔브이에이치코리아","KOSDAQ","운송장비·부품","1790","3","0.17","75484300000"
"0004V0","엔비알모션","KOSDAQ","금속","9570","-380","-3.82","99570758760"
"236810","엔비티","KOSDAQ","일반서비스","1322","23","1.77","22441513172"
"333620","엔시스","KOSDAQ","전기·전자","5490","200","3.78","60378525900"
"101400","엔시트론","KOSDAQ","전기·전자","2200","160","7.84","25831933600"
"475230","엔알비","KOSDAQ","금속","10750","380","3.66","117160842250"
"481890","엔에이치스팩31호","KOSDAQ","금융","2065","-10","-0.48","13102425000"
"0054V0","엔에이치스팩32호","KOSDAQ","금융","2020","-10","-0.49","12557330000"
"0130H0","엔에이치스팩33호","KOSDAQ","금융","2000","3","0.15","15400000000"
"265740","엔에프씨","KOSDAQ","화학","5150","70","1.38","91997540000"
"354200","엔젠바이오","KOSDAQ","일반서비스","851","-41","-4.60","22815097250"
"455900","엔젤로보틱스","KOSDAQ","기계·장비","25100","3150","14.35","384075958100"
"419080","엔젯","KOSDAQ","기계·장비","4200","15","0.36","44877575400"
"183490","엔지켐생명과학","KOSDAQ","제약","990","0","0.00","83793832650"
"182400","엔케이젠바이오텍코리아","KOSDAQ","제약","3670","0","0.00","265496721770"
"348370","엔켐","KOSDAQ","화학","34950","50","0.14","765789205350"
"069410","엔텔스","KOSDAQ","IT 서비스","3860","5","0.13","39545020640"
"227950","엔투텍","KOSDAQ","기계·장비","1260","78","6.60","43480343340"
"291230","엔피","KOSDAQ","일반서비스","555","-9","-1.60","24473155125"
"048830","엔피케이","KOSDAQ","화학","829","40","5.07","15522132167"
"096870","엘디티","KOSDAQ","전기·전자","1788","-8","-0.45","14926222212"
"290650","엘앤씨바이오","KOSDAQ","제약","76900","-7500","-8.89","2073970237600"
"156100","엘앤케이바이오","KOSDAQ","의료·정밀기기","5250","20","0.38","117343553250"
"0041J0","엘에스스팩1호","KOSDAQ","금융","1995","-1","-0.05","8199450000"
"073110","엘엠에스","KOSDAQ","전기·전자","6690","230","3.56","59512600950"
"083310","엘오티베큠","KOSDAQ","기계·장비","11930","1140","10.57","212473693690"
"037950","엘컴텍","KOSDAQ","전기·전자","2705","115","4.44","45686105615"
"489500","엘케이켐","KOSDAQ","화학","30850","2450","8.63","197169692300"
"170920","엘티씨","KOSDAQ","화학","56600","-1200","-2.08","597929531600"
"058630","엠게임","KOSDAQ","IT 서비스","4320","45","1.05","82955119680"
"226590","엠디바이스","KOSDAQ","전기·전자","15990","570","3.70","171361376160"
"058970","엠로","KOSDAQ","IT 서비스","21450","350","1.66","265181931300"
"169330","엠브레인","KOSDAQ","일반서비스","1727","12","0.70","31633317386"
"373170","엠아이큐브솔루션","KOSDAQ","IT 서비스","2225","0","0.00","33628182750"
"179290","엠아이텍","KOSDAQ","의료·정밀기기","4955","110","2.27","160371934490"
"009780","엠에스씨","KOSDAQ","음식료·담배","6230","70","1.14","109648000000"
"123040","엠에스오토텍","KOSDAQ","운송장비·부품","1909","64","3.47","119557422791"
"432980","엠에프씨","KOSDAQ","제약","2855","25","0.88","24529423410"
"007820","엠엑스로보틱스","KOSDAQ","기계·장비","3395","85","2.57","68015246670"
"347890","엠엑스온","KOSDAQ","의료·정밀기기","5010","120","2.45","84985652040"
"413390","엠오티","KOSDAQ","기계·장비","6770","210","3.20","78397818600"
"032790","엠젠솔루션","KOSDAQ","유통","1434","30","2.14","36825272004"
"033160","엠케이전자","KOSDAQ","전기·전자","27300","-700","-2.50","660508921800"
"033310","엠투엔","KOSDAQ","전기·전자","1398","1","0.07","55881493488"
"259630","엠플러스","KOSDAQ","기계·장비","12160","430","3.67","148624335360"
"105550","엣지파운드리","KOSDAQ","전기·전자","537","-7","-1.29","42050886387"
"060850","영림원소프트랩","KOSDAQ","IT 서비스","5640","180","3.30","45858840000"
"143540","영우디에스피","KOSDAQ","기계·장비","1084","84","8.40","48346286180"
"265560","영화테크","KOSDAQ","운송장비·부품","7680","180","2.40","82100582400"
"036000","예림당","KOSDAQ","오락·문화","3020","5","0.17","69563516540"
"250930","예선테크","KOSDAQ","화학","425","23","5.72","14025187000"
"053280","예스24","KOSDAQ","유통","2895","55","1.94","72375000000"
"122640","예스티","KOSDAQ","기계·장비","29700","2150","7.80","641100279600"
"476040","오가노이드사이언스","KOSDAQ","일반서비스","12110","270","2.28","79753553600"
"900300","오가닉티코스메틱","KOSDAQ","금융","91","0","0.00","35399443716"
"045060","오공","KOSDAQ","화학","2015","35","1.77","34138077610"
"192410","오늘이엔엠","KOSDAQ","전기·전자","4620","-110","-2.33","116358899580"
"080520","오디텍","KOSDAQ","전기·전자","3010","60","2.03","34080475170"
"039830","오로라","KOSDAQ","일반서비스","17800","480","2.77","191579442000"
"322310","오로스테크놀로지","KOSDAQ","기계·장비","30950","2750","9.75","289894474900"
"046120","오르비텍","KOSDAQ","일반서비스","7110","100","1.43","240712128630"
"475830","오름테라퓨틱","KOSDAQ","제약","67900","-3200","-4.50","1460754767500"
"014940","오리엔탈정공","KOSDAQ","기계·장비","5480","240","4.58","249743662280"
"065500","오리엔트정공","KOSDAQ","운송장비·부품","1464","32","2.23","48667623168"
"010470","오리콤","KOSDAQ","일반서비스","4910","180","3.81","58797495500"
"417860","오브젠","KOSDAQ","IT 서비스","11730","-320","-2.66","55094707380"
"352910","오비고","KOSDAQ","IT 서비스","4345","110","2.60","54911249690"
"053980","오상자이엘","KOSDAQ","IT 서비스","2785","125","4.70","52867050655"
"036220","오상헬스케어","KOSDAQ","의료·정밀기기","6600","200","3.13","94442145600"
"052420","오성첨단소재","KOSDAQ","화학","9000","800","9.76","87678081000"
"052300","오션인더블유","KOSDAQ","유통","1557","-4","-0.26","25292107296"
"039200","오스코텍","KOSDAQ","제약","39100","-1500","-3.69","1495894681600"
"226400","오스테오닉","KOSDAQ","의료·정밀기기","4550","10","0.22","94010284550"
"031510","오스템","KOSDAQ","운송장비·부품","1162","-23","-1.94","32536000000"
"342870","오아","KOSDAQ","유통","4960","45","0.92","27032977120"
"368970","오에스피","KOSDAQ","음식료·담배","2990","-40","-1.32","13657820670"
"138080","오이솔루션","KOSDAQ","전기·전자","32600","2000","6.54","403514910800"
"080580","오킨스전자","KOSDAQ","전기·전자","18780","310","1.68","396088134900"
"067170","오텍","KOSDAQ","운송장비·부품","2795","75","2.76","73837491065"
"353590","오토앤","KOSDAQ","유통","2020","65","3.32","26008651400"
"173130","오파스넷","KOSDAQ","IT 서비스","7830","390","5.24","102153883590"
"440320","오픈놀","KOSDAQ","IT 서비스","3010","85","2.91","29588300000"
"049480","오픈베이스","KOSDAQ","IT 서비스","2135","5","0.23","67086787705"
"394280","오픈엣지테크놀로지","KOSDAQ","IT 서비스","14740","1340","10.00","388347852200"
"476060","온코닉테라퓨틱스","KOSDAQ","일반서비스","15710","-170","-1.07","713357166400"
"382150","온코크로스","KOSDAQ","일반서비스","4800","120","2.56","58540593600"
"244460","올리패스","KOSDAQ","제약","1651","0","0.00","13415218661"
"226950","올릭스","KOSDAQ","일반서비스","115200","-9100","-7.32","2338627161600"
"057540","옴니시스템","KOSDAQ","의료·정밀기기","721","95","15.18","42823267228"
"131030","옵투스제약","KOSDAQ","제약","6290","500","8.64","110997051100"
"082210","옵트론텍","KOSDAQ","의료·정밀기기","1473","-4","-0.27","51500985090"
"109080","옵티시스","KOSDAQ","전기·전자","10570","-40","-0.38","59572520000"
"380540","옵티코어","KOSDAQ","전기·전자","8450","0","0.00","206658126350"
"153710","옵티팜","KOSDAQ","제약","4635","55","1.20","67995255330"
"432430","와이랩","KOSDAQ","오락·문화","3570","140","4.08","58934702400"
"338840","와이바이오로직스","KOSDAQ","일반서비스","13990","440","3.25","214979867190"
"122990","와이솔","KOSDAQ","전기·전자","7530","90","1.21","200592279930"
"232140","와이씨","KOSDAQ","기계·장비","15980","1030","6.89","1311084693000"
"112290","와이씨켐","KOSDAQ","화학","13690","390","2.93","276826722100"
"065530","와이어블","KOSDAQ","통신","1380","50","3.76","66017487420"
"067900","와이엔텍","KOSDAQ","일반서비스","6430","160","2.55","117023807370"
"007530","와이엠","KOSDAQ","금속","2080","-55","-2.58","46288800480"
"155650","와이엠씨","KOSDAQ","전기·전자","3300","0","0.00","62615381400"
"273640","와이엠텍","KOSDAQ","전기·전자","6830","240","3.64","74897780000"
"251370","와이엠티","KOSDAQ","화학","14500","410","2.91","261191588500"
"209640","와이제이링크","KOSDAQ","기계·장비","5100","-360","-6.59","145060044600"
"096250","와이즈넛","KOSDAQ","IT 서비스","6500","-700","-9.72","85184736000"
"273060","와이즈버즈","KOSDAQ","일반서비스","1113","17","1.55","56161514766"
"019210","와이지-원","KOSDAQ","금속","15930","1670","11.71","592496087040"
"122870","와이지엔터테인먼트","KOSDAQ","오락·문화","45900","1400","3.15","857919149100"
"079000","와토스코리아","KOSDAQ","화학","4940","-10","-0.20","35568000000"
"403490","우듬지팜","KOSDAQ","음식료·담배","746","-21","-2.74","34265618144"
"032820","우리기술","KOSDAQ","전기·전자","17570","4050","29.96","3015103118020"
"041190","우리기술투자","KOSDAQ","금융","5480","240","4.58","460320000000"
"115440","우리넷","KOSDAQ","전기·전자","11010","1310","13.51","118845154920"
"046970","우리로","KOSDAQ","유통","6460","360","5.90","283109493540"
"082850","우리바이오","KOSDAQ","음식료·담배","1419","32","2.31","68759884182"
"215360","우리산업","KOSDAQ","운송장비·부품","7170","240","3.46","65477608710"
"072470","우리산업홀딩스","KOSDAQ","운송장비·부품","2800","0","0.00","52884554800"
"073560","우리손에프앤지","KOSDAQ","음식료·담배","1602","23","1.46","110918704086"
"037400","우리엔터프라이즈","KOSDAQ","유통","789","-9","-1.13","20690219994"
"153490","우리이앤엘하루틴","KOSDAQ","전기·전자","693","-2","-0.29","35675640000"
"101170","우림피티에스","KOSDAQ","기계·장비","9830","470","5.02","132705000000"
"103840","우양","KOSDAQ","음식료·담배","2190","-10","-0.45","35842477320"
"101970","우양에이치씨","KOSDAQ","금속","8610","340","4.11","127341977490"
"046940","우원개발","KOSDAQ","건설","3475","145","4.35","62808366250"
"215380","우정바이오","KOSDAQ","일반서비스","2500","-40","-1.57","42073940000"
"065680","우주일렉트로","KOSDAQ","전기·전자","42100","2400","6.05","389023829100"
"018620","우진비앤지","KOSDAQ","제약","2590","-25","-0.96","14964652220"
"457550","우진엔텍","KOSDAQ","일반서비스","21750","750","3.57","202687336500"
"396470","워트","KOSDAQ","기계·장비","6940","350","5.31","111872800000"
"307280","원바이오젠","KOSDAQ","제약","6300","20","0.32","44696150100"
"032940","원익","KOSDAQ","유통","8430","1230","17.08","153368928900"
"240810","원익IPS","KOSDAQ","기계·장비","183300","42300","30.00","8997079053300"
"074600","원익QnC","KOSDAQ","비금속","42150","5950","16.44","1108039200000"
"104830","원익머트리얼즈","KOSDAQ","화학","47600","4000","9.17","600140800000"
"014190","원익큐브","KOSDAQ","유통","1461","125","9.36","51712198731"
"217820","원익피앤이","KOSDAQ","기계·장비","2255","115","5.37","107010030545"
"030530","원익홀딩스","KOSDAQ","화학","31000","2450","8.58","2394377411000"
"012620","원일특강","KOSDAQ","금속","7220","100","1.40","31768000000"
"136150","원일티엔아이","KOSDAQ","기계·장비","11900","700","6.25","99734257000"
"382840","원준","KOSDAQ","기계·장비","7130","270","3.94","108886372530"
"336570","원텍","KOSDAQ","의료·정밀기기","7050","-380","-5.11","631543554300"
"376980","원티드랩","KOSDAQ","IT 서비스","2430","150","6.58","23732337420"
"008370","원풍","KOSDAQ","화학","4975","65","1.32","59700000000"
"008290","원풍물산","KOSDAQ","섬유·의류","534","3","0.56","10865212026"
"101160","월덱스","KOSDAQ","전기·전자","27500","1800","7.00","454052307500"
"336060","웨이버스","KOSDAQ","IT 서비스","663","-18","-2.64","31926897600"
"095270","웨이브일렉트로","KOSDAQ","의료·정밀기기","4200","-85","-1.98","60364105200"
"289930","웨이비스","KOSDAQ","전기·전자","11440","770","7.22","150424674400"
"065950","웰크론","KOSDAQ","섬유·의류","1093","53","5.10","30856813086"
"076080","웰크론한텍","KOSDAQ","건설","829","-25","-2.93","18730555324"
"043590","웰킵스하이텍","KOSDAQ","전기·전자","997","-1","-0.10","13527675857"
"196700","웹스","KOSDAQ","화학","1236","42","3.52","17754081984"
"069080","웹젠","KOSDAQ","IT 서비스","10920","260","2.44","338154999000"
"053580","웹케시","KOSDAQ","IT 서비스","6600","-40","-0.60","85499277600"
"479960","위너스일렉","KOSDAQ","전기·전자","7730","380","5.17","55083980000"
"044340","위닉스","KOSDAQ","전기·전자","3845","250","6.95","68723319125"
"330350","위더스제약","KOSDAQ","제약","6660","70","1.06","87926245740"
"348350","위드텍","KOSDAQ","의료·정밀기기","8920","520","6.19","89009112000"
"112040","위메이드","KOSDAQ","IT 서비스","17940","50","0.28","609035785020"
"101730","위메이드맥스","KOSDAQ","IT 서비스","3390","25","0.74","284093139540"
"123420","위메이드플레이","KOSDAQ","IT 서비스","6300","210","3.45","65526558300"
"065370","위세아이텍","KOSDAQ","IT 서비스","3760","200","5.62","27763667040"
"038620","위즈코프","KOSDAQ","유통","1926","106","5.82","29170989918"
"299900","위지윅스튜디오","KOSDAQ","오락·문화","305","1","0.33","52169909620"
"036090","위지트","KOSDAQ","기계·장비","1384","3","0.22","54618307480"
"459100","위츠","KOSDAQ","전기·전자","5310","110","2.12","71504991000"
"136540","윈스테크넷","KOSDAQ","IT 서비스","10460","100","0.97","128446143160"
"097800","윈팩","KOSDAQ","전기·전자","2315","-120","-4.93","63176454175"
"192390","윈하이텍","KOSDAQ","금속","1845","5","0.27","20354462505"
"335870","윙스풋","KOSDAQ","유통","1433","19","1.34","24003427809"
"900340","윙입푸드","KOSDAQ","금융","1773","101","6.04","22309183836"
"036200","유니셈","KOSDAQ","기계·장비","12470","1650","15.25","382382860810"
"018000","유니슨","KOSDAQ","기계·장비","950","56","6.26","246523369800"
"203450","유니온바이오메트릭스","KOSDAQ","전기·전자","2545","60","2.41","35831072815"
"011320","유니크","KOSDAQ","운송장비·부품","3960","-135","-3.30","76509952200"
"086390","유니테스트","KOSDAQ","기계·장비","16580","1480","9.80","350403809080"
"241690","유니테크노","KOSDAQ","운송장비·부품","2910","120","4.30","71209754460"
"142210","유니트론텍","KOSDAQ","유통","6820","50","0.74","141524568460"
"389680","유디엠텍","KOSDAQ","IT 서비스","2325","-170","-6.81","19345611225"
"088340","유라클","KOSDAQ","IT 서비스","8640","240","2.86","37708139520"
"048430","유라테크","KOSDAQ","전기·전자","6280","50","0.80","72345600000"
"206650","유바이오로직스","KOSDAQ","제약","9460","320","3.50","347402484220"
"089850","유비벨록스","KOSDAQ","IT 서비스","4230","75","1.81","62308741770"
"084440","유비온","KOSDAQ","IT 서비스","1056","34","3.33","20203836576"
"264450","유비쿼스","KOSDAQ","전기·전자","11710","110","0.95","171732923030"
"078070","유비쿼스홀딩스","KOSDAQ","금융","10350","250","2.48","176559025050"
"024800","유성티엔에스","KOSDAQ","운송·창고","4635","135","3.00","171735148620"
"054930","유신","KOSDAQ","일반서비스","19350","750","4.03","58050000000"
"069330","유아이디","KOSDAQ","전기·전자","853","49","6.09","14460545622"
"049520","유아이엘","KOSDAQ","전기·전자","3645","5","0.14","112421368125"
"473050","유안타제15호스팩","KOSDAQ","금융","2080","10","0.48","14580800000"
"474490","유안타제16호스팩","KOSDAQ","금융","2060","10","0.49","11350600000"
"493790","유안타제17호스팩","KOSDAQ","금융","2015","0","0.00","10699650000"
"263770","유에스티","KOSDAQ","금속","1740","57","3.39","41238299280"
"388720","유일로보틱스","KOSDAQ","기계·장비","83500","100","0.12","983742307500"
"340930","유일에너테크","KOSDAQ","기계·장비","806","0","0.00","55513882710"
"023410","유진기업","KOSDAQ","비금속","3450","60","1.77","266722477350"
"056080","유진로봇","KOSDAQ","기계·장비","19540","560","2.95","732987450080"
"468760","유진스팩10호","KOSDAQ","금융","2085","5","0.24","8840400000"
"488060","유진스팩11호","KOSDAQ","금융","2030","0","0.00","9581600000"
"0105P0","유진스팩12호","KOSDAQ","금융","1998","3","0.15","11308680000"
"084370","유진테크","KOSDAQ","기계·장비","196100","17800","9.98","4493835836200"
"240600","유진테크놀로지","KOSDAQ","금속","2110","15","0.72","14618398610"
"179900","유티아이","KOSDAQ","전기·전자","17720","600","3.50","350686100640"
"263050","유틸렉스","KOSDAQ","제약","959","0","0.00","35324626904"
"191410","육일씨엔에쓰","KOSDAQ","전기·전자","1320","63","5.01","14789616600"
"372170","윤성에프앤씨","KOSDAQ","기계·장비","22500","750","3.45","179528580000"
"146060","율촌","KOSDAQ","금속","898","1","0.11","21566004310"
"039020","이건홀딩스","KOSDAQ","종이·목재","3045","90","3.05","68770438905"
"067920","이글루","KOSDAQ","IT 서비스","5210","0","0.00","57289779990"
"044960","이글벳","KOSDAQ","유통","3100","35","1.14","39189837300"
"303530","이노뎁","KOSDAQ","IT 서비스","3215","-140","-4.17","23595846285"
"302430","이노메트리","KOSDAQ","기계·장비","7680","90","1.19","75519037440"
"462350","이노스페이스","KOSDAQ","운송장비·부품","15800","750","4.98","329724859600"
"274400","이노시뮬레이션","KOSDAQ","IT 서비스","2955","140","4.97","26850586815"
"296640","이노에이엑스","KOSDAQ","IT 서비스","5990","170","2.92","31017729480"
"215790","이노인스트루먼트","KOSDAQ","전기·전자","1500","-45","-2.91","60424723500"
"344860","이노진","KOSDAQ","화학","1450","50","3.57","17443500000"
"333050","이노테나","KOSDAQ","IT 서비스","5310","10","0.19","26139351150"
"469610","이노테크","KOSDAQ","기계·장비","15190","960","6.75","135842651000"
"088390","이녹스","KOSDAQ","운송장비·부품","8900","550","6.59","83534011600"
"272290","이녹스첨단소재","KOSDAQ","전기·전자","28900","950","3.40","576194010100"
"053350","이니텍","KOSDAQ","IT 서비스","2490","105","4.40","54832451850"
"452400","이닉스","KOSDAQ","운송장비·부품","6960","420","6.42","63137138880"
"264850","이랜시스","KOSDAQ","전기·전자","5600","370","7.07","169649827200"
"054210","이랜텍","KOSDAQ","전기·전자","8840","150","1.73","223574296400"
"009730","이렘","KOSDAQ","금속","209","12","6.09","15001920934"
"065440","이루온","KOSDAQ","IT 서비스","2125","50","2.41","57959417500"
"424870","이뮨온시아","KOSDAQ","일반서비스","4220","45","1.08","385168975180"
"115610","이미지스","KOSDAQ","전기·전자","2220","40","1.83","26237667180"
"478110","이베스트스팩6호","KOSDAQ","금융","2045","10","0.49","10265900000"
"131400","이브이첨단소재","KOSDAQ","전기·전자","1460","4","0.27","87004147720"
"351330","이삭엔지니어링","KOSDAQ","IT 서비스","5400","220","4.25","44758008000"
"080010","이상네트웍스","KOSDAQ","유통","6740","60","0.90","66288378540"
"086890","이수앱지스","KOSDAQ","제약","3380","150","4.64","137818317000"
"047560","이스트소프트","KOSDAQ","IT 서비스","9490","-490","-4.91","111536748180"
"239340","이스트에이드","KOSDAQ","IT 서비스","769","-33","-4.11","20747338546"
"067010","이씨에스","KOSDAQ","IT 서비스","2055","76","3.84","22375867500"
"456070","이엔셀","KOSDAQ","제약","8800","20","0.23","97059749600"
"102710","이엔에프테크놀로지","KOSDAQ","화학","52000","5550","11.95","742967472000"
"041520","이엘씨","KOSDAQ","의료·정밀기기","9620","70","0.73","117255582600"
"063760","이엘피","KOSDAQ","의료·정밀기기","2780","-20","-0.71","25923861400"
"123570","이엠넷","KOSDAQ","일반서비스","1771","2","0.11","39450934138"
"083470","이엠앤아이","KOSDAQ","화학","930","97","11.64","19846505970"
"091120","이엠텍","KOSDAQ","전기·전자","4270","0","0.00","73157636720"
"039030","이오테크닉스","KOSDAQ","기계·장비","612000","108000","21.43","7539564600000"
"294090","이오플로우","KOSDAQ","의료·정밀기기","1490","0","0.00","62295566450"
"088290","이원컴포텍","KOSDAQ","운송장비·부품","2260","165","7.88","18025922720"
"353810","이지바이오","KOSDAQ","음식료·담배","6730","160","2.44","222641321600"
"261520","이지스","KOSDAQ","IT 서비스","4760","220","4.85","48922328000"
"099750","이지케어텍","KOSDAQ","IT 서비스","7670","200","2.68","104765856910"
"377330","이지트로닉스","KOSDAQ","전기·전자","2920","70","2.46","23768665680"
"035810","이지홀딩스","KOSDAQ","음식료·담배","4420","140","3.27","285161537700"
"092130","이크레더블","KOSDAQ","IT 서비스","14270","280","2.00","171862172000"
"134060","이퓨쳐","KOSDAQ","오락·문화","4790","195","4.24","22844707500"
"001840","이화공영","KOSDAQ","건설","2215","0","0.00","62588831935"
"041830","인바디","KOSDAQ","의료·정밀기기","44350","-1850","-4.00","597877116700"
"352940","인바이오","KOSDAQ","화학","2030","25","1.25","22061491900"
"079950","인베니아","KOSDAQ","기계·장비","1017","35","3.56","14033684700"
"0007J0","인벤테라","KOSDAQ","일반서비스","11180","380","3.52","87938682520"
"389470","인벤티지랩","KOSDAQ","일반서비스","44850","450","1.01","596850703800"
"277410","인산가","KOSDAQ","음식료·담배","833","17","2.08","31996783665"
"060150","인선이엔티","KOSDAQ","일반서비스","3445","125","3.77","156966643340"
"033230","인성정보","KOSDAQ","IT 서비스","1266","21","1.69","63952471080"
"450520","인스웨이브","KOSDAQ","IT 서비스","2240","85","3.94","32938254720"
"465480","인스피언","KOSDAQ","IT 서비스","4380","135","3.18","44403441360"
"037330","인지디스플레","KOSDAQ","전기·전자","1124","44","4.07","49326991776"
"100030","인지소프트","KOSDAQ","IT 서비스","17600","100","0.57","57793366400"
"211050","인카금융서비스","KOSDAQ","금융","9800","-30","-0.31","482783838600"
"083640","인콘","KOSDAQ","유통","1275","3","0.24","19818689250"
"064090","인크레더블버즈","KOSDAQ","유통","798","0","0.00","39694710510"
"216050","인크로스","KOSDAQ","일반서비스","5830","10","0.17","71117966260"
"049070","인탑스","KOSDAQ","전기·전자","19320","1120","6.15","332304000000"
"119610","인터로조","KOSDAQ","의료·정밀기기","17620","-330","-1.84","201110222140"
"017250","인터엠","KOSDAQ","전기·전자","1039","16","1.56","21866240213"
"051370","인터플렉스","KOSDAQ","전기·전자","9480","230","2.49","221144434560"
"064290","인텍플러스","KOSDAQ","기계·장비","42400","-1600","-3.64","545431988800"
"189300","인텔리안테크","KOSDAQ","전기·전자","104800","800","0.77","1125289685600"
"287840","인투셀","KOSDAQ","일반서비스","22350","-1500","-6.29","335740806000"
"048530","인트론바이오","KOSDAQ","제약","2590","35","1.37","80009653220"
"070590","인티큐브","KOSDAQ","IT 서비스","1611","-49","-2.95","22359908331"
"115310","인포바인","KOSDAQ","통신","7850","90","1.16","125320657750"
"039290","인포뱅크","KOSDAQ","IT 서비스","3000","25","0.84","26081934000"
"071200","인피니트헬스케어","KOSDAQ","IT 서비스","7630","220","2.97","186144974540"
"101930","인화정공","KOSDAQ","운송장비·부품","9020","290","3.32","416402978200"
"333430","일승","KOSDAQ","운송장비·부품","3915","80","2.09","120295214505"
"068330","일신바이오","KOSDAQ","기계·장비","1123","24","2.18","49654725220"
"178780","일월지엠엘","KOSDAQ","유통","2235","-50","-2.19","41658600825"
"019540","일지테크","KOSDAQ","운송장비·부품","6170","160","2.66","83378295000"
"094820","일진파워","KOSDAQ","건설","14200","940","7.09","214117667800"
"950140","잉글우드랩","KOSDAQ","화학","9200","140","1.55","182784367200"
"049550","잉크테크","KOSDAQ","화학","3100","55","1.81","60779458700"
"389020","자람테크놀로지","KOSDAQ","전기·전자","32650","1300","4.15","225450927300"
"254120","자비스","KOSDAQ","기계·장비","1003","41","4.26","30846532810"
"043910","자연과환경","KOSDAQ","비금속","3015","35","1.17","34187522175"
"234920","자이글","KOSDAQ","전기·전자","5310","0","0.00","71849132100"
"289220","자이언트스텝","KOSDAQ","오락·문화","1720","-29","-1.66","38377020120"
"049630","재영솔루텍","KOSDAQ","의료·정밀기기","9100","-60","-0.66","212753559200"
"417840","저스템","KOSDAQ","기계·장비","17500","2310","15.21","396618792500"
"110020","전진바이오팜","KOSDAQ","화학","1807","9","0.50","16369182934"
"208140","정다운","KOSDAQ","음식료·담배","2255","15","0.67","73702974730"
"040420","정상제이엘에스","KOSDAQ","일반서비스","5720","40","0.70","89675597440"
"045510","정원엔시스","KOSDAQ","유통","837","32","3.98","26959177404"
"217190","제너셈","KOSDAQ","기계·장비","5880","440","8.09","77344114680"
"095700","제넥신","KOSDAQ","일반서비스","3005","-15","-0.50","136849184470"
"122310","제노레이","KOSDAQ","의료·정밀기기","3500","5","0.14","50938454000"
"361390","제노코","KOSDAQ","전기·전자","17370","650","3.89","169120937970"
"225220","제놀루션","KOSDAQ","제약","1444","-16","-1.10","27710390324"
"123330","제닉","KOSDAQ","화학","22250","-50","-0.22","177303130000"
"381620","제닉스로보틱스","KOSDAQ","기계·장비","8740","560","6.85","114650620800"
"159580","제로투세븐","KOSDAQ","유통","2600","15","0.58","52084853600"
"147830","제룡산업","KOSDAQ","금속","7650","220","2.96","153000000000"
"033100","제룡전기","KOSDAQ","전기·전자","51800","1000","1.97","832032786200"
"079370","제우스","KOSDAQ","기계·장비","12120","570","4.94","375925918800"
"054950","제이브이엠","KOSDAQ","기계·장비","22200","200","0.91","268395602400"
"090470","제이스로보틱스","KOSDAQ","기계·장비","6040","620","11.44","105558627760"
"023440","제이스코홀딩스","KOSDAQ","금속","521","0","0.00","46964378481"
"137950","제이씨케미칼","KOSDAQ","화학","2975","-95","-3.09","66246746650"
"033320","제이씨현시스템","KOSDAQ","유통","3275","35","1.08","62599764800"
"417500","제이아이테크","KOSDAQ","화학","3565","170","5.01","116877612360"
"204270","제이앤티씨","KOSDAQ","전기·전자","16420","140","0.86","949871811720"
"127120","제이에스링크","KOSDAQ","일반서비스","32950","100","0.30","1140763465700"
"026040","제이에스티나","KOSDAQ","기타제조","2030","83","4.26","33502693700"
"452160","제이엔비","KOSDAQ","기계·장비","4290","360","9.16","41259190830"
"126880","제이엔케이글로벌","KOSDAQ","기계·장비","3115","30","0.97","72283272845"
"322510","제이엘케이","KOSDAQ","IT 서비스","5210","920","21.45","134031897320"
"033050","제이엠아이","KOSDAQ","화학","865","-3","-0.35","27541018720"
"094970","제이엠티","KOSDAQ","전기·전자","2940","115","4.07","49239825600"
"418550","제이오","KOSDAQ","일반서비스","5890","230","4.06","188584093970"
"060230","제이케이시냅스","KOSDAQ","화학","296","18","6.47","16664945336"
"420570","제이투케이바이오","KOSDAQ","화학","7340","-10","-0.14","42920525220"
"089790","제이티","KOSDAQ","기계·장비","5060","420","9.05","52196495780"
"0010V0","제이피아이헬스케어","KOSDAQ","의료·정밀기기","8400","310","3.83","42885360000"
"412540","제일엠앤에스","KOSDAQ","기계·장비","3935","0","0.00","81063616775"
"199820","제일일렉트릭","KOSDAQ","전기·전자","9700","400","4.30","215534000000"
"038010","제일테크노스","KOSDAQ","금속","5980","200","3.46","53820000000"
"080220","제주반도체","KOSDAQ","전기·전자","102500","5500","5.67","3530390382500"
"216080","제테마","KOSDAQ","제약","4855","15","0.31","181028865645"
"337930","젝시믹스","KOSDAQ","IT 서비스","3475","50","1.46","103125750625"
"229000","젠큐릭스","KOSDAQ","제약","2035","-30","-1.45","47676315775"
"082270","젬백스","KOSDAQ","기계·장비","13240","330","2.56","586124247720"
"034940","조아제약","KOSDAQ","제약","655","10","1.55","20291786685"
"067000","조이시티","KOSDAQ","IT 서비스","1196","11","0.93","83604521416"
"309930","조이웍스앤코","KOSDAQ","유통","1541","36","2.39","7546907269"
"018700","졸스","KOSDAQ","유통","1292","-44","-3.29","15124909112"
"033340","좋은사람들","KOSDAQ","섬유·의류","838","24","2.95","81244567604"
"036930","주성엔지니어링","KOSDAQ","기계·장비","231000","-14500","-5.91","10737138951000"
"072020","중앙백신","KOSDAQ","제약","9810","400","4.25","92789719470"
"000440","중앙에너비스","KOSDAQ","유통","15510","-190","-1.21","96582786300"
"051980","중앙첨단소재","KOSDAQ","전기·전자","1348","-12","-0.88","149751623732"
"221800","지구홀딩스","KOSDAQ","일반서비스","8410","150","1.82","137241536910"
"228760","지노믹트리","KOSDAQ","일반서비스","12600","330","2.69","313225945200"
"314130","지놈앤컴퍼니","KOSDAQ","제약","5400","-230","-4.09","241422579000"
"389030","지니너스","KOSDAQ","일반서비스","2825","-55","-1.91","94887357125"
"263860","지니언스","KOSDAQ","IT 서비스","14130","130","0.93","128294748000"
"303030","지니틱스","KOSDAQ","전기·전자","1999","81","4.22","18305794524"
"208350","지란지교시큐리티","KOSDAQ","IT 서비스","2890","40","1.40","23413537300"
"446840","지슨","KOSDAQ","의료·정밀기기","1008","0","0.00","55523747664"
"144510","지씨셀","KOSDAQ","일반서비스","16830","140","0.84","265919789520"
"340450","지씨지놈","KOSDAQ","일반서비스","5330","130","2.50","126058726690"
"306620","지아이에스","KOSDAQ","기계·장비","2490","-10","-0.40","119376038160"
"358570","지아이이노베이션","KOSDAQ","일반서비스","11870","-1950","-14.11","762787459170"
"382480","지아이텍","KOSDAQ","기계·장비","2050","98","5.02","80682137000"
"382800","지앤비에스 에코","KOSDAQ","기계·장비","6300","100","1.61","200535558300"
"051160","지어소프트","KOSDAQ","IT 서비스","7330","160","2.23","113427571900"
"053050","지에스이","KOSDAQ","전기·가스·수도","2000","17","0.86","59975194000"
"388610","지에프씨생명과학","KOSDAQ","화학","6810","320","4.93","36265858230"
"493330","지에프아이","KOSDAQ","기계·장비","12630","180","1.45","97025503980"
"119850","지엔씨에너지","KOSDAQ","전기·전자","22000","750","3.53","361875998000"
"065060","지엔코","KOSDAQ","섬유·의류","4085","-200","-4.67","24470726810"
"204840","지엘팜텍","KOSDAQ","유통","890","0","0.00","69018615340"
"311320","지오엘리먼트","KOSDAQ","전기·전자","7310","140","1.95","92212433600"
"456160","지투지바이오","KOSDAQ","제약","45350","-850","-1.84","754144469100"
"388050","지투파워","KOSDAQ","전기·전자","8660","190","2.24","162023724420"
"018120","진로발효","KOSDAQ","음식료·담배","17250","340","2.01","114214320000"
"109820","진매트릭스","KOSDAQ","일반서비스","1633","12","0.74","33302814120"
"086060","진바이오텍","KOSDAQ","유통","3890","-5","-0.13","33495183430"
"036890","진성티이씨","KOSDAQ","기계·장비","15360","310","2.06","338421089280"
"363250","진시스템","KOSDAQ","의료·정밀기기","3760","55","1.48","31991516320"
"007370","진양제약","KOSDAQ","제약","4100","130","3.27","57951806700"
"285800","진영","KOSDAQ","화학","1066","-13","-1.20","18630769820"
"085660","차바이오텍","KOSDAQ","제약","11880","140","1.19","1104517410480"
"351870","차이커뮤니케이션","KOSDAQ","일반서비스","2620","-75","-2.78","29240882040"
"094850","참좋은여행","KOSDAQ","일반서비스","4475","175","4.07","62650000000"
"004650","창해에탄올","KOSDAQ","음식료·담배","9220","100","1.10","84739959700"
"0011T0","채비","KOSDAQ","전기·전자","8860","520","6.24","415973376260"
"278280","천보","KOSDAQ","화학","42550","-300","-0.70","521366213750"
"362320","청담글로벌","KOSDAQ","유통","4450","380","9.34","94123240500"
"066360","체리부로","KOSDAQ","음식료·담배","777","-22","-2.75","37258715655"
"047820","초록뱀미디어","KOSDAQ","오락·문화","4295","495","13.03","105029629350"
"094360","칩스앤미디어","KOSDAQ","전기·전자","14620","880","6.40","312214105880"
"0082N0","카나프테라퓨틱스","KOSDAQ","일반서비스","19520","-30","-0.15","257991545600"
"016920","카스","KOSDAQ","유통","854","14","1.67","22625481452"
"284620","카이노스메드","KOSDAQ","일반서비스","1087","0","0.00","35965517911"
"293490","카카오게임즈","KOSDAQ","IT 서비스","8940","230","2.64","802694984340"
"140430","카티스","KOSDAQ","IT 서비스","2280","135","6.29","24372075960"
"042000","카페24","KOSDAQ","IT 서비스","19000","-370","-1.91","459385211000"
"313760","캐리","KOSDAQ","전기·전자","468","0","0.00","5244963048"
"071850","캐스텍코리아","KOSDAQ","운송장비·부품","1475","18","1.24","35784883550"
"198080","캐프","KOSDAQ","전기·전자","2775","120","4.52","59760138375"
"210120","캔버스엔","KOSDAQ","오락·문화","930","0","0.00","22540854540"
"050110","캠시스","KOSDAQ","전기·전자","1204","-30","-2.43","35186686892"
"452300","캡스톤파트너스","KOSDAQ","금융","2890","40","1.40","40949869450"
"451760","컨텍","KOSDAQ","IT 서비스","13420","130","0.98","217391573080"
"900310","컬러레이","KOSDAQ","금융","1895","55","2.99","24271794825"
"078340","컴투스","KOSDAQ","IT 서비스","25450","200","0.79","307723915850"
"063080","컴투스홀딩스","KOSDAQ","IT 서비스","14370","800","5.90","94772909040"
"307930","컴퍼니케이","KOSDAQ","금융","7190","60","0.84","112235900000"
"079190","케스피온","KOSDAQ","전기·전자","800","133","19.94","15342205600"
"263700","케어랩스","KOSDAQ","일반서비스","1967","67","3.53","38187731400"
"214370","케어젠","KOSDAQ","제약","74800","-7200","-8.78","4017882000000"
"221980","케이디켐","KOSDAQ","화학","10140","140","1.40","40912872000"
"038530","케이바이오랩스","KOSDAQ","유통","919","-12","-1.29","21268296611"
"192250","케이사인","KOSDAQ","IT 서비스","8370","100","1.21","59151836250"
"431190","케이쓰리아이","KOSDAQ","IT 서비스","2630","-15","-0.57","19689342460"
"115500","케이씨에스","KOSDAQ","IT 서비스","12100","320","2.72","145200000000"
"089150","케이씨티","KOSDAQ","IT 서비스","2165","60","2.85","37129750000"
"025880","케이씨피드","KOSDAQ","음식료·담배","2570","65","2.59","42959755060"
"093320","케이아이엔엑스","KOSDAQ","IT 서비스","125200","10800","9.44","610976000000"
"093640","케이알엠","KOSDAQ","전기·전자","3295","-30","-0.90","107665594570"
"073010","케이에스피","KOSDAQ","기계·장비","3625","135","3.87","145693281250"
"105330","케이엔더블유","KOSDAQ","운송장비·부품","9220","50","0.55","147699974400"
"053080","케이엔솔","KOSDAQ","기계·장비","11680","460","4.10","151837745760"
"199430","케이엔알시스템","KOSDAQ","의료·정밀기기","15670","770","5.17","174627153810"
"432470","케이엔에스","KOSDAQ","기계·장비","9380","350","3.88","82277195280"
"272110","케이엔제이","KOSDAQ","전기·전자","38600","2950","8.27","309780247000"
"039420","케이엘넷","KOSDAQ","통신","2695","35","1.32","61842148830"
"083550","케이엠","KOSDAQ","섬유·의류","2850","235","8.99","38635070250"
"032500","케이엠더블유","KOSDAQ","전기·전자","27650","1150","4.34","1166600532650"
"225430","케이엠제약","KOSDAQ","화학","2085","-80","-3.70","11628899850"
"102370","케이옥션","KOSDAQ","유통","2695","50","1.89","73382720950"
"068100","케이웨더","KOSDAQ","기계·장비","2285","15","0.66","27254419760"
"106080","케이이엠텍","KOSDAQ","전기·전자","1650","0","0.00","9506998050"
"455180","케이지에이","KOSDAQ","기계·장비","1887","126","7.16","26339342292"
"036030","케이티알파","KOSDAQ","유통","4605","-5","-0.11","225733798215"
"064820","케이프","KOSDAQ","운송장비·부품","10230","290","2.92","315699999450"
"024880","케이피에프","KOSDAQ","금속","4350","135","3.20","87707979900"
"042040","케이피엠테크","KOSDAQ","유통","749","0","0.00","18507312138"
"054410","케이피티유","KOSDAQ","유통","2920","5","0.17","16721216480"
"288180","케이피항공산업","KOSDAQ","운송장비·부품","14250","1980","16.14","105353983500"
"258610","케일럼","KOSDAQ","금속","1029","23","2.29","37543129827"
"274090","켄코아에어로스페이스","KOSDAQ","운송장비·부품","20700","-400","-1.90","285126084900"
"089010","켐트로닉스","KOSDAQ","화학","30350","1050","3.58","508970319450"
"220260","켐트로스","KOSDAQ","화학","4750","190","4.17","152342261250"
"052400","코나아이","KOSDAQ","IT 서비스","49950","100","0.20","727436385450"
"402030","코난테크놀로지","KOSDAQ","IT 서비스","14040","-310","-2.16","175745531520"
"391710","코닉오토메이션","KOSDAQ","기계·장비","1683","91","5.72","71730251010"
"046070","코다코","KOSDAQ","운송장비·부품","10280","0","0.00","159196994920"
"047770","코데즈컴바인","KOSDAQ","섬유·의류","2760","110","4.15","104445581520"
"080530","코디","KOSDAQ","화학","2440","95","4.05","27089307000"
"104540","코렌텍","KOSDAQ","의료·정밀기기","4155","5","0.12","53124749700"
"027050","코리아나","KOSDAQ","화학","1483","38","2.63","59320000000"
"190650","코리아에셋투자증권","KOSDAQ","금융","7400","390","5.56","47271200000"
"123410","코리아에프티","KOSDAQ","운송장비·부품","6290","230","3.80","175120292560"
"036690","코맥스","KOSDAQ","전기·전자","2885","0","0.00","125692107675"
"049430","코메론","KOSDAQ","의료·정밀기기","18200","200","1.11","164673600000"
"183300","코미코","KOSDAQ","기계·장비","124900","-14300","-10.27","1306539431600"
"041960","코미팜","KOSDAQ","제약","8560","190","2.27","632468397200"
"089890","코세스","KOSDAQ","기계·장비","37900","150","0.40","628570059800"
"360350","코셈","KOSDAQ","의료·정밀기기","8990","-450","-4.77","51584350300"
"082660","코스나인","KOSDAQ","화학","480","0","0.00","47827617120"
"043710","코스리거글로벌","KOSDAQ","유통","4055","115","2.92","70202195610"
"222040","코스맥스엔비티","KOSDAQ","음식료·담배","6670","-230","-3.33","137588760000"
"241710","코스메카코리아","KOSDAQ","화학","68800","-1600","-2.27","734784000000"
"439960","코스모로보틱스","KOSDAQ","의료·정밀기기","19330","-660","-3.30","627270600580"
"355150","코스텍시스","KOSDAQ","전기·전자","33900","500","1.50","264330165000"
"166480","코아스템켐온","KOSDAQ","제약","2515","-15","-0.59","132968995640"
"045970","코아시아","KOSDAQ","전기·전자","3940","390","10.99","103680611440"
"196450","코아시아씨엠","KOSDAQ","의료·정밀기기","1001","41","4.27","45364901582"
"384470","코어라인소프트","KOSDAQ","IT 서비스","3560","260","7.88","63890223520"
"102940","코오롱생명과학","KOSDAQ","제약","49600","400","0.81","649293908800"
"950160","코오롱티슈진","KOSDAQ","제약","102600","-400","-0.39","8693918730000"
"056360","코위버","KOSDAQ","전기·전자","7230","390","5.70","70830864000"
"282880","코윈테크","KOSDAQ","기계·장비","12560","330","2.70","146877669920"
"121850","코이즈","KOSDAQ","화학","1715","87","5.34","8672753285"
"448710","코츠테크놀로지","KOSDAQ","전기·전자","13720","370","2.77","72514206240"
"126730","코칩","KOSDAQ","전기·전자","21500","500","2.38","188557709000"
"015710","코콤","KOSDAQ","전기·전자","3015","25","0.84","52854457500"
"052330","코텍","KOSDAQ","전기·전자","11460","240","2.14","203547809940"
"322780","코퍼스코리아","KOSDAQ","오락·문화","2150","-5","-0.23","19295884500"
"200130","콜마비앤에이치","KOSDAQ","제약","9220","-170","-1.81","271211444760"
"294570","쿠콘","KOSDAQ","IT 서비스","22400","750","3.46","226054796800"
"464490","쿼드메디슨","KOSDAQ","제약","7800","20","0.26","89560481400"
"317690","퀀타매트릭스","KOSDAQ","의료·정밀기기","2935","55","1.91","59096310115"
"432720","퀄리타스반도체","KOSDAQ","전기·전자","14210","1010","7.65","201605398120"
"365270","큐라클","KOSDAQ","일반서비스","12000","150","1.27","264863904000"
"348080","큐라티스","KOSDAQ","일반서비스","464","19","4.27","53568698384"
"060280","큐렉소","KOSDAQ","유통","11000","430","4.07","453857690000"
"372320","큐로셀","KOSDAQ","일반서비스","28800","200","0.70","438506438400"
"051780","큐로홀딩스","KOSDAQ","유통","3800","50","1.33","24075337000"
"115180","큐리언트","KOSDAQ","일반서비스","25400","-1550","-5.75","952206757000"
"494120","큐리오시스","KOSDAQ","의료·정밀기기","27300","300","1.11","208295778600"
"445680","큐리옥스바이오시스템즈","KOSDAQ","의료·정밀기기","68900","-500","-0.72","1185304269500"
"182360","큐브엔터","KOSDAQ","오락·문화","6990","630","9.91","108693444510"
"405100","큐알티","KOSDAQ","일반서비스","15950","810","5.35","196014350950"
"066310","큐에스아이","KOSDAQ","전기·전자","10000","340","3.52","92716210000"
"377460","큐에이드","KOSDAQ","일반서비스","4080","0","0.00","253187202960"
"016600","큐캐피탈","KOSDAQ","금융","3945","-185","-4.48","56254784760"
"355390","크라우드웍스","KOSDAQ","IT 서비스","2880","-230","-7.40","45718110720"
"096240","크레버스","KOSDAQ","일반서비스","9440","260","2.83","101368419200"
"040350","크레오에스지","KOSDAQ","IT 서비스","11610","-340","-2.85","226633376520"
"110790","크리스에프앤씨","KOSDAQ","섬유·의류","3280","-5","-0.15","76853548800"
"900250","크리스탈신소재","KOSDAQ","금융","519","0","0.00","74351942076"
"045520","크린앤사이언스","KOSDAQ","기계·장비","2915","435","17.54","18947500000"
"214150","클래시스","KOSDAQ","의료·정밀기기","43950","-2900","-6.19","2867107213050"
"466100","클로봇","KOSDAQ","IT 서비스","36450","400","1.11","927989261550"
"237880","클리오","KOSDAQ","화학","10740","200","1.90","194086331220"
"139670","키네마스터","KOSDAQ","IT 서비스","1650","10","0.61","23296036500"
"475430","키스트론","KOSDAQ","전기·전자","4445","130","3.01","79334848950"
"487720","키움제10호스팩","KOSDAQ","금융","2030","0","0.00","8586900000"
"489480","키움제11호스팩","KOSDAQ","금융","2030","5","0.25","13398000000"
"466690","키움히어로제1호스팩","KOSDAQ","금융","2000","0","0.00","10190000000"
"0131D0","키움히어로제2호스팩","KOSDAQ","금융","1980","-1","-0.05","12493800000"
"054780","키이스트","KOSDAQ","오락·문화","1621","95","6.23","31865282453"
"256940","킵스파마","KOSDAQ","제약","6290","-10","-0.16","126291544630"
"219130","타이거일렉","KOSDAQ","전기·전자","78700","4200","5.64","496934623000"
"336680","탑런토탈솔루션","KOSDAQ","전기·전자","3055","35","1.16","119589679690"
"360070","탑머티리얼","KOSDAQ","전기·전자","12690","920","7.82","103906265670"
"065130","탑엔지니어링","KOSDAQ","기계·장비","3350","0","0.00","53613400000"
"134580","탑코미디어","KOSDAQ","IT 서비스","1250","28","2.29","61617686250"
"023160","태광","KOSDAQ","금속","29600","3500","13.41","765670363200"
"323280","태성","KOSDAQ","기계·장비","53600","1700","3.28","1636835728000"
"053620","태양","KOSDAQ","금속","6790","10","0.15","58394000000"
"044490","태웅","KOSDAQ","금속","32300","850","2.70","646238406300"
"124560","태웅로직스","KOSDAQ","운송·창고","2110","15","0.72","81700911210"
"191420","테고사이언스","KOSDAQ","제약","8100","200","2.53","65681555400"
"950250","테라뷰","KOSDAQ","금융","3370","170","5.31","119694753470"
"073640","테라사이언스","KOSDAQ","금속","654","0","0.00","69571715580"
"066700","테라젠이텍스","KOSDAQ","제약","2375","0","0.00","88236893000"
"095610","테스","KOSDAQ","기계·장비","182200","11600","6.80","3527392000000"
"064520","테크엘","KOSDAQ","전기·전자","1610","40","2.55","35985209820"
"089030","테크윙","KOSDAQ","기계·장비","65300","4200","6.87","2419603018500"
"054450","텔레칩스","KOSDAQ","전기·전자","13070","740","6.00","197935125310"
"200230","텔콘RF제약","KOSDAQ","제약","360","0","0.00","25748471880"
"393210","토마토시스템","KOSDAQ","IT 서비스","3020","105","3.60","47155922880"
"475960","토모큐브","KOSDAQ","의료·정밀기기","37600","-900","-2.34","503211102400"
"215480","토박스코리아","KOSDAQ","유통","2080","106","5.37","18616000000"
"051360","토비스","KOSDAQ","전기·전자","17560","60","0.34","261957323080"
"045340","토탈소프트","KOSDAQ","IT 서비스","6870","-90","-1.29","58793734800"
"108230","톱텍","KOSDAQ","기계·장비","3530","60","1.73","134222054850"
"079970","투비소프트","KOSDAQ","IT 서비스","596","0","0.00","7646223464"
"199800","툴젠","KOSDAQ","일반서비스","44750","550","1.24","402643897750"
"417790","트루엔","KOSDAQ","전기·전자","6320","0","0.00","66160231120"
"290090","트윔","KOSDAQ","IT 서비스","4980","60","1.22","37054028640"
"026150","특수건설","KOSDAQ","건설","4300","200","4.88","75449223300"
"464280","티디에스팜","KOSDAQ","제약","6500","130","2.04","35945000000"
"117730","티로보틱스","KOSDAQ","기계·장비","16660","950","6.05","375816996380"
"033830","티비씨","KOSDAQ","오락·문화","400","0","0.00","40000000000"
"057680","티사이언티픽","KOSDAQ","IT 서비스","2220","-60","-2.63","31634334000"
"204610","티쓰리","KOSDAQ","IT 서비스","2540","80","3.25","141023898800"
"125020","티씨머티리얼즈","KOSDAQ","전기·전자","6830","-190","-2.71","239313296500"
"064760","티씨케이","KOSDAQ","비금속","290000","12500","4.50","3242030640000"
"246710","티앤알바이오팹","KOSDAQ","제약","2165","35","1.64","103193651160"
"340570","티앤엘","KOSDAQ","제약","58200","-1000","-1.69","473049600000"
"043220","티에스넥스젠","KOSDAQ","기계·장비","1710","0","0.00","27227331360"
"277880","티에스아이","KOSDAQ","기계·장비","3995","145","3.77","79273631940"
"131290","티에스이","KOSDAQ","의료·정밀기기","270500","10500","4.04","2992116544500"
"425420","티에프이","KOSDAQ","전기·전자","57100","-200","-0.35","705024035100"
"484810","티엑스알로보틱스","KOSDAQ","기계·장비","14400","2290","18.91","222493176000"
"131100","티엔엔터테인먼트","KOSDAQ","오락·문화","869","57","7.02","28022403156"
"356860","티엘비","KOSDAQ","전기·전자","100200","-5900","-5.56","985229526000"
"321550","티움바이오","KOSDAQ","일반서비스","4950","-220","-4.26","148690451250"
"425040","티이엠씨","KOSDAQ","화학","19400","2430","14.32","414668830800"
"241790","티이엠씨씨엔에스","KOSDAQ","기계·장비","6320","520","8.97","63216646880"
"022220","티케이지애강","KOSDAQ","화학","715","3","0.42","37033123985"
"104480","티케이케미칼","KOSDAQ","화학","1766","57","3.34","160521336444"
"081150","티플랙스","KOSDAQ","금속","2860","95","3.44","69407629720"
"130740","티피씨글로벌","KOSDAQ","운송장비·부품","2220","75","3.50","25034227380"
"084730","팅크웨어","KOSDAQ","전기·전자","7250","100","1.40","80543324000"
"440110","파두","KOSDAQ","전기·전자","101000","1700","1.71","5059779527000"
"290560","파라택시스이더리움","KOSDAQ","IT 서비스","1090","22","2.06","24375375700"
"288330","파라택시스코리아","KOSDAQ","일반서비스","416","0","0.00","44129674368"
"033540","파라텍","KOSDAQ","기계·장비","791","32","4.22","41326847821"
"388870","파로스아이바이오","KOSDAQ","일반서비스","6010","-160","-2.59","77805051320"
"043200","파루","KOSDAQ","전기·전자","754","-5","-0.66","31520453510"
"214450","파마리서치","KOSDAQ","제약","289000","500","0.17","3002608272000"
"177830","파버나인","KOSDAQ","전기·전자","2580","50","1.98","29221061940"
"037070","파세코","KOSDAQ","전기·전자","6760","260","4.00","135200000000"
"150900","파수AI","KOSDAQ","IT 서비스","3575","85","2.44","41841521150"
"037030","파워넷","KOSDAQ","전기·전자","5410","210","4.04","138025286720"
"047310","파워로직스","KOSDAQ","전기·전자","4015","110","2.82","146992181325"
"368770","파이버프로","KOSDAQ","의료·정밀기기","15320","130","0.86","503326727000"
"170790","파이오링크","KOSDAQ","전기·전자","8400","200","2.44","53737614000"
"900100","파이온엑스","KOSDAQ","유통","389","0","0.00","20523835278"
"049120","파인디앤씨","KOSDAQ","전기·전자","2325","-55","-2.31","24648866475"
"038950","파인디지털","KOSDAQ","전기·전자","2980","-45","-1.49","30428079700"
"387570","파인메딕스","KOSDAQ","의료·정밀기기","6090","40","0.66","34261731000"
"441270","파인엠텍","KOSDAQ","전기·전자","7650","390","5.37","321636959550"
"106240","파인테크닉스","KOSDAQ","전기·전자","1260","-19","-1.49","30085448400"
"131760","파인텍","KOSDAQ","기계·장비","2370","-35","-1.46","20586568920"
"065690","파커스","KOSDAQ","화학","1131","54","5.01","15889793361"
"140860","파크시스템스","KOSDAQ","의료·정밀기기","339500","75500","28.60","2377338225500"
"091700","파트론","KOSDAQ","전기·전자","6510","220","3.50","325500000000"
"032800","판타지오","KOSDAQ","오락·문화","1850","-10","-0.54","23053815700"
"318010","팜스빌","KOSDAQ","음식료·담배","3510","-45","-1.27","27831976380"
"027710","팜스토리","KOSDAQ","음식료·담배","1065","20","1.91","118658679000"
"225590","패션플랫폼","KOSDAQ","섬유·의류","3800","-70","-1.81","19461228800"
"054300","팬스타엔터프라이즈","KOSDAQ","기계·장비","846","14","1.68","48958819470"
"068050","팬엔터테인먼트","KOSDAQ","오락·문화","1114","17","1.55","30851200664"
"222110","팬젠","KOSDAQ","제약","4830","230","5.00","65275078470"
"271830","팸텍","KOSDAQ","기계·장비","1835","-125","-6.38","54114520670"
"263750","펄어비스","KOSDAQ","IT 서비스","41150","100","0.24","2643799233250"
"251970","펌텍코리아","KOSDAQ","화학","36850","1800","5.14","456940000000"
"187660","페니트리움바이오","KOSDAQ","일반서비스","6270","-70","-1.10","347773406310"
"0015S0","페스카로","KOSDAQ","일반서비스","10000","440","4.60","98667300000"
"168360","펨트론","KOSDAQ","기계·장비","25600","2450","10.58","560803174400"
"087010","펩트론","KOSDAQ","제약","230000","-7500","-3.16","5362990500000"
"064800","포니링크","KOSDAQ","유통","2615","25","0.97","66843215285"
"119500","포메탈","KOSDAQ","금속","3015","65","2.20","35719404480"
"389140","포바이포","KOSDAQ","오락·문화","6600","210","3.29","94180251000"
"105760","포스뱅크","KOSDAQ","기계·장비","4300","250","6.17","43762764100"
"009520","포스코엠텍","KOSDAQ","금속","14980","850","6.02","623807690940"
"189690","포시에스","KOSDAQ","IT 서비스","1765","27","1.55","48223275285"
"318020","포인트모바일","KOSDAQ","전기·전자","2550","115","4.72","31368243600"
"256630","포인트엔지니어링","KOSDAQ","금속","4705","5","0.11","54575242870"
"331380","포커스에이아이","KOSDAQ","전기·전자","1820","12","0.66","58988909980"
"208710","포톤","KOSDAQ","전기·전자","2455","-15","-0.61","32357224060"
"472850","폰드그룹","KOSDAQ","유통","4585","115","2.57","263966024420"
"039980","폴라리스AI","KOSDAQ","IT 서비스","6480","110","1.73","93190266720"
"041910","폴라리스AI파마","KOSDAQ","제약","5350","70","1.33","71065922500"
"234100","폴라리스세원","KOSDAQ","운송장비·부품","3010","120","4.15","43950924360"
"041020","폴라리스오피스","KOSDAQ","IT 서비스","3280","-105","-3.10","162962841040"
"114630","폴라리스우노","KOSDAQ","화학","1775","7","0.40","30592565200"
"487580","폴레드","KOSDAQ","전기·전자","3735","-130","-3.36","94057985835"
"290720","푸드나무","KOSDAQ","유통","3400","185","5.75","120563153400"
"005670","푸드웰","KOSDAQ","음식료·담배","6250","60","0.97","62500000000"
"094940","푸른로보틱스","KOSDAQ","전기·전자","7170","130","1.85","59951137620"
"007330","푸른저축은행","KOSDAQ","금융","10650","200","1.91","160631820000"
"093380","풍강","KOSDAQ","금속","2495","55","2.25","24648885935"
"023900","풍국주정","KOSDAQ","음식료·담배","7760","230","3.05","97776000000"
"371950","풍원정밀","KOSDAQ","전기·전자","8000","650","8.84","181300384000"
"298060","풍전약품","KOSDAQ","제약","2855","-55","-1.89","25240012925"
"370090","퓨런티어","KOSDAQ","의료·정밀기기","9230","680","7.95","78979540900"
"445180","퓨릿","KOSDAQ","화학","9890","520","5.55","170001069320"
"220100","퓨쳐켐","KOSDAQ","제약","11370","-230","-1.98","254999765400"
"035200","프럼파스트","KOSDAQ","화학","3035","35","1.17","29532340650"
"334970","프레스티지바이오로직스","KOSDAQ","제약","1907","18","0.95","148274278759"
"227100","프로브잇","KOSDAQ","부동산","612","0","0.00","14770119384"
"321260","프로이천","KOSDAQ","전기·전자","2960","20","0.68","83448568640"
"053610","프로텍","KOSDAQ","기계·장비","89300","4800","5.68","803700000000"
"468530","프로티나","KOSDAQ","일반서비스","34200","1050","3.17","377404113600"
"303360","프로티아","KOSDAQ","의료·정밀기기","4175","120","2.96","53772810125"
"377220","프롬바이오","KOSDAQ","음식료·담배","798","66","9.02","22591380000"
"335810","프리시젼바이오","KOSDAQ","의료·정밀기기","1769","110","6.63","38828676114"
"053160","프리엠스","KOSDAQ","전기·전자","8000","330","4.30","48000000000"
"405000","플라즈맵","KOSDAQ","의료·정밀기기","4930","510","11.54","18923528920"
"041590","플래스크","KOSDAQ","건설","2370","0","0.00","116064014460"
"367000","플래티어","KOSDAQ","IT 서비스","2965","85","2.95","24871033755"
"075130","플랜티넷","KOSDAQ","IT 서비스","1981","1","0.05","32928815920"
"237820","플레이디","KOSDAQ","일반서비스","3170","115","3.76","40662033800"
"023770","플레이위드","KOSDAQ","IT 서비스","2535","-10","-0.39","22679364825"
"019570","플루토스","KOSDAQ","금융","329","3","0.92","31403063818"
"300080","플리토","KOSDAQ","IT 서비스","8250","710","9.42","136169970750"
"033790","피노","KOSDAQ","전기·전자","9210","-360","-3.76","758275767480"
"032580","피델릭스","KOSDAQ","전기·전자","5640","260","4.83","186864840960"
"0117P0","피스피스스튜디오","KOSDAQ","유통","9390","-200","-2.09","133046074290"
"051380","피씨디렉트","KOSDAQ","유통","1600","77","5.06","24544115200"
"241820","피씨엘","KOSDAQ","제약","6040","0","0.00","16803871920"
"452450","피아이이","KOSDAQ","기계·장비","4670","330","7.60","168253095000"
"237750","피앤씨테크","KOSDAQ","전기·전자","4125","-60","-1.43","26798475000"
"460940","피앤에스로보틱스","KOSDAQ","의료·정밀기기","5640","370","7.02","75887779200"
"319660","피에스케이","KOSDAQ","기계·장비","169900","20100","13.42","4921444708600"
"031980","피에스케이홀딩스","KOSDAQ","기계·장비","152300","18400","13.74","3283952758500"
"002230","피에스텍","KOSDAQ","의료·정밀기기","5620","20","0.36","105123898400"
"043370","피에이치에이","KOSDAQ","운송장비·부품","12490","630","5.31","262290000000"
"239890","피엔에이치테크","KOSDAQ","화학","4075","265","6.96","40488201625"
"347740","피엔케이피부임상연구센타","KOSDAQ","일반서비스","1940","43","2.27","58220517440"
"137400","피엔티","KOSDAQ","기계·장비","41650","1800","4.52","986718821200"
"257370","피엔티엠에스","KOSDAQ","기계·장비","2390","85","3.69","29886617790"
"147760","피엠티","KOSDAQ","의료·정밀기기","7260","260","3.71","78552227160"
"128660","피제이메탈","KOSDAQ","금속","2865","65","2.32","71061652185"
"006140","피제이전자","KOSDAQ","의료·정밀기기","5030","60","1.21","74770950000"
"376180","피코그램","KOSDAQ","기타제조","1828","54","3.04","33929577464"
"304840","피플바이오","KOSDAQ","제약","1008","8","0.80","24515225280"
"087600","픽셀플러스","KOSDAQ","전기·전자","4680","0","0.00","38219491440"
"291810","핀텔","KOSDAQ","IT 서비스","1292","13","1.02","14688375904"
"378340","필에너지","KOSDAQ","기계·장비","13920","1170","9.18","301025317440"
"161580","필옵틱스","KOSDAQ","기계·장비","42300","1200","2.92","991607048100"
"347770","핌스","KOSDAQ","전기·전자","1150","-10","-0.86","26285598300"
"163730","핑거","KOSDAQ","IT 서비스","14020","-70","-0.50","131880083360"
"417180","핑거스토리","KOSDAQ","IT 서비스","4865","165","3.51","17074807260"
"469880","하나30호스팩","KOSDAQ","금융","2100","5","0.24","15340500000"
"469900","하나31호스팩","KOSDAQ","금융","2075","0","0.00","11630375000"
"475240","하나32호스팩","KOSDAQ","금융","2085","10","0.48","6672000000"
"475250","하나33호스팩","KOSDAQ","금융","2070","0","0.00","7659000000"
"484130","하나34호스팩","KOSDAQ","금융","2030","10","0.50","9175600000"
"0041L0","하나35호스팩","KOSDAQ","금융","2005","10","0.50","12090150000"
"0101C0","하나36호스팩","KOSDAQ","금융","1996","-1","-0.05","15449040000"
"299030","하나기술","KOSDAQ","기계·장비","18270","800","4.58","146067005700"
"067310","하나마이크론","KOSDAQ","전기·전자","48950","1000","2.09","3253423862700"
"166090","하나머티리얼즈","KOSDAQ","전기·전자","73100","5300","7.82","1445747969400"
"136480","하림","KOSDAQ","음식료·담배","2850","-25","-0.87","302697650700"
"003380","하림지주","KOSDAQ","금융","10410","140","1.36","1165978514610"
"450330","하스","KOSDAQ","제약","5130","175","3.53","41998504590"
"101670","하이드로리튬","KOSDAQ","금속","1370","42","3.16","77784746190"
"365590","하이딥","KOSDAQ","전기·전자","1482","342","30.00","45950571888"
"149980","하이로닉","KOSDAQ","의료·정밀기기","5610","60","1.08","118900376430"
"013030","하이록코리아","KOSDAQ","금속","34300","1150","3.47","403647339200"
"126700","하이비젼시스템","KOSDAQ","의료·정밀기기","11580","50","0.43","173029656960"
"160190","하이젠알앤엠","KOSDAQ","전기·전자","27700","1800","6.95","855597600000"
"221840","하이즈항공","KOSDAQ","운송장비·부품","2115","35","1.68","39551686515"
"106190","하이텍팜","KOSDAQ","제약","13990","-410","-2.85","148758090270"
"065650","하이퍼코퍼레이션","KOSDAQ","유통","2130","-15","-0.70","23314952310"
"066130","하츠","KOSDAQ","전기·전자","3500","75","2.19","44800000000"
"004590","한국가구","KOSDAQ","유통","5580","210","3.91","83700000000"
"039340","한국경제TV","KOSDAQ","오락·문화","4740","45","0.96","104280000000"
"034950","한국기업평가","KOSDAQ","일반서비스","100000","-100","-0.10","454051400000"
"222980","한국맥널티","KOSDAQ","음식료·담배","1950","66","3.50","21511391850"
"256840","한국비엔씨","KOSDAQ","제약","2875","45","1.59","196635297250"
"219750","한국비티비","KOSDAQ","의료·정밀기기","571","0","0.00","37358751335"
"025550","한국선재","KOSDAQ","금속","2650","45","1.73","67612110600"
"017890","한국알콜","KOSDAQ","화학","11970","400","3.46","254643866820"
"080720","한국유니온제약","KOSDAQ","제약","2725","0","0.00","21562456300"
"041460","한국전자인증","KOSDAQ","IT 서비스","3455","260","8.14","65645000000"
"101680","한국정밀기계","KOSDAQ","기계·장비","2160","35","1.65","18152640000"
"039740","한국정보공학","KOSDAQ","유통","3735","165","4.62","29948712795"
"053300","한국정보인증","KOSDAQ","IT 서비스","5530","100","1.84","224468760880"
"025770","한국정보통신","KOSDAQ","통신","7790","300","4.01","291690871090"
"464440","한국제13호스팩","KOSDAQ","금융","2115","5","0.24","9136800000"
"479880","한국제15호스팩","KOSDAQ","금융","2055","10","0.49","14117850000"
"062970","한국첨단소재","KOSDAQ","전기·전자","1983","26","1.33","113206721562"
"023760","한국캐피탈","KOSDAQ","금융","748","10","1.36","236075962848"
"054040","한국컴퓨터","KOSDAQ","전기·전자","4980","45","0.91","80035024200"
"021650","한국큐빅","KOSDAQ","화학","2075","30","1.47","33927418225"
"032300","한국파마","KOSDAQ","제약","8950","300","3.47","97614973950"
"037230","한국팩키지","KOSDAQ","종이·목재","1571","14","0.90","46816313717"
"448900","한국피아이엠","KOSDAQ","운송장비·부품","84800","7300","9.42","515113953600"
"030520","한글과컴퓨터","KOSDAQ","IT 서비스","19900","10","0.05","481176905600"
"052600","한네트","KOSDAQ","통신","3105","25","0.81","35905288500"
"256150","한독크린텍","KOSDAQ","기계·장비","4765","40","0.85","40002175000"
"092460","한라IMS","KOSDAQ","운송장비·부품","18470","60","0.33","316015789600"
"125490","한라캐스트","KOSDAQ","운송장비·부품","13630","940","7.41","497527057760"
"452190","한빛레이저","KOSDAQ","기계·장비","5200","270","5.48","124386896400"
"047080","한빛소프트","KOSDAQ","IT 서비스","1459","-51","-3.38","36215826158"
"452280","한선엔지니어링","KOSDAQ","금속","19720","-2880","-12.74","379564052400"
"066980","한성크린텍","KOSDAQ","일반서비스","1792","48","2.75","93067744000"
"114810","한솔아이원스","KOSDAQ","기계·장비","16190","790","5.13","455637987060"
"042520","한스바이오메드","KOSDAQ","제약","25400","-350","-1.36","362238721800"
"430690","한싹","KOSDAQ","IT 서비스","3075","20","0.65","33503059800"
"078350","한양디지텍","KOSDAQ","전기·전자","28300","1400","5.20","431416010600"
"045100","한양이엔지","KOSDAQ","일반서비스","33150","1750","5.57","580125000000"
"320000","한울반도체","KOSDAQ","기계·장비","11420","60","0.53","76157810200"
"091440","한울소재과학","KOSDAQ","전기·전자","1834","-8","-0.43","61223501332"
"276730","한울앤제주","KOSDAQ","음식료·담배","14940","1060","7.64","34133552460"
"024740","한일단조","KOSDAQ","운송장비·부품","2330","0","0.00","76650124170"
"005860","한일사료","KOSDAQ","음식료·담배","2545","-10","-0.39","100282378325"
"007770","한일화학","KOSDAQ","화학","7230","140","1.97","25377300000"
"198940","한주라이트메탈","KOSDAQ","금속","1984","44","2.27","38611594176"
"058450","한주에이알티","KOSDAQ","오락·문화","4680","-70","-1.47","23462580960"
"107640","한중엔시에스","KOSDAQ","전기·전자","42500","550","1.31","385260205000"
"079170","한창산업","KOSDAQ","금속","5370","200","3.87","27924000000"
"054920","한컴위드","KOSDAQ","IT 서비스","4180","100","2.45","117947398580"
"457370","한켐","KOSDAQ","화학","12100","10","0.08","97551821400"
"002680","한탑","KOSDAQ","음식료·담배","412","-1","-0.24","13314521188"
"098070","한텍","KOSDAQ","금속","31750","1550","5.13","353096226750"
"408470","한패스","KOSDAQ","금융","8380","260","3.20","88593360000"
"498390","한화플러스제5호스팩","KOSDAQ","금융","2050","0","0.00","10168000000"
"034810","해성산업","KOSDAQ","금융","6290","130","2.11","198639156080"
"03481K","해성산업1우","KOSDAQ","금융","6240","270","4.52","8595306720"
"059270","해성에어로보틱스","KOSDAQ","금속","7920","420","5.60","88429168080"
"076610","해성옵틱스","KOSDAQ","의료·정밀기기","1266","-54","-4.09","71310631458"
"220180","핸디소프트","KOSDAQ","IT 서비스","1673","3","0.18","40036298666"
"900270","헝셩그룹","KOSDAQ","금융","662","20","3.12","16155914048"
"214180","헥토이노베이션","KOSDAQ","IT 서비스","15610","550","3.65","202826458870"
"234340","헥토파이낸셜","KOSDAQ","금융","23400","450","1.96","326913350400"
"084990","헬릭스미스","KOSDAQ","일반서비스","4765","180","3.93","219632177705"
"170030","현대공업","KOSDAQ","운송장비·부품","5180","110","2.17","79461200000"
"319400","현대무벡스","KOSDAQ","기계·장비","39150","-1650","-4.04","4360371926850"
"048410","현대바이오","KOSDAQ","화학","8910","-170","-1.87","859864646520"
"052260","현대바이오랜드","KOSDAQ","화학","3750","115","3.16","112500000000"
"016790","현대사료","KOSDAQ","음식료·담배","994","0","0.00","187340898626"
"041440","현대에버다임","KOSDAQ","기계·장비","8120","530","6.98","144874701440"
"039010","현대에이치티","KOSDAQ","전기·전자","11270","380","3.49","97203750000"
"090850","현대이지웰","KOSDAQ","IT 서비스","5380","140","2.67","120931118140"
"460930","현대힘스","KOSDAQ","운송장비·부품","14110","800","6.01","501055567810"
"092300","현우산업","KOSDAQ","전기·전자","3360","-30","-0.88","67703566560"
"011080","형지I&C","KOSDAQ","섬유·의류","2470","120","5.11","10611767140"
"308100","형지글로벌","KOSDAQ","유통","584","8","1.39","14029436672"
"064240","홈캐스트","KOSDAQ","유통","1703","73","4.48","59084309453"
"039610","화성밸브","KOSDAQ","기계·장비","6660","360","5.71","69333264000"
"126640","화신정공","KOSDAQ","운송장비·부품","4895","285","6.18","171598679450"
"127980","화인써키트","KOSDAQ","전기·전자","3910","165","4.41","46297074440"
"061250","화일약품","KOSDAQ","제약","7790","90","1.17","65572979360"
"097870","효성오앤비","KOSDAQ","화학","5180","160","3.19","43978200000"
"290270","휴네시온","KOSDAQ","IT 서비스","2810","0","0.00","26997558320"
"353190","휴럼","KOSDAQ","음식료·담배","3005","120","4.16","23666430420"
"090710","휴림로봇","KOSDAQ","기계·장비","11730","190","1.65","1401232920810"
"078590","휴림에이텍","KOSDAQ","운송장비·부품","2875","165","6.09","28726479625"
"205470","휴마시스","KOSDAQ","제약","2685","35","1.32","66252377685"
"115160","휴맥스","KOSDAQ","유통","6370","-30","-0.47","27468344540"
"028080","휴맥스홀딩스","KOSDAQ","IT 서비스","6170","220","3.70","14116595970"
"175140","휴먼테크놀로지","KOSDAQ","전기·전자","2385","15","0.63","59492043405"
"200670","휴메딕스","KOSDAQ","제약","28300","700","2.54","317807019000"
"065510","휴비츠","KOSDAQ","의료·정밀기기","7120","120","1.71","77450612400"
"263920","휴엠앤씨","KOSDAQ","기타제조","3175","70","2.25","31143657550"
"243070","휴온스","KOSDAQ","제약","29450","-100","-0.34","352801134250"
"084110","휴온스글로벌","KOSDAQ","제약","27350","750","2.82","346245858200"
"145020","휴젤","KOSDAQ","제약","244500","-1000","-0.41","3008336068500"
"024060","흥구석유","KOSDAQ","유통","11700","-470","-3.86","175500000000"
"010240","흥국","KOSDAQ","기계·장비","5440","120","2.26","63680640000"
"189980","흥국에프엔비","KOSDAQ","음식료·담배","1205","-6","-0.50","48366081535"
"037440","희림","KOSDAQ","일반서비스","5580","860","18.22","77687410500"
"238490","힘스","KOSDAQ","기계·장비","2565","0","0.00","29015885340"