종목코드,종목명,종가,대비,등락률,순자산가치(NAV),시가,고가,저가,거래량,거래대금,시가총액,순자산총액,상장좌수,기초지수_지수명,기초지수_종가,기초지수_대비,기초지수_등락률
"451060","1Q 200액티브","41550","1730","4.34","41793.15","42470","43570","41550","326827","14019249414","473670000000","0","11400000","코스피 200","1291.32","59.78","4.85"
"0184E0","1Q 200채권혼합50액티브","12090","450","3.87","11870.39","12220","12255","11725","151268","1827801616","25993500000","0","2150000","코스피 200 단기국공채 혼합지수","2390.85","59.50","2.55"
"491610","1Q CD금리액티브(합성)","104210","15","0.01","104540.28","104200","104210","104195","9164","954912013","191016930000","0","1833000","KIS 하나 CD금리 총수익지수","11795.59","0.00","0.00"
"0182R0","1Q K반도체TOP2+","15670","1370","9.58","15824.30","14970","16300","14545","4733178","73881568222","278142500000","0","17750000","NICE K반도체 TOP2 MAX+ 지수","12554.64","1212.70","10.69"
"0182S0","1Q K반도체TOP2채권혼합50","13550","350","2.65","13552.79","14000","14000","13525","836714","11554083074","182247500000","0","13450000","KEDI K반도체TOP2채권혼합 지수","3881.82","96.88","2.56"
"0103T0","1Q K소버린AI","10020","445","4.65","10027.04","10045","10450","9875","411047","4188387644","26553000000","0","2650000","iSelect K소버린AI 지수","1988.96","81.45","4.27"
"0198D0","1Q SK하이닉스선물단일종목레버리지","21525","980","4.77","21164.29","24100","24480","21525","376431","8861756648","25937625000","0","1205000","KRX SK하이닉스 선물 지수","12114.67","191.14","1.60"
"463290","1Q 단기금융채액티브","108495","-5","0.00","108505.60","108500","108515","108490","11048","1198787614","239231475000","0","2205000","MK 머니마켓 지수(총수익)","14646.83","3.55","0.02"
"0131W0","1Q 단기특수은행채액티브","101475","10","0.01","101482.45","101470","101475","101470","21","2130970","136280925000","0","1343000","KIS 단기특수은행채 지수(총수익)","116.49","0.00","0.00"
"479080","1Q 머니마켓액티브","53365","5","0.01","53361.57","53360","53365","53360","132742","7083421973","880842690000","0","16506000","KIS-하나 MMF 지수(총수익)","119.93","0.00","0.00"
"0026S0","1Q 미국S&P500","13615","90","0.67","13629.75","13635","13680","13610","373051","5087280817","309060500000","0","22700000","S&P 500","7394.30","0.00","0.00"
"0052S0","1Q 미국S&P500미국채혼합50액티브","12520","-20","-0.16","12509.18","12595","12625","12490","355524","4458131354","292968000000","0","23400000","S&P 500 and Short-Term Treasury 50/50 Blend Index","288.51","0.00","0.00"
"0069M0","1Q 미국나스닥100","14795","240","1.65","14834.18","14860","14915","14790","223003","3310189536","187896500000","0","12700000","NASDAQ 100","29446.18","0.00","0.00"
"0111P0","1Q 미국나스닥100미국채혼합50액티브","11855","75","0.64","11864.24","11860","11905","11850","323133","3838040470","284520000000","0","24000000","Nasdaq-100 US T-Bills 0-6 Month 50/50 Index","3124.19","0.00","0.00"
"0083S0","1Q 미국메디컬AI","10295","-20","-0.19","10350.54","10340","10395","10275","39477","408332296","38091500000","0","3700000","KEDI 미국메디컬AI 지수","1769.18","0.00","0.00"
"0004G0","1Q 미국배당TOP30","9525","20","0.21","9546.02","9505","9550","9495","14072","133964410","13335000000","0","1400000","Solactive U.S. Dividend TOP 30 Index PR","4109.97","0.00","0.00"
"0131V0","1Q 미국우주항공테크","14440","740","5.40","14179.01","14485","14795","14330","1162434","16940694807","607924000000","0","42100000","Akros 미국우주항공테크 지수","4648.31","0.00","0.00"
"0198B0","1Q 삼성전자선물단일종목레버리지","22555","3150","16.23","22628.67","23240","24800","22475","290265","6924929390","24810500000","0","1100000","KRX 삼성전자 선물 지수","5786.10","428.60","8.00"
"0094X0","1Q 샤오미밸류체인액티브","9340","85","0.92","9432.29","9185","9505","9185","9581","89638065","11675000000","0","1250000","Solactive-KEDI Xiaomi Focus China Tech Index","1760.40","19.15","1.10"
"0172V0","1Q 은액티브","9500","340","3.71","9460.40","9575","9630","9470","214030","2045418087","59375000000","0","6250000","Bloomberg Blended Silver Spot USD index","3652.13","0.00","0.00"
"0017Y0","1Q 종합채권(AA-이상)액티브","94180","295","0.31","94266.50","94235","94335","94180","327","30812625","85703800000","0","910000","KIS 종합채권형 지수(AA-이상)(총수익)","119.26","0.00","0.00"
"0052T0","1Q 중단기회사채(A-이상)액티브","50310","30","0.06","50285.70","50285","50320","50285","6020","302716235","89249940000","0","1774000","KEDI 중단기크레딧플러스채권(AAA~A-)지수(총수익)","118.50","0.00","0.00"
"495330","1Q 코리아밸류업","38000","1565","4.30","37888.13","38015","39195","37700","50429","1944115342","163400000000","0","4300000","코리아 밸류업 지수","3855.34","175.20","4.76"
"0186S0","1Q 코스닥150채권혼합50액티브","9425","185","2.00","9441.87","9515","9525","9300","357553","3368260235","26861250000","0","2850000","코스닥 150 단기국공채 혼합지수","1550.91","22.23","1.45"
"492500","1Q 현대차그룹채권(A+이상)&국고통안","51010","70","0.14","50990.23","51020","51025","50975","2743","139862195","92736180000","0","1818000","KIS 하나 현대차그룹채권(A+이상)&국고통안 총수익지수","11847.77","15.17","0.13"
"0206G0","1Q 현대차기아채권혼합50","9510","140","1.49","9546.55","9600","9660","9465","473873","4550875631","11412000000","0","1200000","KEDI 현대차&기아채권혼합50지수","2063.80","36.34","1.79"
"473440","ACE 11월만기자동연장회사채AA-이상액티브","10765","0","0.00","10770.43","10765","10765","10760","2718","29246715","93655500000","0","8700000","KIS 11월 만기자동연장회사채(AA-이상) 총수익지수","123.05","0.00","0.00"
"105190","ACE 200","129665","5535","4.46","130321.07","132895","135855","129530","443875","59550930230","1932008500000","0","14900000","코스피 200","1291.32","59.78","4.85"
"332500","ACE 200TR","86890","3810","4.59","87266.94","89480","90955","86890","55190","4925034872","199847000000","0","2300000","코스피 200 TR","1710.68","79.19","4.85"
"461270","ACE 26-06 회사채(AA-이상)액티브","11200","0","0.00","11216.38","11220","11220","11200","3907","43759695","195552000000","0","17460000","KIS 크레딧 2606만기형(AA-이상)지수(총수익지수)","125.61","0.00","0.00"
"475260","ACE 2월만기자동연장회사채AA-이상액티브","10675","0","0.00","10674.94","10675","10675","10665","28","298650","50279250000","0","4710000","KAP 2월 만기자동연장회사채(AA-이상) 총수익지수","121.86","0.00","0.00"
"385600","ACE 2차전지&친환경차액티브","14630","310","2.16","14607.49","15070","15510","14450","46746","707058709","24871000000","0","1700000","FnGuide 친환경 자동차 밸류체인 지수","2624.27","54.80","2.13"
"475270","ACE 5월만기자동연장회사채AA-이상액티브","10665","0","0.00","10662.79","10670","10670","10665","4112","43874815","45112950000","0","4230000","KIS 5월 만기자동연장회사채(AA-이상) 총수익지수","120.57","0.00","0.00"
"475280","ACE 8월만기자동연장회사채AA-이상액티브","10665","10","0.09","10660.16","10665","10665","10665","801","8542665","74441700000","0","6980000","KAP 8월 만기자동연장회사채(AA-이상) 총수익지수","122.33","0.00","0.00"
"469150","ACE AI반도체TOP3+","80435","5535","7.39","80635.54","79815","83680","79695","3292841","268706516739","1395547250000","0","17350000","FnGuide AI반도체 TOP3+ 지수","10100.29","690.51","7.34"
"0079X0","ACE BYD밸류체인액티브","11705","260","2.27","11609.85","11775","11940","11420","2208","25550127","4096750000","0","350000","Bloomberg BYD Plus Top Supply Chain Select Price Return Index","2417.61","0.00","0.00"
"385590","ACE ESG액티브","26890","1165","4.53","27158.24","27565","28055","26890","2383","66077935","61847000000","0","2300000","MSCI Korea Country ESG Leaders Custom Capped Price return Index","5027.16","219.33","4.56"
"226380","ACE Fn성장소비주도주","5945","35","0.59","5989.74","5980","6085","5945","1717","10306770","4161500000","0","700000","FnGuide 성장소비주도 지수","1980.55","8.64","0.44"
"475050","ACE KPOP포커스","8315","15","0.18","8369.88","8350","8540","8220","1371155","11522278377","113499750000","0","13650000","iSelect K-POP 포커스지수(시장가격)","2090.59","2.33","0.11"
"411060","ACE KRX금현물","28210","560","2.03","28490.93","28200","28485","28045","1171471","33083311162","4276636000000","0","151600000","KRX 금현물지수","4774.62","89.00","1.90"
"0172Y0","ACE K수출핵심TOP10산업액티브","11215","365","3.36","11383.53","11475","11535","11135","18511","211087140","11775750000","0","1050000","iSelect K수출핵심산업 지수 (시장가격)","4700.64","205.39","4.57"
"0177X0","ACE K휴머노이드로봇산업TOP2+","12705","595","4.91","12770.06","12780","13640","12680","1105824","14626131787","146107500000","0","11500000","Akros K-휴머노이드 로봇 TOP2+ 지수 (시장가격)","11104.33","595.42","5.67"
"291130","ACE MSCI멕시코(합성)","19595","445","2.32","20126.31","19750","19760","19595","1510","29798540","17635500000","0","900000","MSCI MEXICO IMI 25/50 Price return Index","13626.45","0.00","0.00"
"256440","ACE MSCI인도네시아(합성)","5725","315","5.82","5756.96","5450","5730","5450","107553","605554582","31487500000","0","5500000","MSCI Indonesia Index","4259.29","118.29","2.86"
"261920","ACE MSCI필리핀(합성)","13400","65","0.49","13463.23","13250","13445","13250","327","4377715","5360000000","0","400000","MSCI Philippines IMI Index","1550.49","0.00","0.00"
"0194T0","ACE SK하이닉스단일종목레버리지","20280","940","4.86","19968.80","22650","23000","20280","1034682","22907251541","87204000000","0","4300000","KRX SK하이닉스 지수","12558.41","286.21","2.33"
"0021D0","ACE TDF2030액티브 적격","11505","165","1.46","11483.93","11390","11520","11390","13098","149999225","16107000000","0","1400000","Bloomberg Multi Asset Target-date 2030 KRW Index","2834.49","0.00","0.00"
"0021E0","ACE TDF2050액티브 적격","13070","285","2.23","13120.59","12975","13190","12975","104923","1369766035","66003500000","0","5050000","Bloomberg Multi Asset Target-date 2050 KRW Index","3652.93","0.00","0.00"
"0021C0","ACE TDF장기자산배분액티브","14400","240","1.69","14403.59","14320","14490","14320","16117","231676660","13680000000","0","950000","Bloomberg Multi Asset Target-date 2080 KRW Index","4439.76","0.00","0.00"
"0139P0","ACE 고배당주","14185","285","2.05","14216.76","14150","14470","14072","201694","2874213315","56740000000","0","4000000","KRX-Akros 고배당주 20 지수","3578.16","84.07","2.41"
"0199C0","ACE 고배당주Plus커버드콜액티브","10200","220","2.20","10336.69","10390","10450","10200","1278534","13219894623","108120000000","0","10600000","KRX-Akros 고배당주 20 위클리 고정 30% 커버드콜 지수","2385.69","25.94","1.10"
"225130","ACE 골드선물 레버리지(합성 H)","45405","1355","3.08","45874.79","45590","46500","45375","6197","284052764","22702500000","0","500000","S&P GSCI GOLD Index Excess Return","249.64","5.42","2.22"
"483340","ACE 구글밸류체인액티브","27065","1240","4.80","26602.47","27200","27340","26990","357329","9679917513","328839750000","0","12150000","KEDI 글로벌 AI 클라우드 지수","7482.04","0.00","0.00"
"365780","ACE 국고채10년","82645","680","0.83","82563.92","82400","82645","82345","10439","861142681","590498525000","0","7145000","KIS 10년 국고채 지수 (총수익)","15660.89","135.33","0.87"
"114460","ACE 국고채3년","100095","170","0.17","100128.84","100135","100165","100025","697","69772495","15014250000","0","150000","KTB INDEX(시장가격)","10114.48","24.35","0.24"
"494340","ACE 글로벌AI맞춤형반도체","26070","1275","5.14","26172.97","26230","26795","25800","86227","2278317254","39105000000","0","1500000","Solactive AI Custom Semiconductor Index(PR)","11706.89","0.00","0.00"
"446770","ACE 글로벌반도체TOP4 Plus","90780","2675","3.04","90741.61","92765","93430","90780","345896","32020996551","1815600000000","0","20000000","Solactive Global Semiconductor TOP4 Plus Price Return Index","15446.21","675.20","4.57"
"435040","ACE 글로벌브랜드TOP10","20540","0","0.00","20544.40","20430","20585","20430","986","20186197","14378000000","0","700000","Bloomberg Global Select Industry Leaders TOP10 Index(PR)","4830.65","0.00","0.00"
"497510","ACE 글로벌빅파마","13400","135","1.02","13458.78","13370","13460","13290","5210","69642442","9380000000","0","700000","Solactive Global Big Pharma Index (Price Return)","2164.31","0.00","0.00"
"460960","ACE 글로벌인컴TOP10","12165","25","0.21","12144.90","12175","12190","12115","56313","685320256","88196250000","0","7250000","Solactive Global Superior Income TOP 10 Price Return Index","795.02","0.00","0.00"
"414270","ACE 글로벌자율주행액티브","13975","370","2.72","13927.03","13610","14080","13610","9976","139170935","32142500000","0","2300000","FactSet US-China Electric&Autonomous Vehicle Price Return Index","359.90","3.04","0.85"
"440640","ACE 단기채권알파액티브","111845","10","0.01","111848.78","111815","111870","111805","3395","379687740","68560985000","0","613000","KIS 단기채권알파AA-이상 총수익지수","123.04","0.00","0.00"
"190620","ACE 단기통안채","101380","20","0.02","101381.14","101375","101395","101365","13565","1375248033","300895840000","0","2968000","KIS MSB 단기지수(총수익)","13112.36","2.91","0.02"
"494330","ACE 라이프자산주주가치액티브","32200","1485","4.83","32330.53","32575","33400","32145","22276","735432040","138460000000","0","4300000","FnGuide 기업가치 지수(시장가격)","3266.97","118.49","3.76"
"265690","ACE 러시아MSCI(합성)","8535","0","0.00","48.21","0","0","0","0","0","15789750000","0","1850000","MSCI Russia 25% Capped Price Return Index",,,
"152500","ACE 레버리지","74280","6330","9.32","74641.46","77680","80860","74280","55229","4338872048","81708000000","0","1100000","코스피 200","1291.32","59.78","4.85"
"0153P0","ACE 리츠부동산인프라액티브","9580","-155","-1.59","9524.23","10000","10000","9520","12219","118991229","16765000000","0","1750000","FnGuide 맥쿼리인프라 배당 리츠 지수 (시장가격)","806.20","-10.16","-1.24"
"483330","ACE 마이크로소프트밸류체인액티브","15040","90","0.60","14847.70","14950","15215","14825","56806","853821018","18800000000","0","1250000","KEDI 글로벌생성형AI 지수","3814.05","0.00","0.00"
"487340","ACE 머니마켓액티브","105045","10","0.01","105044.17","105035","105045","105035","12035","1264192241","891306825000","0","8485000","MK-KAP 머니마켓 총수익지수","120.37","0.00","0.00"
"0085P0","ACE 미국10년국채액티브","10985","0","0.00","10977.08","10975","11005","10950","319133","3506584104","101062000000","0","9200000","ICE U.S. Treasury 7-10 Year Bond Index (Total Return)","114.27","0.00","0.00"
"0085N0","ACE 미국10년국채액티브(H)","9925","55","0.56","9933.91","9930","9945","9920","32656","324235639","35730000000","0","3600000","ICE U.S. Treasury 7-10 Year Bond Index (Total Return)","114.27","0.00","0.00"
"452250","ACE 미국30년국채선물레버리지(합성 H)","5125","110","2.19","5173.46","5090","5160","5090","76196","389535385","46893750000","0","9150000","S&P Ultra T-Bond Futures Index(ER)","108.49","-0.06","-0.06"
"476760","ACE 미국30년국채액티브","10260","45","0.44","10266.20","10245","10285","10240","354447","3637500407","295488000000","0","28800000","Bloomberg U.S Treasury 20+ Year Total Return Index","592.71","0.00","0.00"
"453850","ACE 미국30년국채액티브(H)","7480","75","1.01","7496.65","7475","7480","7465","2117529","15826710293","1707684000000","0","228300000","Bloomberg U.S Treasury 20+ Year Total Return Index","592.71","0.00","0.00"
"476750","ACE 미국30년국채엔화노출액티브(H)","8530","55","0.65","8534.73","8530","8545","8510","143286","1222120163","74211000000","0","8700000","Bloomberg U.S. Treasury 20+ Year Total Return Index T1530 JPY Currency Hedged","108.35","0.00","0.00"
"480030","ACE 미국500데일리타겟커버드콜(합성)","11220","25","0.22","11191.40","11240","11275","11205","113192","1271878755","161568000000","0","14400000","Bloomberg US 500 Large Cap Premium Decrement 15% Distribution Index","1136.46","0.00","0.00"
"0118Z0","ACE 미국AI테크핵심산업액티브","9880","265","2.76","9809.77","9890","9930","9880","131978","1306235429","74100000000","0","7500000","Akros U.S. AI Innovator Price Return Index","16939.07","0.00","0.00"
"280320","ACE 미국IT인터넷(합성 H)","19785","435","2.25","19986.70","19785","19830","19785","198","3918060","15828000000","0","800000","다우존스 인터넷 종합지수","1214.69","0.00","0.00"
"360200","ACE 미국S&P500","28185","215","0.77","28216.44","28200","28275","28165","753397","21264164307","4027636500000","0","142900000","S&P 500","7394.30","0.00","0.00"
"438080","ACE 미국S&P500미국채혼합50액티브","15130","25","0.17","15103.56","15140","15250","15095","682765","10333452567","1155932000000","0","76400000","S&P 500 and Short-Term Treasury 50/50 Blend Index","288.51","0.00","0.00"
"0155M0","ACE 미국SMR원자력TOP10","8045","315","4.08","7947.74","8050","8100","7995","99646","802577267","34191250000","0","4250000","Solactive US SMR Nuclear TOP 10 Index (Price Return)","4681.13","0.00","0.00"
"309230","ACE 미국WideMoat동일가중","31240","-30","-0.10","31591.55","31320","31630","31240","13821","433839580","122460800000","0","3920000","MorningStar Wide Moat Focus Index","15619.88","0.00","0.00"
"367380","ACE 미국나스닥100","34040","585","1.75","34120.74","34130","34260","34030","1167099","39853939175","3533352000000","0","103800000","NASDAQ 100","29446.18","0.00","0.00"
"438100","ACE 미국나스닥100미국채혼합50액티브","16650","90","0.54","16637.71","17370","17370","16640","591131","9860934748","880785000000","0","52900000","NASDAQ-100 US T-Bills 50/50 Index","2090.15","0.00","0.00"
"456880","ACE 미국달러SOFR금리(합성)","13275","-50","-0.38","13263.79","13240","13275","13225","113870","1509304723","368248500000","0","27740000","Solactive SOFR Daily Total Return Index","1246.71","0.00","0.00"
"440650","ACE 미국달러단기채권액티브","12675","-75","-0.59","12664.80","12650","12695","12650","97780","1238558240","41827500000","0","3300000","Bloomberg Short-Term Treasury Total Return Index","152.02","0.00","0.00"
"0127M0","ACE 미국대형가치주액티브","12925","110","0.86","12868.22","12870","13000","12830","71301","923587170","151868750000","0","11750000","CRSP US Large Cap Value Index(PR)","3659.20","0.00","0.00"
"0127P0","ACE 미국대형성장주액티브","11425","120","1.06","11450.29","11310","11525","11310","36033","414168895","687213750000","0","60150000","CRSP US Large Cap Growth Index(PR)","6967.08","0.00","0.00"
"480040","ACE 미국반도체데일리타겟커버드콜(합성)","20130","610","3.13","20132.27","20505","20575","20100","175597","3563706032","187209000000","0","9300000","Bloomberg US Listed Semiconductor Premium Decrement 15% Distribution Index","2564.88","0.00","0.00"
"402970","ACE 미국배당다우존스","15900","60","0.38","15896.00","15880","15935","15850","255844","4065197273","917430000000","0","57700000","Dow Jones U.S. Dividend 100 Price Return Index","6863.15","0.00","0.00"
"0046Y0","ACE 미국배당퀄리티","13445","55","0.41","13380.34","13530","13530","13325","15971","214137244","55796750000","0","4150000","WisdomTree U.S. Quality Dividend Growth Index (Price Return)","811.70","0.00","0.00"
"0049M0","ACE 미국배당퀄리티+커버드콜액티브","12165","20","0.16","12121.94","12175","12190","12155","29355","357335991","87588000000","0","7200000","Bloomberg WisdomTree U.S. Quality Dividend & B500 Premium Decrement 50:50 Index","1325.40","0.00","0.00"
"0049K0","ACE 미국배당퀄리티채권혼합50","11500","-45","-0.39","11511.55","11545","11575","11460","16726","192614339","23575000000","0","2050000","Bloomberg WisdomTree U.S. Quality Dividend & Short Term KRW Bonds 50:50 TR Index","2056.75","0.00","0.00"
"181480","ACE 미국부동산리츠(합성 H)","85635","-515","-0.60","85876.87","86130","86130","85635","320","27416650","10276200000","0","120000","Dow Jones U.S. Real Estate Index","1977.84","0.00","0.00"
"480020","ACE 미국빅테크7+데일리타겟커버드콜(합성)","12255","-225","-1.80","12211.16","12515","13470","12250","204449","2519383900","167893500000","0","13700000","Bloomberg US Big Tech Top 7 Plus Premium Decrement 15% Distribution Index","1895.44","0.00","0.00"
"465580","ACE 미국빅테크TOP7 Plus","24765","55","0.22","24743.43","24780","24915","24745","610925","15174068430","1064895000000","0","43000000","Solactive US Big Tech Top 7 Plus Price Return Index","36999.66","0.00","0.00"
"465610","ACE 미국빅테크TOP7 Plus레버리지(합성)","44730","-100","-0.22","45075.13","47390","47390","44665","31153","1409513583","143136000000","0","3200000","Solactive US Big Tech Top 7 Plus Price Return Index","36999.66","0.00","0.00"
"465620","ACE 미국빅테크TOP7 Plus인버스(합성)","6415","-100","-1.53","6476.83","6315","6415","6315","324","2072500","1603750000","0","250000","Solactive US Big Tech Top 7 Plus Price Return Index","36999.66","0.00","0.00"
"0180V0","ACE 미국우주테크액티브","13135","1275","10.75","12700.34","13240","13650","12955","18926290","250307728052","294880750000","0","22450000","FnGuide 미국스페이스테크 지수(시장가격)","6571.36","0.00","0.00"
"473590","ACE 미국주식베스트셀러","23180","235","1.02","23279.58","23265","23630","23180","17847","417298022","53314000000","0","2300000","FnGuide 미국 주식 베스트셀러 지수(시장가격지수)","11136.26","0.00","0.00"
"0008E0","ACE 미국중심중소형제조업","15450","550","3.69","15451.59","15345","15490","15345","1392","21534810","15450000000","0","1000000","NYSE FactSet US Focus Manufacturing Index(Price Return)","390.08","0.00","0.00"
"391600","ACE 미국친환경그린테마","12635","165","1.32","12880.63","12470","13190","12470","740","9372635","5685750000","0","450000","Indxx US Green Infrastructure Price return Index","3595.91","0.00","0.00"
"455660","ACE 미국하이일드액티브(H)","9545","20","0.21","9556.53","9550","9580","9545","25011","239140463","63951500000","0","6700000","Markit iBoxx USD Liquid High Yield Total Return Index","399.40","0.00","0.00"
"245710","ACE 베트남VN30(합성)","31370","-45","-0.14","31992.51","31420","31695","31275","67106","2107645596","316837000000","0","10100000","VN30 Index(PR)","1961.38","14.10","0.72"
"131890","ACE 삼성그룹동일가중","45070","2575","6.06","44893.35","45180","45325","44450","2132","95898290","18028000000","0","400000","MKF SAMs EW 지수","44867.68","1977.50","4.61"
"108450","ACE 삼성그룹섹터가중","46355","2500","5.70","46180.79","47305","48050","45605","51636","2421885387","106616500000","0","2300000","MKF SAMs SW","45939.90","2012.38","4.58"
"0194M0","ACE 삼성전자단일종목레버리지","21700","3090","16.60","21654.96","22435","23825","21450","2365568","54236878698","123690000000","0","5700000","KRX 삼성전자 지수","6039.33","440.08","7.86"
"316300","ACE 싱가포르리츠","14385","-60","-0.42","14458.20","14450","14470","14290","1278","18352330","7192500000","0","500000","Morningstar Singapore REIT Yield Focus Index(PR)","1238.34","0.00","0.00"
"277540","ACE 아시아TOP50","36075","1180","3.38","35795.74","35200","36960","35200","1721","62307500","30663750000","0","850000","S&P ASIA50 Price Return Index","9897.58","0.00","0.00"
"483420","ACE 애플밸류체인액티브","26395","535","2.07","26386.48","26970","26970","26310","18718","499659839","43551750000","0","1650000","Bloomberg Top 30 Supply Chain Plus Apple Price Return Index","5555.67","0.00","0.00"
"483320","ACE 엔비디아밸류체인액티브","29320","1270","4.53","28838.14","29300","29900","29235","130593","3863782319","375296000000","0","12800000","KEDI 글로벌AI반도체 지수","12163.53","0.00","0.00"
"448540","ACE 엔비디아채권혼합","26540","85","0.32","26557.63","26700","26950","26470","78097","2075718264","246822000000","0","9300000","Bloomberg Blended NVIDIA Equity and Korean Bond Index","10005.74","0.00","0.00"
"0099L0","ACE 우량회사채(AA-이상)액티브","98600","5","0.01","98602.15","98610","98610","98575","128","12619767","136166600000","0","1381000","KIS 1~3년 우량크레딧(AA-이상) 총수익지수","117.31","0.00","0.00"
"433500","ACE 원자력TOP10","68390","3290","5.05","71370.70","69900","70295","67610","161849","11168716699","328272000000","0","4800000","DeepSearch 원자력 TOP 10지수","7453.26","617.39","9.03"
"0102X0","ACE 유럽방산TOP10","9820","55","0.56","9834.89","9765","9850","9765","2008","19716300","7856000000","0","800000","NYSE FactSet Europe Defense TOP10 Index (Price Return)","628.02","0.00","0.00"
"487920","ACE 인도시장대표BIG5그룹액티브","8420","-25","-0.30","8432.74","8745","8745","8395","33847","285042009","8420000000","0","1000000","Indxx India Big 5 Conglomerates Index (Price Return)","4511.75","0.00","0.00"
"487910","ACE 인도컨슈머파워액티브","8745","-25","-0.29","8769.76","8785","8810","8685","10323","90540550","10494000000","0","1200000","Indxx India Super Consumption Index (Price Return)","3235.42","0.00","0.00"
"145670","ACE 인버스","1235","-62","-4.78","1234.42","1180","1235","1169","417882","497726206","3828500000","0","3100000","코스피 200 선물지수","6340.41","317.22","5.27"
"497520","ACE 일라이릴리밸류체인","12900","45","0.35","12961.82","12860","12970","12860","2202","28418545","8385000000","0","650000","Solactive Eli Lilly Value Chain Index(PR)","3140.91","0.00","0.00"
"238720","ACE 일본Nikkei225(H)","48090","1460","3.13","48016.00","48250","48765","47855","3887","187373630","38472000000","0","800000","Nikkei 225","66020.04","1802.77","2.81"
"196030","ACE 일본TOPIX레버리지(H)","81450","1650","2.07","81612.06","82085","83000","80640","1327","108544605","40725000000","0","500000","TOPIX","3881.96","51.61","1.35"
"205720","ACE 일본TOPIX인버스(합성 H)","1552","-22","-1.40","1555.28","1545","1558","1536","13606","21016712","4656000000","0","3000000","TOPIX","3881.96","51.61","1.35"
"469160","ACE 일본반도체","30260","1515","5.27","30540.44","30075","31940","30065","70911","2158555453","21182000000","0","700000","Bloomberg Japan Semiconductor Select Top 25 Index(Price Return)","8399.73","462.72","5.83"
"356540","ACE 종합채권(AA-이상)액티브","101530","480","0.48","101475.80","101420","101530","101240","4954","502707065","1166985820000","0","11494000","KIS 종합채권 AA-이상 총수익 지수(Total return Index)","114.51","0.00","0.00"
"447430","ACE 주주환원가치주액티브","16565","15","0.09","16611.14","16700","16870","16520","21222","356097586","48866750000","0","2950000","FnGuide 올라운드 가치주 지수","1069.67","25.22","2.41"
"416090","ACE 중국과창판STAR50","14380","250","1.77","14467.05","14300","15000","14300","16681","243545735","18694000000","0","1300000","STAR 50 Index(Price Return)","1663.36","0.92","0.06"
"168580","ACE 중국본토CSI300","38990","775","2.03","39037.93","38330","38995","38330","1692","65543290","128667000000","0","3300000","CSI 300 Index","0.00","-4722.41","-100.00"
"219900","ACE 중국본토CSI300레버리지(합성)","5425","75","1.40","5613.21","5595","5600","5400","14452","79127500","7595000000","0","1400000","CSI 300 Index","0.00","-4722.41","-100.00"
"272910","ACE 중장기국공채액티브","105385","160","0.15","105504.42","105367","105450","105367","89","9379823","92211875000","0","875000","KIS 종합채권국공채1-10Y지수","153.30","0.00","0.00"
"0087F0","ACE 차이나AI빅테크TOP2+액티브","13220","365","2.84","13156.72","12945","13500","12945","75732","998656360","11237000000","0","850000","Solactive China AI Big Tech TOP2+ Index (Price Return)","1601.17","0.00","0.00"
"371870","ACE 차이나항셍테크","7655","150","2.00","7639.25","7545","7720","7545","26769","205548240","13013500000","0","1700000","Hang Seng TECH Index","4696.59","40.85","0.88"
"380340","ACE 코리아AI테크핵심산업","36110","435","1.22","35912.16","37545","38405","35520","140767","5308488336","43332000000","0","1200000","FnGuide 코리아AI테크핵심산업지수 (Price Return)","7154.55","81.42","1.15"
"496120","ACE 코리아밸류업","38530","1855","5.06","38461.43","39075","39975","38410","9505","371203760","32750500000","0","850000","코리아 밸류업 지수","3855.34","175.20","4.76"
"354500","ACE 코스닥150","18160","415","2.34","18422.59","18355","18800","18070","456560","8420456816","163440000000","0","9000000","코스닥 150","1835.35","64.09","3.62"
"305050","ACE 코스피","84505","3755","4.65","84290.56","86495","87300","84000","14490","1252482789","50703000000","0","600000","코스피","8123.62","359.67","4.63"
"457480","ACE 테슬라밸류체인액티브","23570","855","3.76","23418.02","23480","23630","23080","667861","15678768511","1075970500000","0","45650000","Bloomberg EV Supporters Plus Tesla Price Return Index","11468.88","0.00","0.00"
"469170","ACE 포스코그룹포커스","6700","305","4.77","6675.88","6700","6780","6550","1142674","7627996311","113230000000","0","16900000","FnGuide 포스코그룹포커스 지수(시장가격)","3319.40","147.32","4.64"
"466810","BNK 2차전지양극재","6840","340","5.23","6832.01","6860","7020","6675","39172","270124392","9918000000","0","1450000","iSelect 2차전지양극재 지수","5300.78","289.02","5.77"
"457930","BNK 미래전략기술액티브","33625","2055","6.51","33447.04","33960","34350","33190","621","21152388","10087500000","0","300000","iSelect 미래전략기술 지수 (PR)","7602.40","398.52","5.53"
"487750","BNK 온디바이스AI","41165","1325","3.33","41003.89","41715","43040","40820","21625","918631665","16466000000","0","400000","FnGuide 온디바이스AI 지수","11125.33","285.34","2.63"
"445690","BNK 주주가치액티브","33910","655","1.97","34127.67","34550","35125","33910","455","15748010","22041500000","0","650000","FnGuide 주주가치 지수","3274.86","61.55","1.92"
"0120J0","BNK 카카오그룹포커스","8635","215","2.55","8597.82","8665","8820","8505","128323","1110388760","11225500000","0","1300000","FnGuide 카카오그룹 포커스 지수","400.00","5.45","1.38"
"486240","DAISHIN343 AI반도체&인프라액티브","36390","1890","5.48","36135.43","36225","37260","35865","29303","1075650169","116448000000","0","3200000","FnGuide AI반도체&인프라 지수","12082.78","589.41","5.13"
"434960","DAISHIN343 K200","131520","6870","5.51","130908.73","133905","136335","131520","789","105413015","92064000000","0","700000","코스피 200","1291.32","59.78","4.85"
"0189Z0","DAISHIN343 금융&지주고배당","10375","405","4.06","10368.80","10080","10580","10080","4190","43142250","10375000000","0","1000000","KRX-Akros 금융 & 지주 고배당 지수","3528.97","122.84","3.61"
"0174J0","DAISHIN343 오피스리츠플러스","8820","-330","-3.61","8760.90","8960","9340","8790","637","5739145","5292000000","0","600000","KRX 프라임 오피스 리츠 지수","835.49","-28.64","-3.31"
"0098Z0","FOCUS 200","111030","4775","4.49","110741.31","113545","114555","111030","100","11299891","61066500000","0","550000","코스피 200","1291.32","59.78","4.85"
"0176P0","FOCUS AI반도체위클리고정커버드콜","16480","670","4.24","16627.38","17030","17105","16422","16196","272308240","14832000000","0","900000","AI 반도체 위클리 고정 30% 커버드콜 지수","11904.31","531.75","4.68"
"448570","FOCUS AI코리아액티브","33925","1760","5.47","33798.30","34565","34895","33925","2004","69463065","47495000000","0","1400000","코스피","8123.62","359.67","4.63"
"285690","FOCUS ESG리더스","24110","750","3.21","24195.93","24775","24775","24110","38","936530","8438500000","0","350000","KRX ESG Leaders 150","3680.47","123.56","3.47"
"0073X0","FOCUS 알리바바미국채커버드콜혼합","10275","-15","-0.15","10350.11","10280","10290","10275","1560","16038725","5651250000","0","550000","KEDI 알리바바미국채커버드콜혼합지수(TR)","1123.17","0.00","0.00"
"293180","HANARO 200","129320","5375","4.34","130149.87","132665","135565","129320","260102","34973307967","620736000000","0","4800000","코스피 200","1291.32","59.78","4.85"
"407310","HANARO 200 TOP10","19680","600","3.14","19811.71","19920","20340","19655","2561","51490210","8856000000","0","450000","코스피 200 Top 10 지수","3071.79","129.44","4.40"
"332930","HANARO 200TR","168765","6820","4.21","170134.71","174345","177055","168765","22635","3917931350","244709250000","0","1450000","코스피 200 TR","1710.59","79.10","4.85"
"304780","HANARO 200선물레버리지","203145","16270","8.71","204482.78","216105","221305","203145","1363","290064860","101572500000","0","500000","코스피 200 선물지수","6340.41","317.22","5.27"
"306520","HANARO 200선물인버스","2275","-105","-4.41","2276.30","2185","2275","2125","21072","46369423","1251250000","0","550000","코스피 200 선물지수","6340.41","317.22","5.27"
"0123S0","HANARO 26-12 은행채(AA+이상)액티브","10125","0","0.00","10123.00","10150","10150","10115","42","425385","62268750000","0","6150000","KIS 은행채2612만기형 지수","109.70","0.00","0.00"
"0091M0","HANARO 27-06 회사채(AA-이상)액티브","10090","-5","-0.05","10094.53","10095","10095","10085","405","4087455","104128800000","0","10320000","KIS 회사채(AA-이상)2706만기형지수(총수익)","108.73","0.00","0.00"
"448490","HANARO 32-10 국고채액티브","53010","455","0.87","52926.92","52855","53010","52815","3362","177595452","13464540000","0","254000","KAP 32-10 국고채 10년 총수익지수","105.53","0.00","0.00"
"454320","HANARO CAPEX설비투자iSelect","49150","2490","5.34","48618.73","49670","49885","47570","19799","965146037","142535000000","0","2900000","iSelect CAPEX 설비투자 지수(시장가격)","6987.76","302.35","4.52"
"395290","HANARO Fn K-POP&미디어","6000","30","0.50","6035.25","6010","6150","5945","117458","709351653","37500000000","0","6250000","FnGuide K-POP & 미디어 지수","571.85","3.32","0.58"
"395280","HANARO Fn K-게임","3850","95","2.53","3834.61","3805","3905","3775","41533","160361505","9432500000","0","2450000","FnGuide K-게임 지수","740.80","6.11","0.83"
"368190","HANARO Fn K-뉴딜디지털플러스","8455","390","4.84","8449.16","8350","8660","8350","2341","19932735","27901500000","0","3300000","FnGuide K-뉴딜 디지털 플러스 지수","2029.59","88.77","4.57"
"402460","HANARO Fn K-메타버스MZ","16480","-395","-2.34","16546.34","17630","17790","16415","14398","250867130","9064000000","0","550000","FnGuide K-메타버스 MZ 지수(시장가격)","2661.24","-36.68","-1.36"
"395270","HANARO Fn K-반도체","71000","1800","2.60","71370.45","74170","75430","70985","7567623","563524545269","4465900000000","0","62900000","FnGuide K-반도체 지수","21461.83","636.42","3.06"
"438900","HANARO Fn K-푸드","11110","130","1.18","11084.21","11315","11315","11015","32667","364432845","13887500000","0","1250000","FnGuide K-푸드 지수 (시장가격)","853.04","1.62","0.19"
"367740","HANARO Fn5G산업","50625","1595","3.25","51148.12","53390","53390","50625","13819","724363060","27843750000","0","550000","FnGuide 5G 산업 지수","8684.66","271.98","3.23"
"407300","HANARO Fn골프테마","13120","230","1.78","13207.85","13185","13530","13085","1515","20294875","5248000000","0","400000","FnGuide 골프 테마 지수","1394.76","40.83","3.02"
"381560","HANARO Fn전기&수소차","21020","385","1.87","20865.47","21985","22470","20700","35937","788346750","65162000000","0","3100000","FnGuide 전기&수소차 지수 (시장가격)","4751.92","47.17","1.00"
"441540","HANARO Fn조선해운","31865","1830","6.09","31440.75","31280","31950","30830","38681","1216209844","89222000000","0","2800000","FnGuide 조선해운지수","5152.14","222.15","4.51"
"381570","HANARO Fn친환경에너지","12220","625","5.39","12158.41","12065","12445","12050","24487","299054251","10998000000","0","900000","FnGuide 친환경에너지 지수 (시장가격)","2352.51","95.90","4.25"
"479850","HANARO K-뷰티","15385","-265","-1.69","15327.72","15800","15825","15235","30779","477699063","24616000000","0","1600000","FnGuide K-뷰티 지수","600.84","-9.29","-1.52"
"453060","HANARO KOFR금리액티브(합성)","110755","5","0.00","110748.88","110755","110765","110755","142","15727230","12183050000","0","110000","KOFR 지수","1190.16","0.09","0.01"
"304760","HANARO KRX300","56190","1840","3.39","56606.40","57835","58700","56190","187","10864955","22476000000","0","400000","KRX 300","5633.80","257.84","4.80"
"322410","HANARO K고배당","23625","530","2.29","23906.14","23540","24320","23330","28176","671752837","47250000000","0","2000000","FnGuide 고배당 알파 지수","3519.52","103.31","3.02"
"0155N0","HANARO K휴머노이드테마TOP10","10400","530","5.37","10344.45","10320","10875","10230","266640","2827582760","40040000000","0","3850000","iSelect K휴머노이드테마TOP10 지수","9745.94","520.30","5.64"
"332940","HANARO MSCI Korea TR","57310","2155","3.91","57661.10","59130","60020","57310","1340","79482907","137544000000","0","2400000","MSCI Korea TR Index","5836.60","278.79","5.02"
"322400","HANARO e커머스","11725","505","4.50","11682.17","11425","12055","11415","10691","125637645","42210000000","0","3600000","FnGuide E커머스 지수","2001.92","65.37","3.38"
"473640","HANARO 글로벌금채굴기업","30710","980","3.30","30613.45","30825","31855","30630","41305","1284313573","66026500000","0","2150000","NYSE Arca Gold Miners Index (Price Return)","2210.21","0.00","0.00"
"354350","HANARO 글로벌럭셔리S&P(합성)","21735","335","1.57","22062.66","21555","21810","21555","2476","53947385","11302200000","0","520000","S&P Global Luxury Index","4430.23","0.00","0.00"
"461340","HANARO 글로벌생성형AI액티브","47490","1290","2.79","47521.73","47550","48010","47300","6686","319158430","54613500000","0","1150000","Solactive United States Technology 100 Index(Price Return)","17792.87","0.00","0.00"
"424460","HANARO 글로벌워터MSCI(합성)","15685","0","0.00","15921.07","15835","15855","15685","937","14750235","3137000000","0","200000","MSCI ACWI IMI Water ESG Filtered (Price Return)","2349.31","0.00","0.00"
"401590","HANARO 글로벌탄소배출권선물ICE(합성)","11665","-60","-0.51","11676.21","11665","11665","11570","378","4384090","5949150000","0","510000","ICE Global Carbon Futures Index(Excess Return)","639.45","0.00","0.00"
"0040S0","HANARO 글로벌피지컬AI액티브","28700","965","3.48","28781.45","28600","29220","28597","39577","1144651643","81795000000","0","2850000","Solactive Physical AI Index","16010.29","0.00","0.00"
"314700","HANARO 농업융복합산업","12075","350","2.99","12118.86","12135","12265","12065","4475","54337855","4226250000","0","350000","FnGuide 농업융복합산업 지수(시장가격)","1502.39","32.44","2.21"
"486830","HANARO 머니마켓액티브","52890","0","0.00","52895.57","52890","52900","52885","2500","132226740","67593420000","0","1278000","KIS-NH Amundi MMF지수","119.12","0.00","0.00"
"0181B0","HANARO 미국AI메모리반도체TOP4+","12035","795","7.07","12088.28","12225","12360","12025","772024","9410287975","95076500000","0","7900000","Solactive US AI Memory Semiconductor Top4+ Index","15552.02","0.00","0.00"
"432840","HANARO 미국S&P500","20950","230","1.11","20956.51","20890","21010","20875","4005","83944870","16760000000","0","800000","S&P 500","7394.30","0.00","0.00"
"498050","HANARO 바이오코리아액티브","11990","-295","-2.40","11966.70","12505","12505","11905","17352","212943254","12589500000","0","1050000","iSelect K-바이오헬스케어","1153.53","-8.63","-0.74"
"476260","HANARO 반도체핵심공정주도주","17535","1255","7.71","17786.35","17820","18655","16380","1411774","24293950616","40330500000","0","2300000","FnGuide 반도체 핵심공정 지수","2440.09","211.54","9.49"
"434730","HANARO 원자력iSelect","70570","3665","5.48","72173.37","71395","71960","69100","412241","29128085717","868011000000","0","12300000","iSelect 원자력지수 (시장가격)","6747.83","479.23","7.64"
"0082F0","HANARO 유럽방산","10755","55","0.51","10815.87","10760","10820","10755","457","4925485","8066250000","0","750000","Stoxx 유럽 방산 지수","511.71","0.00","0.00"
"491820","HANARO 전력설비투자","51565","50","0.10","51848.92","55185","55185","51415","308224","16402282795","183055750000","0","3550000","iSelect 전력설비투자 지수","13557.64","146.40","1.09"
"461500","HANARO 종합채권(AA-이상)액티브","105320","430","0.41","105242.78","105200","105320","105150","22","2313845","69827160000","0","663000","KAP 종합채권 총수익지수(AA-이상)","114.08","0.00","0.00"
"0191W0","HANARO 중기종합채권(A-이상)액티브","100160","130","0.13","100147.03","100160","100160","100160","30","3004800","111678400000","0","1115000","KIS 중기종합채권시장 A-이상 총수익지수","112.26","0.00","0.00"
"0111J0","HANARO 증권고배당TOP3플러스","16585","685","4.31","16513.68","16650","16930","16350","138880","2309752536","75461750000","0","4550000","FnGuide 증권 고배당 TOP3 플러스 지수","6170.13","252.68","4.27"
"495750","HANARO 코리아밸류업","37540","1195","3.29","37948.07","38455","39290","37540","2411","92548630","88219000000","0","2350000","코리아 밸류업 지수","3855.34","175.20","4.76"
"304770","HANARO 코스닥150","17965","380","2.16","18257.07","18490","18570","17850","22005","400209700","25510300000","0","1420000","코스닥 150","1835.35","64.09","3.62"
"306530","HANARO 코스닥150선물레버리지","12980","380","3.02","13220.06","13520","13835","12920","42773","574798315","4932400000","0","380000","F-코스닥150 지수","2099.63","45.92","2.24"
"375760","HANARO 탄소효율그린뉴딜","28530","920","3.33","28785.61","29230","29785","28530","764","22382680","25677000000","0","900000","KRX/S&P 탄소효율 그린뉴딜지수","4871.57","227.68","4.90"
"491700","HK 200","130070","6580","5.33","130664.57","133590","136025","130070","432","57307230","78042000000","0","600000","코스피 200","1291.32","59.78","4.85"
"0000Y0","HK 26-12 회사채(AA-이상)액티브","101185","-25","-0.02","101200.75","101155","101185","101155","17","1720115","122433850000","0","1210000","KAP 26-12 크레딧 채권 총수익지수(AA-이상)","109.47","0.00","0.00"
"215620","HK S&P코리아로우볼","16555","545","3.40","16350.27","16285","16555","16205","1438","23310350","8939700000","0","540000","S&P Korea 저변동성 지수","12141.11","0.00","0.00"
"0113P0","HK 머니마켓액티브","101715","5","0.00","101717.27","101710","101715","101710","20","2034250","52688370000","0","518000","KAP 머니마켓 지수(총수익)","116.40","0.00","0.00"
"391670","HK 베스트일레븐액티브","34560","1655","5.03","34962.12","36175","36540","34560","495","17769695","25920000000","0","750000","코스피 200","1290.12","58.58","4.76"
"472920","HK 종합채권(AA-이상)액티브","98100","0","0.00","98359.59","98100","98100","98100","50","4905000","290866500000","0","2965000","KAP 종합채권 AA- 이상 지수(총수익)","113.87","0.00","0.00"
"472840","IBK 200","129075","5875","4.77","129145.59","133450","134385","129075","3250","427150470","48403125000","0","375000","코스피 200","1291.32","59.78","4.85"
"0005G0","IBK K-AI반도체코어테크","66000","1865","2.91","65648.89","70000","70455","65200","136570","9385496154","257400000000","0","3900000","FnGuide K-AI반도체 코어테크 지수","13809.58","194.31","1.43"
"0178H0","IBK 미국AI TOP10국채혼합50","10080","-100","-0.98","10072.23","10185","10195","10080","13506","136840350","46872000000","0","4650000","FnGuide 미국AI TOP10국채혼합 지수","2264.00","-3.57","-0.16"
"0135Y0","IBK 중기종합채권(AA-이상)액티브","99800","165","0.17","99795.49","99850","99850","99795","425","42421470","107484600000","0","1077000","KIS 중기종합채권 (1~5Y, AA-이상, 총수익)","111.81","0.00","0.00"
"0191S0","IBK 코스닥150","18750","1250","7.14","18379.29","17780","18750","17780","323","5922574","13875000000","0","740000","코스닥 150","1835.35","64.09","3.62"
"483570","KCGI 미국S&P500 TOP10","16475","-45","-0.27","16517.78","16550","16630","16475","19828","327316670","26360000000","0","1600000","S&P500 Top10 25% Capped Index(PR)","8661.04","0.00","0.00"
"069660","KIWOOM 200","128910","5780","4.69","129748.09","132275","135255","128910","574147","76666774204","850806000000","0","6600000","코스피 200","1291.32","59.78","4.85"
"294400","KIWOOM 200TR","169215","7830","4.85","170064.11","174340","177235","169215","242842","42412583192","2242098750000","0","13250000","코스피 200 TR","1710.59","79.10","4.85"
"253250","KIWOOM 200선물레버리지","164330","13725","9.11","165457.27","171905","179360","164330","2948","507467329","85451600000","0","520000","코스피 200 선물지수","6340.41","317.22","5.27"
"253240","KIWOOM 200선물인버스","1282","-58","-4.33","1267.59","1222","1282","1201","133156","165405791","1564040000","0","1220000","코스피 200 선물지수","6340.41","317.22","5.27"
"253230","KIWOOM 200선물인버스2X","84","-7","-7.69","83.52","80","96","76","6390926","514203518","2461200000","0","29300000","코스피 200 선물지수","6340.41","317.22","5.27"
"464240","KIWOOM 26-09회사채(AA-이상)액티브","52080","0","0.00","52090.83","52110","52110","52080","927","48292080","171864000000","0","3300000","KIS 2609 만기형 크레딧 종합채권 지수(AA-이상)(총수익지수)","117.53","0.00","0.00"
"458210","KIWOOM CD금리액티브(합성)","109915","10","0.01","109875.64","109905","109915","109905","506","55613785","177292895000","0","1613000","FnGuide CD91일 금리투자 지수(총수익)","1464.41","0.00","0.00"
"488200","KIWOOM K-2차전지북미공급망","15000","870","6.16","15095.40","14960","15475","14825","10200","154484855","32250000000","0","2150000","Solactive K-Battery North America Supply Chain 지수","3750.93","210.74","5.95"
"488210","KIWOOM K-반도체북미공급망","29670","2530","9.32","29552.15","29135","30885","28815","9434","282528509","5934000000","0","200000","Solactive K-Semiconductor North America Supply Chain 지수","5878.49","494.34","9.18"
"100910","KIWOOM KRX100","20490","1005","5.16","20497.98","20870","21390","20350","8335","175803894","49176000000","0","2400000","KRX 100","20442.06","950.30","4.88"
"0194R0","KIWOOM SK하이닉스선물단일종목레버리지","19750","735","3.87","19511.76","22480","22605","19750","275929","5988047249","20243750000","0","1025000","KRX SK하이닉스 선물 지수","12114.67","191.14","1.60"
"435530","KIWOOM TDF2030액티브 적격","16785","140","0.84","16756.92","16730","16850","16730","3614","60714735","8392500000","0","500000","Dow Jones Target 2030 Index (Total Return)","586.54","0.00","0.00"
"435540","KIWOOM TDF2040액티브 적격","18875","210","1.13","18857.90","18760","18965","18760","3522","66674610","9437500000","0","500000","Dow Jones Target 2040 Index (Total Return)","787.16","0.00","0.00"
"435550","KIWOOM TDF2050액티브 적격","19410","290","1.52","19386.77","19390","19500","19390","6993","136040921","11646000000","0","600000","Dow Jones Target 2050 Index (Total Return)","939.67","0.00","0.00"
"148070","KIWOOM 국고채10년","104705","765","0.74","104671.74","104455","104715","104000","11330","1184941695","394423735000","0","3767000","KIS 10년 국고채 지수 (총수익)","15660.89","135.33","0.87"
"167860","KIWOOM 국고채10년레버리지","92840","1375","1.50","92852.09","92565","92840","92565","128","11866640","26923600000","0","290000","KIS 10년 국고채 지수 (총수익)","15660.89","135.33","0.87"
"471460","KIWOOM 국고채30년액티브","47895","685","1.45","47931.22","47600","47935","47350","31802","1523225453","23947500000","0","500000","KIS-키움 국고채30년 지수(총수익지수)","7929.40","134.46","1.72"
"114470","KIWOOM 국고채3년","107255","180","0.17","107271.32","107310","107325","107210","2675","286817815","53627500000","0","500000","KTB INDEX(시장가격)","10114.48","24.35","0.24"
"473490","KIWOOM 글로벌AI반도체","34365","925","2.77","34349.19","34225","34810","34225","20117","696899115","42956250000","0","1250000","Solactive Global AI Semiconductor Index (Price Return)","19664.58","844.92","4.49"
"489860","KIWOOM 글로벌전력GRID인프라","17005","240","1.43","17083.53","16795","17160","16795","5741","98137064","13604000000","0","800000","NASDAQ OMX Clean Edge Smart Grid Infrastructure Index","1524.00","0.00","0.00"
"130730","KIWOOM 단기자금","102375","15","0.01","102388.53","102355","102405","102355","9023","923781055","164926125000","0","1611000","MK 머니마켓 지수(총수익)","14646.83","3.55","0.02"
"419890","KIWOOM 단기채권ESG액티브","106735","20","0.02","106745.35","106725","106745","106725","3055","326060820","65108350000","0","610000","KIS ESG 9M~1.5Y","127.20","0.00","0.00"
"411860","KIWOOM 독일DAX","18050","175","0.98","17828.24","18125","18125","18030","2427","43830250","5415000000","0","300000","DAX Index(PR)","8843.08","0.00","0.00"
"476450","KIWOOM 머니마켓액티브","52395","0","0.00","52398.28","52390","52402","52390","6203","325015429","229175730000","0","4374000","KIS-키움 MMF지수(총수익지수)","118.84","0.00","0.00"
"430500","KIWOOM 물가채KIS","113755","840","0.74","113752.33","113650","113755","113575","222","25221475","11375500000","0","100000","KIS TIPS 지수(총수익)","14315.97","88.78","0.62"
"0190M0","KIWOOM 미국AI테크하이베타","11430","665","6.18","11336.62","11440","11662","11340","117049","1345337266","30861000000","0","2700000","Akros 미국AI&프론티어테크 하이베타 지수","8658.58","0.00","0.00"
"449770","KIWOOM 미국S&P500","22330","175","0.79","22353.55","22360","22410","22155","153125","3421399939","102718000000","0","4600000","S&P 500","7394.30","0.00","0.00"
"0127V0","KIWOOM 미국S&P500 TOP10&배당다우비중전환","11235","35","0.31","11229.09","11200","11285","11200","11703","131419505","14605500000","0","1300000","S&P500 TOP10 생애배당다우존스 2040 지수","764.91","0.00","0.00"
"0137W0","KIWOOM 미국S&P500&GOLD","10975","80","0.73","11011.27","10950","11050","10950","11009","120846197","30730000000","0","2800000","S&P500 & S&P GSCI 금현물 90/10 혼합지수","5919.61","0.00","0.00"
"0127T0","KIWOOM 미국S&P500&배당다우존스비중전환","11715","60","0.51","11705.94","11690","11755","11685","11095","130162629","14058000000","0","1200000","S&P500 생애배당다우존스 2040 지수","582.84","0.00","0.00"
"449780","KIWOOM 미국S&P500(H)","18090","200","1.12","18112.49","18350","19675","17890","5947","109699495","32562000000","0","1800000","S&P 500","7394.30","0.00","0.00"
"0137V0","KIWOOM 미국S&P500모멘텀","12890","405","3.24","12822.89","12900","12975","12865","90163","1166746086","66383500000","0","5150000","S&P500 모멘텀 지수","3744.86","0.00","0.00"
"0107F0","KIWOOM 미국고배당&AI테크","12235","65","0.53","12305.47","12310","12345","12195","7233","88890667","31199250000","0","2550000","Akros 미국AI테크TOP10&미국고배당3070 지수","3597.39","0.00","0.00"
"453080","KIWOOM 미국나스닥100(H)","23010","535","2.38","23040.25","23130","23185","22990","159141","3668641180","80535000000","0","3500000","NASDAQ 100","29446.18","0.00","0.00"
"460270","KIWOOM 미국달러SOFR금리액티브(합성)","13680","-90","-0.65","13682.63","13680","13710","13660","600","8197070","11080800000","0","810000","Solactive SOFR Daily Total Return Index","1246.71","0.00","0.00"
"138230","KIWOOM 미국달러선물","17670","-55","-0.31","17695.60","17625","17710","17620","1287","22728137","28272000000","0","1600000","미국달러선물지수","1702.09","-11.20","-0.65"
"225800","KIWOOM 미국달러선물레버리지","18100","-165","-0.90","18142.22","18215","18215","18040","43","778520","11041000000","0","610000","미국달러선물지수","1702.09","-11.20","-0.65"
"139660","KIWOOM 미국달러선물인버스","7595","-15","-0.20","7629.44","7565","7620","7550","224","1697317","6835500000","0","900000","미국달러선물지수","1702.09","-11.20","-0.65"
"230480","KIWOOM 미국달러선물인버스2X","3840","35","0.92","3848.76","3850","3855","3840","61224","235700310","9600000000","0","2500000","미국달러선물지수","1702.09","-11.20","-0.65"
"0084E0","KIWOOM 미국대형주500월간목표헤지액티브","11235","-45","-0.40","11213.90","11280","11280","11195","23","258745","15167250000","0","1350000","Akros 미국대형주500 월간방어적배분 지수(TR)","3720.03","0.00","0.00"
"373790","KIWOOM 미국방어배당성장나스닥","16620","-75","-0.45","16647.08","16705","16730","16560","635","10557142","4653600000","0","280000","Nasdaq US Low Volatility Dividend Achievers Index","1294.49","0.00","0.00"
"483030","KIWOOM 미국블록버스터바이오테크의약품+","11910","150","1.28","12020.66","12375","12375","11900","1436","17227230","5359500000","0","450000","Solactive Blockbuster Biotech Drugs Index(PR)","2428.07","0.00","0.00"
"459790","KIWOOM 미국성장기업30액티브","23370","780","3.45","23395.06","22595","23530","22590","3652","85507567","32718000000","0","1400000","MSCI USA Index(Price Return)","7046.08","0.00","0.00"
"0174R0","KIWOOM 미국성장다우존스","11775","35","0.30","11801.82","11765","11870","11765","17940","211878887","10597500000","0","900000","미국성장다우존스 지수","27124.21","0.00","0.00"
"498270","KIWOOM 미국양자컴퓨팅","17705","505","2.94","17677.81","17745","18030","17675","181803","3250773364","267345500000","0","15100000","Solactive U.S. Quantum Computing Index(PR)","9780.90","0.00","0.00"
"474800","KIWOOM 미국원유에너지기업","15780","-440","-2.71","15829.01","15665","15870","15665","95241","1502720523","38661000000","0","2450000","MSCI US IMI Energy 25/50 Index(Price Return)","2169.61","0.00","0.00"
"0084D0","KIWOOM 미국테크100월간목표헤지액티브","12685","-45","-0.35","12718.92","12745","12760","12680","1640","20841160","10148000000","0","800000","Akros 미국테크100 월간방어적배분 지수(TR)","6777.07","0.00","0.00"
"104520","KIWOOM 블루칩","16010","595","3.86","16044.81","16120","16455","15985","234","3819765","17611000000","0","1100000","MKF 블루칩","16013.88","523.51","3.38"
"0183V0","KIWOOM 삼성전자&SK하이닉스채권혼합50","12985","210","1.64","12962.45","13240","13345","12930","1927037","25451406461","172700500000","0","13300000","FnGuide 삼성전자 & SK하이닉스 채권혼합 지수","3478.55","87.42","2.58"
"0194N0","KIWOOM 삼성전자선물단일종목레버리지","21560","3135","17.01","21459.68","22055","23645","21365","259369","5911516702","16709000000","0","775000","KRX 삼성전자 선물 지수","5786.10","428.60","8.00"
"0015E0","KIWOOM 엔비디아미국30년국채혼합액티브(H)","10660","20","0.19","10765.41","10640","10720","10500","3278","34961480","5330000000","0","500000","Bloomberg Blended NVIDIA and US Long Treasury Bond Index","7573.69","0.00","0.00"
"483020","KIWOOM 의료AI","9850","-170","-1.70","9855.84","10020","10160","9805","20428","204414829","4925000000","0","500000","FnGuide 의료AI 지수","2127.54","-31.12","-1.44"
"200250","KIWOOM 인도Nifty50(합성)","22880","-85","-0.37","23031.16","22825","22990","22715","56853","1300837754","180752000000","0","7900000","Nifty 50 Index","23161.60","0.00","0.00"
"454780","KIWOOM 종합채권(AA-이상)액티브","99925","420","0.42","99913.33","99765","99925","99765","17","1696325","369522650000","0","3698000","KIS 종합 채권시장지수(AA-이상)(총수익지수)","114.17","0.00","0.00"
"454180","KIWOOM 차이나내수소비TOP CSI","8325","110","1.34","8348.78","8215","8340","8200","829","6844305","3330000000","0","400000","CSI SH-HK-SZ Consumer Top Index","1715.88","0.00","0.00"
"104530","KIWOOM 코리아고배당","18735","600","3.31","18861.13","18695","19140","18605","18428","348955807","40280250000","0","2150000","MKF 웰스 고배당20","18673.19","560.83","3.10"
"496090","KIWOOM 코리아밸류업","38090","1595","4.37","38005.60","38165","39325","37840","5137","198850875","123792500000","0","3250000","코리아 밸류업 지수","3855.34","175.20","4.76"
"469790","KIWOOM 코리아테크TOP10","52720","1770","3.47","53054.17","54785","55520","52645","43357","2380597941","47448000000","0","900000","Solactive K-TechTOP10 Index(PR)","10629.06","461.39","4.54"
"316670","KIWOOM 코스닥150","9150","380","4.33","9089.99","8870","9265","8860","223383","2017805572","45750000000","0","5000000","코스닥 150","1835.35","64.09","3.62"
"291630","KIWOOM 코스닥150선물레버리지","6545","280","4.47","6641.05","6680","6930","6450","84782","569401777","6741350000","0","1030000","F-코스닥150 지수","2099.63","45.92","2.24"
"291620","KIWOOM 코스닥150선물인버스","3785","-45","-1.17","3758.16","3705","3785","3615","23238","85805635","2346700000","0","620000","F-코스닥150 지수","2099.63","45.92","2.24"
"153270","KIWOOM 코스피100","100300","4370","4.56","100386.62","103000","104400","100000","12792","1320712345","42126000000","0","420000","코스피 100","10075.86","454.93","4.73"
"122260","KIWOOM 통안채1년","103510","20","0.02","103490.07","103510","103510","103510","71","7349210","41404000000","0","400000","MK 통안채지수(총수익)","15208.46","3.91","0.03"
"0015F0","KIWOOM 팔란티어미국30년국채혼합액티브(H)","10095","140","1.41","10130.76","10150","10150","10065","5647","56941015","15142500000","0","1500000","Bloomberg Blended PALANTIR and US Long Treasury Bond Index","1725.59","0.00","0.00"
"0097L0","KIWOOM 한국고배당&미국AI테크","13825","445","3.33","13830.34","13020","13940","13020","20704","284915402","29723750000","0","2150000","Akros 미국AI테크TOP10&한국고배당3070 지수","5607.34","177.07","3.26"
"069500","KODEX 200","129270","5420","4.38","129894.04","131505","135360","129260","23624569","3143318361841","28213177500000","0","218250000","코스피 200","1291.32","59.78","4.85"
"226980","KODEX 200 중소형","25900","785","3.13","26022.73","26325","26450","25665","5176","135159420","23310000000","0","900000","코스피 200 중소형주지수","2589.89","83.78","3.34"
"337160","KODEX 200ESG","56435","2750","5.12","56104.92","56495","58680","55775","162166","9333342478","214453000000","0","3800000","코스피 200 ESG 지수","1664.39","71.25","4.47"
"363580","KODEX 200IT TR","68385","2615","3.98","68139.81","70925","71640","67740","303225","21355913432","266701500000","0","3900000","코스피200 정보기술 TR","20693.93","797.43","4.01"
"278530","KODEX 200TR","46715","2030","4.54","46934.84","47875","48870","46665","2511328","121100411591","8885193000000","0","190200000","코스피 200 TR","1710.59","79.10","4.85"
"337150","KODEX 200exTOP","28895","1130","4.07","29065.42","29150","29735","28895","1197","35176590","20226500000","0","700000","코스피 200 초대형제외 지수","627.37","24.39","4.04"
"223190","KODEX 200가치저변동","31575","1425","4.73","31650.85","31810","32530","31475","2106","67159470","31575000000","0","1000000","코스피 200 가치저변동성","15527.39","731.14","4.94"
"252650","KODEX 200동일가중","20205","595","3.03","20346.25","20295","20680","20095","3414","69604855","20205000000","0","1000000","코스피 200 동일가중지수","4076.09","126.35","3.20"
"360140","KODEX 200롱코스닥150숏선물","21795","415","1.94","21658.92","21845","22545","21795","66656","1475945901","52308000000","0","2400000","코스피200 롱 100% 코스닥150 숏 100% 선물지수","1889.91","55.68","3.04"
"284430","KODEX 200미국채혼합","23900","570","2.44","23781.39","24085","24330","23855","1683430","40694865052","2281016000000","0","95440000","코스피 200 미국채 혼합지수","5537.70","111.83","2.06"
"252670","KODEX 200선물인버스2X","84","-9","-9.68","83.12","79","84","74","10553205216","828965383770","960926400000","0","11439600000","코스피 200 선물지수","6340.41","317.22","5.27"
"494890","KODEX 200액티브","37325","1570","4.39","37543.36","38325","39120","37290","705594","27171761447","1280247500000","0","34300000","코스피 200","1291.32","59.78","4.85"
"498400","KODEX 200타겟위클리커버드콜","25050","850","3.51","25110.36","25575","26040","24930","11326989","291624660534","6738450000000","0","269000000","코스피 200 타겟 15% 위클리 커버드콜 지수","3827.21","168.48","4.60"
"0117L0","KODEX 26-12 금융채(AA-이상)액티브","10095","5","0.05","10092.02","10095","10095","10090","17785","179505266","1180610250000","0","116950000","KAP 26-12 금융채 총수익 지수(AA-이상)","110.05","0.00","0.00"
"473290","KODEX 26-12 회사채(AA-이상)액티브","10810","0","0.00","10810.72","10805","10815","10805","12034","130134939","482234100000","0","44610000","KAP 26-12 회사채 총수익 지수(AA-이상)","120.94","0.00","0.00"
"0007F0","KODEX 27-12 회사채(AA-이상)액티브","10100","10","0.10","10098.89","10095","10105","10095","7534","76084650","544693000000","0","53930000","KAP 27-12 회사채 총수익 지수(AA-이상)","109.10","0.00","0.00"
"0119H0","KODEX 28-12 회사채(AA-이상)액티브","9850","15","0.15","9829.38","9835","9850","9835","14862","146314500","178679000000","0","18140000","KAP 28-12 회사채 총수익 지수(AA- 이상)","102.23","0.00","0.00"
"305720","KODEX 2차전지산업","17200","825","5.04","17299.78","17030","17865","16880","6485069","112779279386","1945320000000","0","113100000","FnGuide 2차전지 산업 지수","3023.06","162.10","5.67"
"462330","KODEX 2차전지산업레버리지","1616","133","8.97","1641.55","1590","1740","1562","66949206","110998624876","750308800000","0","464300000","FnGuide 2차전지 산업 지수","3027.75","166.79","5.83"
"461950","KODEX 2차전지핵심소재10","6165","290","4.94","6206.13","6160","6400","6070","1304570","8153430884","206835750000","0","33550000","FnGuide 2차전지핵심소재10 지수","5497.12","301.24","5.80"
"457690","KODEX 33-06 국고채액티브","10475","75","0.72","10464.33","10455","10475","10440","16192","169388670","21997500000","0","2100000","KAP 33-06 국고채 총수익 지수","110.10","0.00","0.00"
"271060","KODEX 3대농산물선물(H)","7695","-45","-0.58","7699.65","7660","7710","7625","123158","944569707","30472200000","0","3960000","S&P GSCI Grains Select Index ER","15.91","0.06","0.37"
"457700","KODEX 53-09 국고채액티브","9525","115","1.22","9520.10","9470","9525","9410","5984","56603145","12573000000","0","1320000","KAP 53-09 국고채 총수익 지수","93.36","0.00","0.00"
"395160","KODEX AI반도체TOP2플러스","49420","1040","2.15","49807.03","52320","52900","49415","6336817","329187811626","3731210000000","0","75500000","FnGuide AI반도체 TOP2+ 지수","11387.27","265.26","2.39"
"471990","KODEX AI반도체핵심장비","33710","3860","12.93","33941.29","31875","33930","30960","2866553","92219441149","537674500000","0","15950000","iSelect AI 반도체핵심장비 지수","9528.80","1190.43","14.28"
"487240","KODEX AI전력핵심설비","43400","455","1.06","43375.98","45445","46100","43030","5119979","228324721103","3576160000000","0","82400000","iSelect AI 전력핵심설비 지수(Price Return)","26171.95","275.30","1.06"
"481050","KODEX CD1년금리플러스액티브(합성)","1022770","80","0.01","1022719.49","1022765","1022770","1022765","11089","11341472800","2914894500000","0","2850000","KAP 1년은행 CD+추가금리 지수(총수익지수)","1236.06","0.33","0.03"
"459580","KODEX CD금리액티브(합성)","1074750","85","0.01","1074778.64","1074745","1074750","1074745","441069","474037812039","7195236300000","0","6694800","KAP 양도성예금증서(CD)금리지수(총수익지수)","124.38","0.04","0.03"
"439860","KODEX ESG종합채권(A-이상)액티브","112960","205","0.18","112842.42","112985","112985","112915","84","9487780","365312640000","0","3234000","KAP ESG 종합채권지수(A- 이상, 총수익)","129.90","0.00","0.00"
"266370","KODEX IT","85080","3080","3.76","85000.44","88715","89420","84475","95588","8426801411","127620000000","0","1500000","KRX 정보기술","7346.74","252.91","3.57"
"368680","KODEX K-뉴딜디지털플러스","8465","430","5.35","8528.73","8440","8725","8415","45558","394490355","7618500000","0","900000","FnGuide K-뉴딜 디지털 플러스 지수","2029.59","88.77","4.57"
"423160","KODEX KOFR금리액티브(합성)","110760","20","0.02","110752.04","110755","110760","110755","104155","11535826394","4136221440000","0","37344000","KOFR 지수","1190.16","0.09","0.01"
"292190","KODEX KRX300","57755","3175","5.82","57593.59","59065","59805","57370","31249","1811870912","98183500000","0","1700000","KRX 300","5633.80","257.84","4.80"
"306950","KODEX KRX300레버리지","129880","9900","8.25","132555.56","130000","140755","127240","11217","1495481482","116892000000","0","900000","KRX 300","5633.80","257.84","4.80"
"229720","KODEX KTOP30","44215","2470","5.92","44008.14","45030","46000","43655","9559","432758811","26529000000","0","600000","KTOP 30","22246.99","1006.72","4.74"
"266360","KODEX K콘텐츠","11410","580","5.36","11362.94","11110","11720","11025","99692","1136990412","37653000000","0","3300000","KRX K콘텐츠","1756.14","74.06","4.40"
"291890","KODEX MSCI EM선물(H)","12420","385","3.20","12346.18","12360","12575","12360","647","8070930","6210000000","0","500000","iEdge Emerging Markets Futures Index(ER)","1729.81","-16.96","-0.97"
"289040","KODEX MSCI KOREA ESG유니버설","38640","1925","5.24","38684.77","39730","40155","38640","257","10255945","23184000000","0","600000","MSCI Korea ESG Universal Capped Index","5391.08","222.73","4.31"
"156080","KODEX MSCI Korea","61890","3430","5.87","61726.03","62745","64260","61435","9519","604713007","37134000000","0","600000","MSCI Korea Index","3140.98","270.41","9.42"
"278540","KODEX MSCI Korea TR","46315","2645","6.06","46064.85","47185","48010","45785","73083","3461404745","3149420000000","0","68000000","MSCI Korea TR Index","5836.60","278.79","5.02"
"251350","KODEX MSCI선진국","41410","275","0.67","41424.64","41970","41975","41335","51986","2154241979","530048000000","0","12800000","MSCI World","4757.44","11.81","0.25"
"269420","KODEX S&P글로벌인프라(합성)","24470","-210","-0.85","24527.88","24585","24590","24455","4715","115695502","28458610000","0","1163000","S&P Global Infrastructure Index","3760.97","0.00","0.00"
"0193T0","KODEX SK하이닉스단일종목레버리지","23920","935","4.07","23723.70","27040","27285","23920","94570674","2487395498440","2981030000000","0","124625000","KRX SK하이닉스 지수","12558.41","286.21","2.33"
"433970","KODEX TDF2030액티브 적격","14550","155","1.08","14509.41","14605","14605","14515","39516","574818209","89482500000","0","6150000","Samsung Korea Target Date 2030 Index (Price Return)","1862.50","0.00","0.00"
"433980","KODEX TDF2040액티브 적격","16770","220","1.33","16702.45","16600","16805","16600","74131","1243188128","169377000000","0","10100000","Samsung Korea Target Date 2040 Index (Price Return)","2221.59","0.00","0.00"
"434060","KODEX TDF2050액티브 적격","18335","280","1.55","18221.42","18260","18495","18260","173939","3195524707","633474250000","0","34550000","Samsung Korea Target Date 2050 Index (Price Return)","2636.10","0.00","0.00"
"0082V0","KODEX TDF2060액티브 적격","12280","265","2.21","12184.37","12120","12440","12120","210563","2586517178","176832000000","0","14400000","Samsung Korea Target Date 2060 Index","2762.58","0.00","0.00"
"329650","KODEX TRF3070","14375","-10","-0.07","14451.61","14395","14545","14355","99152","1428168326","240062500000","0","16700000","FnGuide TRF 3070 지수","1875.46","10.64","0.57"
"329660","KODEX TRF5050","18380","0","0.00","18437.38","18410","18460","18345","15057","277048153","90062000000","0","4900000","FnGuide TRF 5050 지수","2382.80","14.61","0.62"
"329670","KODEX TRF7030","22985","115","0.50","22960.27","23105","23280","22870","35458","815781595","89641500000","0","3900000","FnGuide TRF 7030 지수","2993.45","19.75","0.66"
"395170","KODEX Top10동일가중","19890","1280","6.88","19805.64","20060","20420","19695","33842","679815203","39780000000","0","2000000","FnGuide TOP10 동일가중 지수","3125.16","144.25","4.84"
"315930","KODEX Top5PlusTR","96455","4250","4.61","97051.68","99590","101555","96455","230227","23058097184","1871227000000","0","19400000","FnGuide TOP 5 Plus Total Return 지수","9942.58","442.44","4.66"
"261220","KODEX WTI원유선물(H)","23420","-1225","-4.97","23419.46","23470","23755","23365","321569","7553900467","53866000000","0","2300000","S&P GSCI Crude Oil Index ER","220.21","-4.43","-1.97"
"271050","KODEX WTI원유선물인버스(H)","2125","105","5.20","2123.27","2110","2125","2090","6896702","14538511398","280606250000","0","132050000","S&P GSCI Crude Oil Index ER","220.21","-4.43","-1.97"
"468370","KODEX iShares미국인플레이션국채액티브","12075","-40","-0.33","12072.91","10500","12090","10500","36010","434582025","20769000000","0","1720000","ICE U.S. Treasury Inflation Linked Bond Index(Total Return)","129.20","0.00","0.00"
"468630","KODEX iShares미국투자등급회사채액티브","12270","15","0.12","12269.32","12255","12290","12120","47880","587516732","36932700000","0","3010000","iBoxx USD Liquid Investment Grade Index(Total Return)","345.95","0.00","0.00"
"468380","KODEX iShares미국하이일드액티브","12130","-5","-0.04","12123.44","12100","12140","12100","82901","1004582430","108806100000","0","8970000","ICE BofAML US HY Constrained Index(Total Return)","626.64","0.00","0.00"
"275290","KODEX 가치주","39145","2040","5.50","38976.91","39785","40380","38820","5503","219793357","35230500000","0","900000","MSCI Korea IMI Enhanced Value Capped","22737.62","1047.78","4.83"
"117700","KODEX 건설","7425","405","5.77","7768.37","7920","7925","7240","3821388","28482218355","219780000000","0","29600000","KRX 건설","1494.16","92.49","6.60"
"300950","KODEX 게임산업","6090","110","1.84","6072.61","6105","6185","5985","256991","1565213311","27405000000","0","4500000","FnGuide 게임 산업 지수","742.77","6.24","0.85"
"266390","KODEX 경기소비재","17175","145","0.85","17099.86","17640","17725","17030","66596","1165529762","15457500000","0","900000","KRX 경기소비재","1935.01","-15.48","-0.79"
"279530","KODEX 고배당주","18200","310","1.73","18375.91","18360","18630","18175","435048","7994353516","369460000000","0","20300000","FnGuide 고배당 Plus 지수","27837.04","510.12","1.87"
"132030","KODEX 골드선물(H)","23620","525","2.27","23618.07","23830","23875","23540","216699","5134071889","356662000000","0","15100000","S&P GSCI Gold Index(TR)","2003.98","0.00","0.00"
"280940","KODEX 골드선물인버스(H)","3630","-90","-2.42","3611.50","3540","3630","3535","19769","70434792","3085500000","0","850000","S&P GSCI GOLD Index Excess Return","249.64","5.42","2.22"
"138910","KODEX 구리선물(H)","9875","265","2.76","9866.39","9860","9930","9840","57552","568826884","39500000000","0","4000000","S&P GSCI North American Copper Index(TR)","879.21","0.00","0.00"
"471230","KODEX 국고채10년액티브","104050","810","0.78","103990.62","103815","104060","103705","15425","1602698258","558020150000","0","5363000","KAP 국고채 10년 지수(TR)","108.04","0.00","0.00"
"439870","KODEX 국고채30년액티브","91680","1575","1.75","91471.52","91000","91680","90325","40157","3662710641","404125440000","0","4408000","KAP 국고채 30년 총수익 지수","81.36","0.00","0.00"
"114260","KODEX 국고채3년","61400","140","0.23","61391.81","61375","61420","61325","28945","1776549543","566844800000","0","9232000","MKF 국고채지수(총수익)","203.12","0.49","0.24"
"152380","KODEX 국채선물10년","65005","505","0.78","65047.35","64810","65005","64765","2540","164740987","24571890000","0","378000","10년국채선물지수","1135.52","10.98","0.98"
"176950","KODEX 국채선물10년인버스","59800","-465","-0.77","59737.09","59925","59925","59800","1037","62043440","82524000000","0","1380000","10년국채선물지수","1135.52","10.98","0.98"
"292770","KODEX 국채선물3년인버스","57675","-85","-0.15","57593.98","57675","57675","57675","1","57675","36335250000","0","630000","국채선물지수","1204.96","3.35","0.28"
"276990","KODEX 글로벌로봇(합성)","28205","-60","-0.21","28334.77","28385","28390","28205","24956","707063541","49922850000","0","1770000","ROBO Global Robotics & Automation UCITS Price Return Index","1330.75","0.00","0.00"
"476070","KODEX 글로벌비만치료제TOP2 Plus","11430","175","1.55","11449.07","11405","11450","11345","19703","224553266","37719000000","0","3300000","iSelect 글로벌 비만치료제TOP2 Plus 지수(PR)","2960.29","-0.47","-0.02"
"0064K0","KODEX 금액티브","13290","230","1.76","13321.13","13375","13440","13270","190874","2544535556","192705000000","0","14500000","Bloomberg Gold Spot NY 4pm USD Index","3595.13","0.00","0.00"
"0089D0","KODEX 금융고배당TOP10","13340","565","4.42","13430.45","13210","13745","13090","591442","7984118470","237452000000","0","17800000","코스피 200 금융 고배당 TOP 10 지수","2764.87","108.86","4.10"
"498410","KODEX 금융고배당TOP10타겟위클리커버드콜","11925","280","2.40","12007.70","11745","12155","11655","1975867","23641241148","772740000000","0","64800000","코스피 200 금융 고배당 TOP 10 타겟 15%분배 위클리 커버드콜 지수","1089.32","28.70","2.71"
"0162M0","KODEX 금융채1~2년(AA-이상)PLUS액티브","9980","10","0.10","9966.83","9985","9985","9960","473","4711490","179141000000","0","17950000","KAP 금융채 1-2년 총수익 지수","118.21","0.00","0.00"
"102960","KODEX 기계장비","16815","500","3.06","16955.52","17075","17270","16670","28668","488176010","22195800000","0","1320000","KRX 기계장비","1832.89","81.04","4.63"
"404260","KODEX 기후변화솔루션","28340","790","2.87","28623.61","29385","29705","28340","1243","36382812","25506000000","0","900000","KRX 기후변화 솔루션지수","5488.87","163.25","3.07"
"273140","KODEX 단기변동금리부채권액티브","114585","10","0.01","114595.14","114580","114595","114580","3834","439326660","274660245000","0","2397000","KAP 단기변동금리부은행채권지수","147.76","0.00","0.00"
"153130","KODEX 단기채권","113090","10","0.01","113118.09","113085","113105","113085","11420","1291487135","841163420000","0","7438000","KRW Cash 지수(총수익)","174.16","0.05","0.03"
"214980","KODEX 단기채권PLUS","114415","-5","0.00","114431.41","114425","114425","114400","24858","2844104176","2061186225000","0","18015000","KRW Cash PLUS 지수(총수익)","169.04","0.05","0.03"
"487950","KODEX 대만테크고배당다우존스","14760","40","0.27","14715.44","14745","15210","14710","106825","1594673210","20664000000","0","1400000","Dow Jones Taiwan Technology Dividend 30 Index(TWD)(PR)","3952.41","0.00","0.00"
"122630","KODEX 레버리지","182370","15640","9.38","183315.38","191000","198880","182370","16082323","3098102637898","9510595500000","0","52150000","코스피 200","1291.32","59.78","4.85"
"445290","KODEX 로봇액티브","39965","1475","3.83","39802.01","40200","41880","39515","2048371","84146737906","1518670000000","0","38000000","iSelect K-로봇테마 지수","4659.41","171.99","3.83"
"488770","KODEX 머니마켓액티브","104615","25","0.02","104618.43","104610","104615","104610","1030015","107752609747","7989866010000","0","76374000","KAP MMF 지수(TR)","120.72","0.00","0.00"
"321410","KODEX 멀티에셋하이인컴(H)","10680","120","1.14","10684.26","10825","10845","10680","113","1220500","5340000000","0","500000","Morningstar Multi-Asset High Income 10% Capped Index","1116.69","0.00","0.00"
"337120","KODEX 멀티팩터","41455","2305","5.89","41255.05","42025","42795","41455","4644","195144165","24873000000","0","600000","FnGuide 멀티팩터 지수","25913.95","1113.29","4.49"
"401470","KODEX 메타버스액티브","10590","85","0.81","10659.55","10915","11030","10590","22341","243447594","68305500000","0","6450000","FnGuide K-메타버스 지수","1310.97","5.26","0.40"
"244620","KODEX 모멘텀Plus","25955","1485","6.07","25915.35","26405","26540","25480","1444","37572175","18168500000","0","700000","FnGuide 모멘텀 Plus 지수","8483.91","405.47","5.02"
"275280","KODEX 모멘텀주","51270","2570","5.28","51081.71","52215","53135","50895","5881","308706576","41016000000","0","800000","MSCI Korea IMI Momentum Capped","16511.19","697.09","4.41"
"308620","KODEX 미국10년국채선물","12800","5","0.04","12805.24","12785","12815","12765","81447","1042405552","104960000000","0","8200000","S&P 10-Year U.S. Treasury Note Futures KRW(ER)","246.03","0.00","0.00"
"0091C0","KODEX 미국10년국채액티브(H)","9750","55","0.57","9752.64","9755","9755","9715","117350","1143862787","179692500000","0","18430000","KAP 미국 국채 10년 지수(총수익)","92.07","0.00","0.00"
"484790","KODEX 미국30년국채액티브(H)","8610","85","1.00","8630.98","8615","8615","8535","948429","8162545869","639120300000","0","74230000","KEDI-KAP 미국 국채 20+ 지수(TR)","71.83","0.00","0.00"
"304660","KODEX 미국30년국채울트라선물(H)","7505","75","1.01","7536.82","7515","7520","7450","177617","1333652712","159106000000","0","21200000","S&P Ultra T-Bond Futures Index(ER)","108.49","-0.06","-0.06"
"304670","KODEX 미국30년국채울트라선물인버스(H)","11890","-135","-1.12","11905.22","11880","11900","11880","5218","62007635","7134000000","0","600000","S&P Ultra T-Bond Futures Index(ER)","108.49","-0.06","-0.06"
"481060","KODEX 미국30년국채타겟커버드콜(합성 H)","7750","40","0.52","7801.12","7760","7775","7745","665224","5159020195","835837500000","0","107850000","Bloomberg U.S.Treasury 20+ Year(TLT)+ 12% Premium Covered Call index(TR)","934.38","0.00","0.00"
"0173Y0","KODEX 미국AI광통신네트워크","14365","320","2.28","14361.07","14480","14750","14295","2306202","33578306706","512830500000","0","35700000","Akros 미국 AI 광통신 및 네트워크 인프라 지수(PR)","17231.37","0.00","0.00"
"0151S0","KODEX 미국AI반도체TOP3플러스","17280","530","3.16","17392.44","17475","17650","17250","340386","5949872442","238464000000","0","13800000","Akros 미국 AI 반도체 Top 3 플러스 지수 (Price Return)","29548.65","0.00","0.00"
"0041D0","KODEX 미국AI소프트웨어TOP10","13085","-40","-0.30","13060.86","13100","13175","13020","111401","1462561171","57574000000","0","4400000","iSelect 미국 AI 소프트웨어 TOP10 지수(PR)","3120.05","0.00","0.00"
"487230","KODEX 미국AI전력핵심인프라","24510","1020","4.34","24484.86","24685","24690","24365","1121006","27490943968","1881142500000","0","76750000","iSelect 미국AI전력핵심인프라 지수(Price Return)","10028.70","0.00","0.00"
"485540","KODEX 미국AI테크TOP10","16095","75","0.47","16088.62","16140","16270","16080","396495","6409068097","329142750000","0","20450000","KEDI 미국AI테크 TOP10 지수(PR)","12697.22","0.00","0.00"
"483280","KODEX 미국AI테크TOP10타겟커버드콜","12785","40","0.31","12780.73","12820","12920","12775","464893","5966613360","517792500000","0","40500000","KEDI 미국 AI 테크 TOP10+15%프리미엄 지수(Total Return)","10107.07","0.00","0.00"
"428560","KODEX 미국ETF산업Top10 Indxx","16375","-275","-1.65","16361.13","16405","16425","16305","9400","154100639","13100000000","0","800000","Indxx US ETF Industry Top10 Index(Price Return)","3589.55","0.00","0.00"
"379800","KODEX 미국S&P500","25420","175","0.69","25449.67","25440","25510","25400","27939149","711502686972","9735860000000","0","383000000","S&P 500","7394.30","0.00","0.00"
"449180","KODEX 미국S&P500(H)","16565","205","1.25","16574.81","16590","16630","16555","554561","9197790914","916872750000","0","55350000","S&P 500","7394.30","0.00","0.00"
"453660","KODEX 미국S&P500경기소비재","18995","270","1.44","19065.99","19070","19080","18970","787","14956840","14246250000","0","750000","S&P Consumer Discretionary Select Sector Index(Price Return)","2348.39","0.00","0.00"
"453650","KODEX 미국S&P500금융","19505","-5","-0.03","19574.50","19585","19585","19455","15508","302731884","44861500000","0","2300000","S&P Financial Select Sector Index(Price Return)","647.52","0.00","0.00"
"0005A0","KODEX 미국S&P500데일리커버드콜OTM","10465","125","1.21","10424.67","10465","10500","10460","151731","1589507166","176858500000","0","16900000","S&P 500 Covered Call 1% OTM Daily Index(TR)","392.33","0.00","0.00"
"276970","KODEX 미국S&P500배당귀족커버드콜(합성 H)","7500","45","0.60","7633.04","7595","7595","7500","21295","159932730","35250000000","0","4700000","S&P500 Dividend Aristocrats Covered Call(7.2% Premium) Index","107.68","0.00","0.00"
"0026E0","KODEX 미국S&P500버퍼3월액티브","12405","5","0.04","12496.07","12510","12510","12395","6670","82740120","22949250000","0","1850000","S&P500 10% Buffered Index March Series (USD) TR","215.81","0.00","0.00"
"0068M0","KODEX 미국S&P500버퍼6월액티브","12755","60","0.47","12783.31","12695","12805","12695","792","10140800","63775000000","0","5000000","S&P500 10% Buffered Index June Series (USD) TR","428.74","0.00","0.00"
"0089C0","KODEX 미국S&P500변동성확대시커버드콜","12045","60","0.50","12163.40","12040","12155","12030","2343","28258971","78894750000","0","6550000","Cboe S&P 500 Volatility Contingent Daily Covered Call Index(Total Retrun)","3337.11","0.00","0.00"
"200030","KODEX 미국S&P500산업재(합성)","45895","940","2.09","45968.33","45955","46000","45790","1936","88931065","52320300000","0","1140000","S&P Select Sector Industrial Index","1763.59","0.00","0.00"
"219480","KODEX 미국S&P500선물(H)","31950","370","1.17","31933.48","32040","32080","31917","34711","1109300316","151762500000","0","4750000","S&P 500 Futures Total Return Index","1117.18","-1.20","-0.11"
"0041E0","KODEX 미국S&P500액티브","18045","525","3.00","18032.58","18180","18180","18000","170046","3073801671","128119500000","0","7100000","S&P 500","7394.30","0.00","0.00"
"218420","KODEX 미국S&P500에너지(합성)","20070","-545","-2.64","20154.80","20280","20280","20070","55199","1111565907","49291920000","0","2456000","S&P Select Sector Energy Index","1194.92","0.00","0.00"
"463640","KODEX 미국S&P500유틸리티","15310","-205","-1.32","15494.84","15515","15515","15310","12282","188736547","13013500000","0","850000","S&P Utilities Select Sector Index(Price Return)","887.16","0.00","0.00"
"463690","KODEX 미국S&P500커뮤니케이션","19725","10","0.05","19756.36","19740","19785","19690","5619","111047540","11835000000","0","600000","S&P Communication Services Select Sector Index(Price Return)","585.51","0.00","0.00"
"463680","KODEX 미국S&P500테크놀로지","23985","70","0.29","24044.79","24365","24630","23590","76471","1849242772","106733250000","0","4450000","S&P Technology Select Sector Index(Price Return)","3689.07","0.00","0.00"
"453630","KODEX 미국S&P500필수소비재","13595","-190","-1.38","13654.36","13640","13640","13540","38510","522904229","18353250000","0","1350000","S&P Consumer Staples Select Sector Index(Price Return)","858.64","0.00","0.00"
"453640","KODEX 미국S&P500헬스케어","14140","40","0.28","14162.37","14105","14195","14085","60800","858318526","60802000000","0","4300000","S&P Health Care Select Sector Index(Price Return)","1553.84","0.00","0.00"
"185680","KODEX 미국S&P바이오(합성)","42790","695","1.65","43181.82","43170","43175","42775","3622","156172490","22336380000","0","522000","S&P Biotechnology Select Industry Index","10372.43","0.00","0.00"
"0028X0","KODEX 미국금융테크액티브","11235","105","0.94","11252.36","11280","11280","11185","3605","40447588","17976000000","0","1600000","iSelect 미국 차세대 파이낸셜 테크 지수(시장가격)","1022.61","0.00","0.00"
"379810","KODEX 미국나스닥100","29645","515","1.77","29718.35","29755","29860","29620","6719558","199944049562","8545171250000","0","288250000","NASDAQ 100","29446.18","0.00","0.00"
"449190","KODEX 미국나스닥100(H)","22225","510","2.35","22261.42","22340","22395","22180","643515","14342334700","587851250000","0","26450000","NASDAQ 100","29446.18","0.00","0.00"
"494300","KODEX 미국나스닥100데일리커버드콜OTM","10835","75","0.70","10850.00","10900","10915","10830","1678342","18258311525","884136000000","0","81600000","NASDAQ-100 Daily Covered Call 101 Index(TR)","340.18","0.00","0.00"
"409820","KODEX 미국나스닥100레버리지(합성 H)","20270","885","4.57","20336.82","20500","20570","20190","481835","9823317012","259456000000","0","12800000","NASDAQ 100","29446.18","0.00","0.00"
"304940","KODEX 미국나스닥100선물(H)","32495","735","2.31","32553.95","32590","32730","32455","39142","1274147135","115357250000","0","3550000","NASDAQ 100","29446.18","0.00","0.00"
"409810","KODEX 미국나스닥100선물인버스(H)","5560","-115","-2.03","5543.80","5520","5560","5505","99449","549901329","11954000000","0","2150000","NASDAQ 100","29446.18","0.00","0.00"
"411420","KODEX 미국나스닥AI테크액티브","29355","300","1.03","29288.64","29435","29580","29205","19304","568030262","148242750000","0","5050000","Nasdaq CB Insights Metaverse US Index (Price Return)","1916.94","0.00","0.00"
"455030","KODEX 미국달러SOFR금리액티브(합성)","13095","-35","-0.27","13062.77","13025","13110","13025","207969","2715955479","689451750000","0","52650000","Bloomberg SOFR Daily Total Return Index","124.67","0.00","0.00"
"261240","KODEX 미국달러선물","15575","-120","-0.76","15613.21","15560","15620","15550","77272","1204355127","63857500000","0","4100000","미국달러선물지수","1702.09","-11.20","-0.65"
"261250","KODEX 미국달러선물레버리지","19175","-230","-1.19","19219.78","19135","19230","19105","42444","814019571","32405750000","0","1690000","미국달러선물지수","1702.09","-11.20","-0.65"
"261270","KODEX 미국달러선물인버스","7345","35","0.48","7352.71","7350","7365","7335","34606","254222984","122661500000","0","16700000","미국달러선물지수","1702.09","-11.20","-0.65"
"261260","KODEX 미국달러선물인버스2X","4385","30","0.69","4389.61","4415","4415","4370","358079","1571015191","241569650000","0","55090000","미국달러선물지수","1702.09","-11.20","-0.65"
"0144M0","KODEX 미국드론UAM TOP10","9050","420","4.87","9033.51","9040","9160","9040","58467","530861597","28507500000","0","3150000","iSelect 미국드론UAM TOP10 지수(Price Return)","4549.24","0.00","0.00"
"280930","KODEX 미국러셀2000(H)","16580","370","2.28","16594.47","16600","16655","16535","37855","627109818","25699000000","0","1550000","FTSE Russell 2000 Index","2921.03","0.00","0.00"
"0048J0","KODEX 미국머니마켓액티브","15220","-95","-0.62","15222.15","15200","15240","15180","897666","13658176960","673713300000","0","44265000","KAP 미국 머니마켓 지수","158.61","0.00","0.00"
"390390","KODEX 미국반도체","62970","2570","4.25","63287.26","63685","64040","62895","547105","34732207697","1451458500000","0","23050000","MVIS US Listed Semiconductor 25 Index","18357.87","0.00","0.00"
"489250","KODEX 미국배당다우존스","13465","45","0.34","13465.70","13445","13495","13415","232853","3132551922","562837000000","0","41800000","Dow Jones U.S. Dividend 100 Price Return Index","6863.15","0.00","0.00"
"483290","KODEX 미국배당다우존스타겟커버드콜","11000","30","0.27","11004.61","11010","11010","10945","156112","1713396503","166100000000","0","15100000","Dow Jones U.S. Dividend 100 10% Premium Covered Call Index(Total Return)","551.81","0.00","0.00"
"441640","KODEX 미국배당커버드콜액티브","13395","80","0.60","13381.10","13420","13440","13350","1046334","14023209312","1624813500000","0","121300000","S&P 500","7394.30","0.00","0.00"
"352560","KODEX 미국부동산리츠(H)","12485","-45","-0.36","12490.65","12530","12530","12470","81697","1021405131","34958000000","0","2800000","Dow Jones U.S. Real Estate PR Index","391.20","0.00","0.00"
"314250","KODEX 미국빅테크10(H)","57390","940","1.67","57512.80","57400","58320","57270","53947","3110988510","634733400000","0","11060000","NYSE U.S. Big TECH 10 INDEX","17041.90","0.00","0.00"
"473460","KODEX 미국서학개미","26490","545","2.10","26568.48","26535","26965","26490","51363","1370910513","242383500000","0","9150000","iSelect 서학개미 지수(PR)","6566.59","0.00","0.00"
"0144L0","KODEX 미국성장커버드콜액티브","10580","105","1.00","10584.92","10635","10655","10570","425701","4518956368","378764000000","0","35800000","NASDAQ 100","29446.18","0.00","0.00"
"390400","KODEX 미국스마트모빌리티S&P","8560","195","2.33","8732.83","8585","8790","8560","1534","13180815","9416000000","0","1100000","S&P Kensho Smart Transportation","235.02","0.00","0.00"
"0167Z0","KODEX 미국우주항공","12985","1210","10.28","12546.35","13210","13350","12770","5628632","73700570491","764816500000","0","58900000","iSelect 미국우주항공지수(Price Return)","7019.30","0.00","0.00"
"0132H0","KODEX 미국원자력SMR","10080","455","4.73","10084.85","10120","10145","10065","125514","1268203648","66024000000","0","6550000","iSelect 미국원자력SMR 지수(Price Return)","9884.91","0.00","0.00"
"437080","KODEX 미국종합채권ESG액티브(H)","99145","500","0.51","99193.53","99200","99240","99120","8898","882248480","260255625000","0","2625000","Bloomberg MSCI US Aggregate 2bn ex Securitized SRI Capped Index(Total Return)","127.69","0.00","0.00"
"419420","KODEX 미국클린에너지나스닥","12220","845","7.43","12116.42","11740","12250","11740","3672","44435806","17108000000","0","1400000","Nasdaq Clean Edge Green Energy Index (Price Return)","791.14","0.00","0.00"
"491090","KODEX 미국테크TOP3플러스","18685","25","0.13","18720.40","18730","18815","18680","10252","192334252","32698750000","0","1750000","KEDI 미국테크TOP3플러스 지수(Price Return)","7932.81","0.00","0.00"
"0038A0","KODEX 미국휴머노이드로봇","17780","290","1.66","17824.02","17820","17935","17770","171597","3065303976","322707000000","0","18150000","iSelect 미국 휴머노이드 로봇 지수(Price Return)","10778.74","0.00","0.00"
"244580","KODEX 바이오","9800","-190","-1.90","9789.41","10200","10235","9745","1417151","14206035689","234416000000","0","23920000","FnGuide 바이오 지수","3388.32","-69.02","-2.00"
"091160","KODEX 반도체","168740","10740","6.80","169020.68","167200","175195","166850","5807617","991404256809","7078643000000","0","41950000","KRX 반도체","17660.25","1184.52","7.19"
"494310","KODEX 반도체레버리지","169000","19005","12.67","171007.13","170995","181935","168315","2335598","405493744258","2188550000000","0","12950000","KRX 반도체","17672.59","1196.86","7.26"
"0190G0","KODEX 반도체타겟위클리커버드콜","11650","710","6.49","11706.96","11765","11977","11550","2401504","28127567039","248145000000","0","21300000","KRX 반도체 타겟 9% 분배 위클리 커버드콜 지수","3409.28","191.65","5.96"
"0080G0","KODEX 방산TOP10","12200","665","5.77","12143.93","11835","12400","11835","4488674","54215809836","427000000000","0","35000000","iSelect 방산 TOP10 지수(Price Return)","11551.53","565.77","5.15"
"0100K0","KODEX 방산TOP10레버리지","10075","1015","11.20","10103.48","9190","10400","9185","674409","6697373268","55412500000","0","5500000","iSelect 방산 TOP10 지수(Price Return)","11555.72","569.96","5.19"
"325020","KODEX 배당가치","31730","1480","4.89","31715.86","31835","32685","31385","80024","2582763047","149131000000","0","4700000","FnGuide SLV 배당가치 지수","3757.68","164.55","4.58"
"244670","KODEX 밸류Plus","12115","265","2.24","12210.57","12145","12407","12095","2100","25866509","7269000000","0","600000","FnGuide 벨류 Plus 지수","2389.96","33.55","1.42"
"140700","KODEX 보험","20105","630","3.23","20095.78","20140","20485","19905","107815","2174783822","58304500000","0","2900000","KRX 보험","4179.32","115.05","2.83"
"102780","KODEX 삼성그룹","30595","1495","5.14","30474.71","31500","32295","30105","1584351","49841493770","4056897000000","0","132600000","삼성그룹","30591.12","958.25","3.23"
"213610","KODEX 삼성그룹밸류","25790","1420","5.83","25692.65","25895","26265","25400","52956","1378749941","296585000000","0","11500000","WISE 삼성그룹 밸류 인덱스","25662.36","1250.75","5.12"
"0177N0","KODEX 삼성전자SK하이닉스채권혼합50","15350","420","2.81","15344.91","15815","15815","15282","6041668","94208527902","1270980000000","0","82800000","Wise 삼성전자 SK하이닉스 채권혼합 지수","3801.08","111.30","3.02"
"0193W0","KODEX 삼성전자단일종목레버리지","23730","3295","16.12","23631.83","24340","26000","23410","96730963","2419924599610","2397916500000","0","101050000","KRX 삼성전자 지수","6039.33","440.08","7.86"
"448330","KODEX 삼성전자채권혼합","18145","400","2.25","18097.65","18440","18540","18055","1213035","22184944315","1322770500000","0","72900000","Wise 삼성전자채권혼합 지수","2740.62","67.21","2.51"
"325010","KODEX 성장주","52120","1945","3.88","52002.26","53175","54200","51755","70747","3790367325","177208000000","0","3400000","FnGuide 성장 지수(PR)","14764.01","602.74","4.26"
"385510","KODEX 신재생에너지액티브","45000","1635","3.77","45272.80","45775","46300","44600","122548","5567452999","411750000000","0","9150000","FnGuide K-신재생에너지 플러스 지수","3227.62","135.60","4.39"
"446690","KODEX 아시아AI반도체exChina액티브","75455","2745","3.78","75378.43","76500","80535","75140","56547","4323360162","37727500000","0","500000","iSelect 아시아반도체 제조동맹 지수(시장가격)","13232.43","945.29","7.69"
"437070","KODEX 아시아달러채권ESG플러스액티브","66235","-90","-0.14","66077.65","66190","66260","66065","1307","86502710","41860520000","0","632000","Bloomberg MSCI EM Asia Investment Grade Credit SRI Index(Total Return)","119.48","0.00","0.00"
"117460","KODEX 에너지화학","15420","520","3.49","15345.44","15310","15645","15085","39118","603314891","30223200000","0","1960000","KRX 에너지화학","3058.51","92.81","3.13"
"275300","KODEX 우량주","35530","1740","5.15","35526.58","36420","36835","35240","191729","6987788165","60401000000","0","1700000","MSCI Korea IMI Quality Capped","20870.54","918.46","4.60"
"140710","KODEX 운송","6415","340","5.60","6392.18","6320","6460","6260","97782","623381404","12830000000","0","2000000","KRX 운송","1276.14","66.32","5.48"
"0098F0","KODEX 원자력SMR","18005","1135","6.73","19634.93","18190","18500","17390","396831","7144249825","279977750000","0","15550000","iSelect 원자력SMR 지수(Price Return)","7102.25","503.65","7.63"
"395150","KODEX 웹툰&드라마","2055","68","3.42","2061.14","2060","2115","2020","180937","372907606","10480500000","0","5100000","FnGuide 웹툰&드라마 지수","312.14","8.87","2.92"
"456250","KODEX 유럽명품TOP10 STOXX","10000","135","1.37","10017.67","9945","10045","9915","21030","210218720","11500000000","0","1150000","STOXX Europe Luxury 10 Index(Price Return)","3217.68","0.00","0.00"
"400570","KODEX 유럽탄소배출권선물ICE(H)","10650","-75","-0.70","10689.42","10605","10655","10605","3628","38568650","15975000000","0","1500000","ICE EUA Carbon Futures Index(Excess Return)","1243.42","0.00","0.00"
"144600","KODEX 은선물(H)","10920","465","4.45","10916.70","11035","11105","10885","1404727","15440524948","887796000000","0","81300000","S&P GSCI Silver Index(TR)","1994.99","0.00","0.00"
"091170","KODEX 은행","15340","580","3.93","15442.23","15025","15930","14945","1300609","20179547423","529997000000","0","34550000","KRX 은행","1583.64","62.00","4.07"
"453810","KODEX 인도Nifty50","12525","65","0.52","12614.76","12525","12590","12480","198237","2485835577","380133750000","0","30350000","Nifty 50 Index","23161.60","0.00","0.00"
"453820","KODEX 인도Nifty50레버리지(합성)","13220","-140","-1.05","13238.68","13275","13310","13050","14751","194563220","17186000000","0","1300000","Nifty 50 Index","23161.60","0.00","0.00"
"0000H0","KODEX 인도Nifty미드캡100","11020","30","0.27","11037.69","10990","11075","10885","10896","119697230","15979000000","0","1450000","Nifty Midcap 100 Index(PR)","60028.60","703.20","1.19"
"477730","KODEX 인도타타그룹","7975","55","0.69","7980.17","7925","7980","7880","5490","43577581","28311250000","0","3550000","Nifty India Corporate Group Index - Tata Group 25% Cap(PR)","13752.80","134.85","0.99"
"114800","KODEX 인버스","983","-48","-4.66","983.65","957","984","933","898559743","857407155478","1016520300000","0","1034100000","코스피 200 선물지수","6340.41","317.22","5.27"
"101280","KODEX 일본TOPIX100","31145","345","1.12","31144.17","31030","31430","30945","36391","1130737029","51077800000","0","1640000","TOPIX100","2653.19","34.59","1.32"
"352540","KODEX 일본부동산리츠(H)","11400","95","0.84","11404.09","11350","11420","11275","12381","140825304","41040000000","0","3600000","Tokyo Stock Exchange REIT Index","1800.10","20.51","1.15"
"091180","KODEX 자동차","36845","1760","5.02","36648.43","36700","37940","36330","674449","25079805344","552675000000","0","15000000","KRX 자동차","3731.13","175.03","4.92"
"385520","KODEX 자율주행액티브","19955","775","4.04","20020.01","20710","20975","19900","19924","409619333","38912250000","0","1950000","FnGuide K-미래차 지수","3785.95","93.98","2.55"
"363570","KODEX 장기종합채권(AA-이상)액티브","87950","650","0.74","87942.85","87750","87985","87435","691","60667410","283023100000","0","3218000","KAP 한국장기종합채권지수(AA-이상, 총수익)","282.23","0.00","0.00"
"0115D0","KODEX 조선TOP10","9715","450","4.86","9713.83","9750","9925","9575","2278250","22178836718","220530500000","0","22700000","KRX 조선 TOP10","6091.40","265.01","4.55"
"273130","KODEX 종합채권(AA-이상)액티브","110395","535","0.49","110284.38","110205","110395","110060","28222","3111331427","4255727250000","0","38550000","KAP 한국종합채권지수","258.69","0.00","0.00"
"0153K0","KODEX 주주환원고배당주","12210","350","2.95","12325.50","12220","12490","12135","458240","5644686056","179487000000","0","14700000","Akros 주주환원 고배당 지수 (Price Return)","3337.30","105.27","3.26"
"102970","KODEX 증권","24405","945","4.03","24487.80","24730","25150","24255","2395687","59235441275","900544500000","0","36900000","KRX 증권","2456.90","103.00","4.38"
"419430","KODEX 차이나2차전지MSCI(합성)","11840","490","4.32","11813.43","11600","11937","11525","3967","46843775","39072000000","0","3300000","MSCI China all shares IMI Select Batteries Index(Price Return)","2517.80","93.24","3.85"
"169950","KODEX 차이나A50","28850","380","1.33","29267.27","28470","29000","28470","820","23744310","23080000000","0","800000","FTSE China A50 Index","15621.09","229.19","1.49"
"0162L0","KODEX 차이나AI반도체TOP10","16530","340","2.10","16446.59","16575","17145","16435","1159813","19433690530","89262000000","0","5400000","Indxx China AI Semiconductor Top 10 Index (Price Return)","7236.81","0.00","0.00"
"428510","KODEX 차이나AI테크액티브","29065","895","3.18","28838.91","28610","29750","28610","40237","1172984611","63943000000","0","2200000","Bloomberg China Media & Tech Index PR","2380.22","15.82","0.67"
"283580","KODEX 차이나CSI300","17345","255","1.49","17336.71","17110","17430","17110","72040","1245903817","312210000000","0","18000000","CSI 300 Index","0.00","-4722.41","-100.00"
"099140","KODEX 차이나H","23290","290","1.26","23325.34","23380","23390","23005","2420","56395719","38428500000","0","1650000","Hang Seng China H","8345.04","127.96","1.56"
"204450","KODEX 차이나H레버리지(H)","2340","100","4.46","2330.62","2290","2350","2265","122617","284029210","27144000000","0","11600000","Hang Seng China H","8345.04","127.96","1.56"
"415340","KODEX 차이나과창판STAR50(합성)","15645","100","0.64","15715.01","15810","16275","15645","35815","568413430","31446450000","0","2010000","STAR 50 Index(Price Return)","1663.36","0.92","0.06"
"256750","KODEX 차이나심천ChiNext(합성)","19070","225","1.19","19051.19","19005","19325","18925","48341","926649661","58239780000","0","3054000","SZSE ChiNext Price Index","3832.02","20.78","0.55"
"0065G0","KODEX 차이나테크TOP10","9885","90","0.92","9876.01","9800","9915","9800","30987","305856895","31632000000","0","3200000","Hang Seng China Tech Top 10 Select Index (HKD) (Price Return)","2717.92","20.44","0.76"
"372330","KODEX 차이나항셍테크","7820","70","0.90","7842.03","7910","7920","7735","165984","1303716500","139978000000","0","17900000","Hang Seng TECH Index","4696.59","40.85","0.88"
"0048K0","KODEX 차이나휴머노이드로봇","10870","-30","-0.28","10795.50","11000","11285","10840","1994782","21938364207","227183000000","0","20900000","Solactive China Humanoid Robotics Index (CNH) (Price Return)","2661.64","0.00","0.00"
"117680","KODEX 철강","13800","575","4.35","13743.92","13680","14115","13540","93421","1288805655","27048000000","0","1960000","KRX 철강","2778.35","119.30","4.49"
"279540","KODEX 최소변동성","24692","822","3.44","24842.62","25270","25380","24692","26","658092","14815200000","0","600000","KRX 최소변동성지수","14949.43","516.24","3.58"
"445150","KODEX 친환경조선해운액티브","33255","1105","3.44","33352.47","33115","33990","32970","40907","1377700937","66510000000","0","2000000","FnGuide K-친환경 선박 지수","3333.59","113.99","3.54"
"211900","KODEX 코리아배당성장","29850","100","0.34","30040.40","30335","30625","29850","23011","695971492","101490000000","0","3400000","코스피 배당성장 50","7510.23","120.55","1.63"
"237370","KODEX 코리아배당성장채권혼합","15930","70","0.44","15980.21","15925","16045","15925","90311","1443209803","172044000000","0","10800000","배당성장채권혼합지수","2535.02","16.15","0.64"
"495850","KODEX 코리아밸류업","37980","1780","4.92","38000.12","38230","39280","37785","468447","18135250337","877338000000","0","23100000","코리아 밸류업 지수","3855.34","175.20","4.76"
"0115E0","KODEX 코리아소버린AI","16605","970","6.20","16548.75","16260","16900","16150","167872","2755630765","88006500000","0","5300000","KRX 코리아 소버린 AI 지수","6314.29","331.48","5.54"
"373490","KODEX 코리아혁신성장액티브","32130","925","2.96","32361.44","33140","33505","31900","6593","216775742","16065000000","0","500000","FnGuide K-이노베이션 지수","4614.49","169.72","3.82"
"229200","KODEX 코스닥150","18015","380","2.15","18251.04","18360","18697","17920","35350467","649106972156","5385584250000","0","298950000","코스닥 150","1835.35","64.09","3.62"
"233740","KODEX 코스닥150레버리지","13000","430","3.42","13256.83","13345","13860","12815","61486955","821921726940","3957200000000","0","304400000","코스닥 150","1836.54","65.28","3.69"
"360150","KODEX 코스닥150롱코스피200숏선물","3495","-80","-2.24","3533.70","3530","3530","3380","87672","303321395","16426500000","0","4700000","코스닥150 롱 100% 코스피200 숏 100% 선물지수","431.57","-13.47","-3.03"
"251340","KODEX 코스닥150선물인버스","2100","-40","-1.87","2108.84","2060","2125","2025","41765709","86514970801","170310000000","0","81100000","F-코스닥150 지수","2099.63","45.92","2.24"
"461450","KODEX 코스닥글로벌","18945","745","4.09","18953.28","19050","19370","18700","48565","925981667","28417500000","0","1500000","코스닥 글로벌 지수","2439.12","87.03","3.70"
"226490","KODEX 코스피","84015","4125","5.16","83599.65","84605","86565","83060","759895","64896497151","1184611500000","0","14100000","코스피","8123.10","359.15","4.63"
"237350","KODEX 코스피100","104125","4970","5.01","103919.92","107165","108290","103320","607126","64978830001","1197437500000","0","11500000","코스피 100","10075.86","454.93","4.73"
"359210","KODEX 코스피TR","42070","1965","4.90","42111.30","42710","43645","41810","76441","3299644535","100968000000","0","2400000","코스피 TR","10648.08","470.79","4.63"
"337140","KODEX 코스피대형주","43350","1950","4.71","43315.41","44515","45000","43095","60932","2709012920","86700000000","0","2000000","코스피 대형주","8935.21","406.47","4.77"
"138920","KODEX 콩선물(H)","11205","-100","-0.88","11283.16","11225","11230","11205","857","9616217","5602500000","0","500000","S&P GSCI Soybeans Index(TR)","6076.87","0.00","0.00"
"244660","KODEX 퀄리티Plus","9660","350","3.76","9728.87","9625","9800","9625","27","261970","4830000000","0","500000","FnGuide 퀄리티 Plus 지수","2379.44","46.06","1.97"
"375770","KODEX 탄소효율그린뉴딜","29355","1645","5.94","29219.84","29935","30260","29355","11049","332690695","52839000000","0","1800000","KRX/S&P 탄소효율 그린뉴딜지수","4871.57","227.68","4.90"
"459560","KODEX 테슬라밸류체인FactSet","25910","690","2.74","26057.40","25860","26595","25860","11999","312964268","40160500000","0","1550000","FactSet TSLA Value Chain Index(PR)","792.09","4.47","0.57"
"475080","KODEX 테슬라커버드콜채권혼합액티브","8500","85","1.01","8522.71","8620","8620","8435","157343","1339760434","325975000000","0","38350000","KEDI 테슬라 인컴 프리미엄 밸런스드 지수(TR)","1660.47","0.00","0.00"
"266410","KODEX 필수소비재","9340","10","0.11","9355.54","9620","9620","9300","17680","166903336","13076000000","0","1400000","KRX 필수소비재","1682.43","-7.74","-0.46"
"298770","KODEX 한국대만IT프리미어","91875","3570","4.04","91731.95","94605","94605","91580","36381","3408671522","101062500000","0","1100000","한국 대만 IT 프리미어지수","13252.32","446.95","3.49"
"476800","KODEX 한국부동산리츠인프라","4305","-75","-1.71","4334.42","4375","4445","4305","980814","4301970039","499380000000","0","116000000","KRX 부동산리츠인프라 지수","1257.84","-14.42","-1.13"
"450190","KODEX 한중반도체(합성)","60230","3670","6.49","59990.33","56560","61600","56560","478","28917733","36138000000","0","600000","KRX CSI 한·중 반도체지수","14538.20","638.57","4.59"
"450180","KODEX 한중전기차(합성)","13965","495","3.67","13958.73","13815","14215","13815","402","5629385","9077250000","0","650000","KRX CSI 한·중 전기차지수","5893.64","193.23","3.39"
"266420","KODEX 헬스케어","17760","-130","-0.73","17807.62","18300","18400","17695","41860","760719442","74592000000","0","4200000","KRX 헬스케어","3990.42","-28.49","-0.71"
"364690","KODEX 혁신기술테마액티브","47250","1785","3.93","47279.81","49085","49355","47155","6824","329892962","28350000000","0","600000","코스피","8123.10","359.15","4.63"
"0204D0","KODEX 현대차로보틱스밸류체인TOP3플러스","8500","320","3.91","8499.82","8525","8837","8425","3452213","29900376772","113900000000","0","13400000","Akros 현대차로보틱스 밸류체인 TOP3 플러스 지수 (PR)","3210.54","137.24","4.47"
"487130","KoAct AI인프라액티브","37565","1640","4.57","37709.72","38490","38800","37125","97552","3720207035","92034250000","0","2450000","Solactive AI인프라 지수","7079.95","553.65","8.48"
"0074K0","KoAct K수출핵심기업TOP30액티브","20670","575","2.86","20754.98","21250","21555","20670","108407","2309374942","167427000000","0","8100000","KEDI K수출핵심기업TOP30 지수(PR)","8714.83","313.79","3.74"
"471040","KoAct 글로벌AI&로봇액티브","36835","1955","5.60","36765.13","36730","37790","36710","159745","5956738788","329673250000","0","8950000","iSelect 글로벌AI&로봇PR지수","8239.58","0.00","0.00"
"0174B0","KoAct 글로벌AI메모리반도체액티브","18095","1130","6.66","18077.60","18000","18585","18000","360992","6603560917","116712750000","0","6450000","Solactive 글로벌AI메모리반도체 지수 (PR)","10711.69","816.38","8.25"
"0132D0","KoAct 글로벌K컬처밸류체인액티브","9650","-55","-0.57","9685.54","9500","9715","9500","466","4493980","6755000000","0","700000","KEDI 글로벌 K컬처밸류체인 지수(PR)","1376.39","0.00","0.00"
"0020H0","KoAct 글로벌양자컴퓨팅액티브","29110","1200","4.30","28797.37","28750","29640","28750","35883","1050008988","62586500000","0","2150000","FactSet 글로벌양자컴퓨팅 PR 지수","795.75","0.00","0.00"
"475070","KoAct 글로벌친환경전력인프라액티브","37940","1710","4.72","38009.70","37380","38575","37380","10644","405679668","53116000000","0","1400000","Solactive 글로벌친환경전력인프라 PR지수","8630.48","278.37","3.33"
"0015B0","KoAct 미국나스닥성장기업액티브","23690","1070","4.73","23656.84","23865","24195","23635","787546","18825267732","685825500000","0","28950000","나스닥 종합주가지수","25809.66","0.00","0.00"
"0104H0","KoAct 미국나스닥채권혼합50액티브","13100","305","2.38","13083.43","13455","13455","13090","259663","3411699369","140170000000","0","10700000","FnGuide 미국나스닥 금융채권혼합 지수","2211.49","22.21","1.01"
"0186L0","KoAct 미국로봇피지컬AI액티브","11470","595","5.47","11400.46","11490","11560","11385","91061","1044515625","26954500000","0","2350000","iSelect 미국로봇피지컬AI지수","4838.73","0.00","0.00"
"0113G0","KoAct 미국바이오헬스케어액티브","10395","95","0.92","10486.53","10300","10440","10300","19043","197981302","14553000000","0","1400000","Solactive 미국바이오헬스케어지수 PR","1875.83","0.00","0.00"
"497780","KoAct 미국천연가스인프라액티브","11715","-80","-0.68","11758.08","11650","11755","11635","65616","766909740","26358750000","0","2250000","Solactive 미국천연가스인프라 PR 지수","1962.09","0.00","0.00"
"490330","KoAct 미국치매&뇌질환치료제액티브","14370","165","1.16","14519.72","14350","14565","14350","4539","65457820","5029500000","0","350000","Solactive 미국뇌질환치료제 PR 지수","2918.17","0.00","0.00"
"462900","KoAct 바이오헬스케어액티브","15910","-300","-1.85","15932.77","16550","16775","15845","2001220","32754002847","443889000000","0","27900000","iSelect 바이오헬스케어 PR 지수","2755.09","-20.10","-0.72"
"482030","KoAct 반도체&2차전지핵심소재액티브","11865","645","5.75","11942.27","11855","12250","11670","63844","766342830","15424500000","0","1300000","iSelect 반도체&2차전지핵심소재 지수","4696.67","271.53","6.14"
"476850","KoAct 배당성장액티브","25200","915","3.77","25216.03","25430","25975","24990","100385","2576015430","118440000000","0","4700000","코스피","8123.10","359.15","4.63"
"0051A0","KoAct 브로드컴밸류체인액티브","27600","1225","4.64","27767.49","27740","28230","27600","5882","164143177","23460000000","0","850000","FactSet 브로드컴밸류체인 지수","747.50","0.00","0.00"
"0150K0","KoAct 수소전력ESS인프라액티브","12500","155","1.26","12736.70","12985","12995","12490","92388","1179858591","34375000000","0","2750000","FnGuide 수소전력ESS인프라 지수(PR)","1849.92","44.22","2.45"
"0154H0","KoAct 차이나바이오헬스케어액티브","7840","315","4.19","7914.83","7530","7850","7530","9122","70339324","6664000000","0","850000","Solactive 차이나바이오헬스케어지수 PR","840.53","0.00","0.00"
"495230","KoAct 코리아밸류업액티브","38990","1735","4.66","38772.95","39220","40045","38545","263314","10397946485","354809000000","0","9100000","코리아 밸류업 지수","3855.34","175.20","4.76"
"0163Y0","KoAct 코스닥액티브","12390","310","2.57","12472.72","12240","12745","12240","2318070","29048967300","666582000000","0","53800000","코스닥","1028.63","31.70","3.18"
"0193G0","KoAct 코스피액티브","10405","455","4.57","10355.17","10590","10770","10270","351053","3733614590","28093500000","0","2700000","코스피","8123.10","359.15","4.63"
"0093D0","KoAct 팔란티어밸류체인액티브","20050","920","4.81","19861.00","19610","23095","19610","63515","1280816959","32080000000","0","1600000","KEDI 팔란티어밸류체인지수(PR)","4268.59","0.00","0.00"
"488290","MIDAS 일본테크액티브","52195","1920","3.82","52135.93","54285","54285","50615","2477","130118765","16963375000","0","325000","Solactive Japan Tech Top 30 지수(PR)","5343.81","165.32","3.19"
"438740","MIDAS 중소형액티브","40200","935","2.38","40356.34","40580","41070","40200","772","31433620","9045000000","0","225000","코스피 중형주","4579.49","132.00","2.97"
"0191B0","MIDAS 코스닥액티브","39625","790","2.03","39447.90","40845","40845","38610","12920","509860584","7925000000","0","200000","코스닥","1028.63","31.70","3.18"
"403790","MIDAS 코스피액티브","67630","3280","5.10","67512.81","69390","69930","67160","72466","4949297345","207962250000","0","3075000","코스피","8123.62","359.67","4.63"
"152100","PLUS 200","131105","5255","4.18","131929.51","134460","137425","131105","456680","61600146736","1861691000000","0","14200000","코스피 200","1291.32","59.78","4.85"
"491220","PLUS 200TR","153760","6975","4.75","154132.74","157195","160430","153760","23777","3754959672","69192000000","0","450000","코스피 200 TR","1710.59","79.10","4.85"
"253150","PLUS 200선물레버리지","335285","31980","10.54","337247.09","354900","366275","335285","7536","2622735800","83821250000","0","250000","코스피 200 선물지수","6340.41","317.22","5.27"
"253160","PLUS 200선물인버스2X","171","-19","-10.00","172.01","171","171","154","2948704","471680865","1564650000","0","9150000","코스피 200 선물지수","6340.41","317.22","5.27"
"0203D0","PLUS 200위클리커버드콜채권혼합","9810","150","1.55","9881.81","10050","10060","9810","85606","854473774","9810000000","0","1000000","코스피 200 KTB 혼합 위클리 고정 10% 커버드콜 지수","2160.22","45.77","2.16"
"395750","PLUS ESG가치주액티브","24700","1205","5.13","24594.85","25270","25530","24510","50157","1264449620","9880000000","0","400000","FnGuide 한화 ESG 가치 지수","3778.65","158.78","4.39"
"395760","PLUS ESG성장주액티브","25605","1370","5.65","25481.94","25765","26265","25605","486","12645200","15363000000","0","600000","FnGuide 한화 ESG 성장 지수","4190.50","196.62","4.92"
"453010","PLUS KOFR금리","109220","10","0.01","109223.78","109215","109225","109215","2882","314778895","16819880000","0","154000","KOFR 지수","1190.16","0.09","0.01"
"429740","PLUS K리츠","6215","-180","-2.81","6169.37","6410","6475","6170","13237","84057037","7458000000","0","1200000","FnGuide 리츠 지수","596.30","-15.93","-2.60"
"449450","PLUS K방산","63510","3445","5.74","63654.66","62165","64980","62000","567809","35993066236","1333074900000","0","20990000","FnGuide K-방위산업 지수","6719.85","339.29","5.32"
"0104G0","PLUS K방산레버리지","10010","920","10.12","10157.28","9780","10520","9600","262494","2633879992","23523500000","0","2350000","FnGuide K-방위산업 지수","6719.85","339.29","5.32"
"0090B0","PLUS K방산소부장","9665","420","4.54","9651.38","9560","9800","9265","112823","1076053169","15464000000","0","1600000","Akros K방산소부장 지수(PR)","1535.48","55.54","3.75"
"0166S0","PLUS K제조업핵심기업액티브","13960","525","3.91","14067.13","14395","14545","13955","187186","2688590282","79572000000","0","5700000","Akros K제조업 50 지수","5458.05","213.62","4.07"
"269530","PLUS S&P글로벌인프라","22300","50","0.22","22242.25","22065","22395","22065","1196","26484875","14495000000","0","650000","S&P Global Infrastructure Index","3760.97","0.00","0.00"
"433880","PLUS TDF2060액티브 적격","19970","360","1.84","19874.03","19730","20140","19630","31270","625057587","63704300000","0","3190000","Morningstar Korea Lifetime Allocation Moderate 2060 Index (Gross Return)","3343.55","0.00","0.00"
"251590","PLUS 고배당저변동50","17545","495","2.90","17634.74","17340","17815","17340","3809","67123500","12281500000","0","700000","FnGuide 고배당저변동50 지수","3048.30","73.52","2.47"
"161510","PLUS 고배당주","26330","580","2.25","26583.67","26520","27020","24870","1980306","52917266845","2487395100000","0","94470000","FnGuide 배당주 지수","25496.41","597.74","2.40"
"0018C0","PLUS 고배당주위클리고정커버드콜","11315","70","0.62","11412.20","11450","11455","11165","149382","1682895366","92217250000","0","8150000","코스피 고배당 위클리 고정 커버드콜 지수","1599.02","17.23","1.09"
"489030","PLUS 고배당주위클리커버드콜","6830","20","0.29","6849.24","6890","6895","6720","926485","6291276507","311448000000","0","45600000","코스피 고배당 위클리 콜매도 ATM 지수","1104.77","-23.54","-2.09"
"251600","PLUS 고배당주채권혼합","15750","240","1.55","15811.33","15645","15860","15645","390323","6157086449","661500000000","0","42000000","FnGuide 고배당 채권혼합 지수","4109.32","51.51","1.27"
"461460","PLUS 국고채10년액티브","51460","375","0.73","51444.34","51380","51460","51300","21153","1087758980","83468120000","0","1622000","KAP 국고채 10년 동일가중 지수(총수익)","107.46","0.00","0.00"
"451600","PLUS 국고채30년액티브","87780","910","1.05","88106.18","87525","87780","87525","53","4640187","21681660000","0","247000","KAP 국고채 30년 지수(총수익)","78.56","0.00","0.00"
"491230","PLUS 국공채머니마켓액티브","52135","0","0.00","52134.91","52135","52145","52135","648","33786410","113758570000","0","2182000","KAP 국공채 MMF 지수(총수익)","120.25","0.00","0.00"
"289670","PLUS 국채선물10년","52135","300","0.58","52121.72","51925","52160","51895","219","11396986","6047660000","0","116000","10년국채선물지수","1135.52","10.98","0.98"
"298340","PLUS 국채선물3년","55975","95","0.17","56047.51","56035","56065","55950","28642","1603383415","70976300000","0","1268000","국채선물지수","1204.96","3.35","0.28"
"489010","PLUS 글로벌AI인프라","22305","585","2.69","22261.16","22150","22430","22150","1956","43624032","3345750000","0","150000","Solactive Global AI Infrastructure Index (PR)","14062.71","15.75","0.11"
"442580","PLUS 글로벌HBM반도체","122650","7150","6.19","123753.58","125870","128235","122400","1648987","208150328761","1576052500000","0","12850000","iSelect 글로벌HBM반도체 지수","31680.92","853.56","2.77"
"189400","PLUS 글로벌MSCI(합성 H)","24870","230","0.93","25217.77","24640","25260","24640","16305","405891130","7461000000","0","300000","MSCI ACWI Index","1105.39","5.84","0.53"
"496770","PLUS 글로벌방산","18635","375","2.05","18771.85","18300","18740","18300","14774","275022686","39133500000","0","2100000","Solactive Global Defense Index(PR)","3828.07","0.00","0.00"
"419650","PLUS 글로벌수소&차세대연료전지","6450","150","2.38","6478.74","6435","6480","6355","64971","417034506","23542500000","0","3650000","BlueStar Hydrogen and NextGen Fuel Cell Index (시장가격)","59.11","0.00","0.00"
"0007G0","PLUS 글로벌원자력밸류체인","15190","470","3.19","15226.01","15605","15700","15145","9047","138327679","47848500000","0","3150000","Solactive Global Nuclear Energy Value Chain Index(PR)","6115.58","0.00","0.00"
"0166T0","PLUS 글로벌저작권핵심기업액티브","10080","-115","-1.13","10210.67","10270","10280","10070","44172","448957937","10080000000","0","1000000","iSelect 미국AI지적재산 지수(PR)","1089.54","0.00","0.00"
"0035T0","PLUS 글로벌휴머노이드로봇액티브","23745","1170","5.18","23731.20","24155","24545","23250","60783","1466792037","135346500000","0","5700000","iSelect 글로벌휴머노이드로봇 (PR)","7857.40","0.00","0.00"
"415920","PLUS 글로벌희토류&전략자원생산기업","9645","590","6.52","9664.81","9445","9695","9420","72110","689747705","51118500000","0","5300000","MVIS Global Rare Earth/Strategic Metals Index (Price Return)","618.81","18.67","3.11"
"0138Y0","PLUS 금채권혼합","10025","110","1.11","10052.70","10055","10090","10000","324628","3261121756","110776250000","0","11050000","Akros 미국 금현물 ETF 채권혼합 지수","1986.63","0.00","0.00"
"278620","PLUS 단기채권액티브","118040","-15","-0.01","118057.07","118040","118040","118040","64","7554560","60200400000","0","510000","KAP 투자적격 크레딧 채권 1년 지수(A- 이상,총수익)","150.81","0.06","0.04"
"477050","PLUS 머니마켓액티브","53100","5","0.01","53102.54","53095","53105","53095","24676","1310343067","371381400000","0","6994000","KAP 시가평가 MMF 지수(총수익)","120.36","0.00","0.00"
"0050E0","PLUS 미국AI에이전트","8455","-105","-1.23","8465.11","8600","8685","8410","9150","77253584","5073000000","0","600000","Solactive US AI Agents Index(PR)","2703.99","0.00","0.00"
"429760","PLUS 미국S&P500","20735","135","0.66","20761.00","20780","20810","20730","6182","128410975","41470000000","0","2000000","S&P 500","7394.30","0.00","0.00"
"269540","PLUS 미국S&P500(H)","29470","375","1.29","29479.73","29510","29575","29435","75238","2218157376","85463000000","0","2900000","S&P 500","7394.30","0.00","0.00"
"0057H0","PLUS 미국S&P500미국채혼합50액티브","12575","35","0.28","12560.11","12555","12610","12555","56079","706028565","70420000000","0","5600000","S&P 500 and U.S. Treasury Bill 0-3 Month 50/50 Blend Index (USD)","287.54","0.00","0.00"
"494410","PLUS 미국S&P500성장주","15160","260","1.74","15124.07","14910","16040","14910","3352","51553752","33352000000","0","2200000","S&P 500 Growth Index(PR)","5423.17","0.00","0.00"
"0153X0","PLUS 미국고배당주액티브","11480","-40","-0.35","11483.45","11520","11570","11450","61959","712882123","24682000000","0","2150000","Akros 미국 고배당주 20 지수","1797.97","0.00","0.00"
"0089B0","PLUS 미국나스닥100미국채혼합50","12295","90","0.74","12316.72","12285","12350","12285","60207","741305850","30737500000","0","2500000","Nasdaq-100 US T-Bills 1-3 Month 50/50 Index (USD)","3072.96","0.00","0.00"
"287180","PLUS 미국나스닥테크","60390","2300","3.96","60523.11","60085","63210","60085","10597","642337835","51331500000","0","850000","NASDAQ 100 Technology Sector Index","17182.20","0.00","0.00"
"213630","PLUS 미국다우존스고배당주(합성 H)","20230","110","0.55","20269.65","20120","20360","19890","3992","80796855","18611600000","0","920000","Dow Jones U.S Select Dividend Index(시장가격지수)","1112.28","0.00","0.00"
"332610","PLUS 미국단기회사채(AAA~A)","138525","-440","-0.32","138616.15","138485","138750","138255","118418","16399851867","13298400000","0","96000","ICE BofaAML 1-3 Year AAA-A US Corporate Index(총수익지수)","601.25","0.00","0.00"
"456200","PLUS 미국달러SOFR금리액티브(합성)","65435","-310","-0.47","65390.81","65340","65500","65340","9","588705","7197850000","0","110000","Solactive SOFR Daily Total Return Index","1246.71","0.00","0.00"
"0078V0","PLUS 미국로보택시","10795","100","0.94","10768.96","10845","10870","10760","1130","12221880","7016750000","0","650000","KEDI 미국로보택시 지수(PR)","3762.73","0.00","0.00"
"494420","PLUS 미국배당증가성장주데일리커버드콜","10020","115","1.16","10042.41","10015","10060","9995","8692","87260997","18036000000","0","1800000","Bloomberg U.S. Dividend Growth Partial Covered Call Index","1552.45","0.00","0.00"
"0023B0","PLUS 미국양자컴퓨팅TOP10","20160","290","1.46","20196.22","20300","20595","20160","51912","1058681580","40320000000","0","2000000","iSelect 미국양자컴퓨팅 TOP10 (PR)","8577.21","0.00","0.00"
"332620","PLUS 미국장기우량회사채","101700","405","0.40","101517.14","101525","101765","101375","1739","176693895","19017900000","0","187000","ICE BofaAML 15+ Year AAA-A US Corporate Index(총수익지수)","1194.66","0.00","0.00"
"464470","PLUS 미국채30년액티브","54835","270","0.49","54990.24","54790","54900","54600","4587","251402350","45184040000","0","824000","ICE U.S. Treasury 20+ Year Bond Index(Total Return)","95.97","0.00","0.00"
"461900","PLUS 미국테크TOP10","23310","-100","-0.43","23376.75","23410","23455","23250","4153","97049304","19813500000","0","850000","iSelect 미국 Tech 10 지수","7272.58","0.00","0.00"
"461910","PLUS 미국테크TOP10레버리지(합성)","40935","290","0.71","40868.69","40675","42430","40645","672","27670540","20467500000","0","500000","iSelect 미국 Tech 10 지수","7272.58","0.00","0.00"
"0193K0","PLUS 삼성전자단일종목레버리지","23230","2995","14.80","23277.87","23760","25595","23100","277339","6774119283","26133750000","0","1125000","KRX 삼성전자 지수","6039.33","440.08","7.86"
"0193L0","PLUS 삼성전자선물단일종목인버스2X","14140","-2885","-16.95","14407.46","13610","14480","12350","29003496","383323408548","57974000000","0","4100000","KRX 삼성전자 선물 지수","5786.10","428.60","8.00"
"195970","PLUS 선진국MSCI(합성 H)","15875","280","1.80","15840.44","15900","16055","15870","7048","112401780","23177500000","0","1460000","MSCI EAFE Index","3065.20","30.24","1.00"
"238670","PLUS 스마트베타Quality채권혼합","13395","265","2.02","13377.69","13240","13480","13240","3170","42487950","4018500000","0","300000","WISE-KAP 스마트베타 Quality 채권혼합지수","1649.03","18.31","1.12"
"195980","PLUS 신흥국MSCI(합성 H)","15105","310","2.10","15363.11","15065","15440","15050","27547","418852368","98182500000","0","6500000","MSCI EM Index","1707.92","43.41","2.61"
"256450","PLUS 심천차이넥스트(합성)","18480","380","2.10","18578.33","18100","18625","18100","1603","29431890","9240000000","0","500000","SZSE ChiNext Price Index","3832.02","20.78","0.55"
"447660","PLUS 애플채권혼합","13700","65","0.48","13733.77","13575","14135","13575","9344","128561371","17125000000","0","1250000","FnGuide 애플채권혼합 지수","2500.57","9.65","0.39"
"239660","PLUS 우량회사채50","120860","55","0.05","120871.62","120855","120905","120845","1000","120865432","21754800000","0","180000","KOBI HALF CREDIT Index(총수익)","12612.46","8.40","0.07"
"421320","PLUS 우주항공","38140","5","0.01","38200.26","39590","40315","37655","277437","10872907805","282236000000","0","7400000","iSelect 우주항공UAM 지수","4310.24","26.53","0.62"
"0184N0","PLUS 은채권혼합","9215","185","2.05","9291.55","9240","9305","9215","69775","646053965","12440250000","0","1350000","Akros 은 채권혼합 지수","2033.97","0.00","0.00"
"464920","PLUS 일본반도체소부장","28495","2145","8.14","28405.95","28555","28555","27210","51604","1461076968","25645500000","0","900000","Solactive Japan Semiconductor Materials and Equipment Index PR","7716.11","499.97","6.93"
"489000","PLUS 일본엔화초단기국채(합성)","10020","-45","-0.45","10030.15","10010","10040","10005","31974","320373372","22044000000","0","2200000","KAP 일본 단기 국채 지수(총수익)","99.95","0.00","0.00"
"0098N0","PLUS 자사주매입고배당주","12885","310","2.47","12967.58","12865","13250","12780","134984","1762204163","85041000000","0","6600000","FnGuide 고배당주 플러스 자사주 지수 (PR)","3462.79","87.87","2.60"
"451000","PLUS 종합채권(AA-이상)액티브","107455","265","0.25","107562.02","107455","107455","107455","1","107455","529430785000","0","4927000","KAP 종합채권지수(AA-이상, 총수익)","114.29","0.00","0.00"
"280920","PLUS 주도업종","29050","1700","6.22","28934.90","29145","29910","28830","309","9050620","15977500000","0","550000","FnGuide 주도업종 지수","4395.71","213.76","5.11"
"0184L0","PLUS 중기종합채권(A-이상)액티브","99830","110","0.11","99827.74","99740","99880","99740","8187","816830965","103823200000","0","1040000","KIS 중기종합채권(A-이상) 지수(총수익)","112.30","0.00","0.00"
"266550","PLUS 중형주저변동50","19625","1195","6.48","19540.58","19540","19640","19215","849","16557015","4906250000","0","250000","FnGuide 중형주저변동50지수","3861.27","83.33","2.21"
"0047N0","PLUS 차이나AI테크TOP10","11015","135","1.24","11013.98","11100","11120","10770","7554","83514840","9913500000","0","900000","Solactive China AI Tech Top10 Index(PR)","2140.39","0.00","0.00"
"0128D0","PLUS 차이나항셍테크위클리타겟커버드콜","8090","140","1.76","8052.74","8000","8225","8000","9642","77932113","5663000000","0","700000","HSTECH 15% Target Premium Weekly Covered Call Index","3313.36","0.00","0.00"
"495040","PLUS 코리아밸류업","37930","2110","5.89","37695.88","38425","39000","37530","10350","397686870","104307500000","0","2750000","코리아 밸류업 지수","3855.34","175.20","4.76"
"301400","PLUS 코스닥150","18130","360","2.03","18444.57","18500","18745","18090","32324","589085966","13597500000","0","750000","코스닥 150","1835.35","64.09","3.62"
"301410","PLUS 코스닥150선물인버스","3120","-70","-2.19","3101.23","3075","3120","3010","1972","6057595","780000000","0","250000","F-코스닥150 지수","2099.63","45.92","2.24"
"0166N0","PLUS 코스닥150액티브","10425","400","3.99","10514.23","10500","10660","10265","141296","1477966846","41700000000","0","4000000","코스닥 150","1835.35","64.09","3.62"
"227830","PLUS 코스피","84630","4935","6.19","84074.39","85675","87045","83950","854","73727292","21157500000","0","250000","코스피","8123.10","359.15","4.63"
"122090","PLUS 코스피50","97930","4330","4.63","98326.96","100865","102645","97845","123676","12540380718","205653000000","0","2100000","코스피 50","9858.93","446.35","4.74"
"328370","PLUS 코스피TR","45910","2590","5.98","45673.43","42025","47310","42025","14693","683044930","146912000000","0","3200000","코스피 TR","10648.08","470.79","4.63"
"457990","PLUS 태양광&ESS","41150","1150","2.88","40971.96","42400","43240","40660","427754","17946166493","139910000000","0","3400000","FnGuide 태양광 & ESS 지수","10738.86","261.39","2.49"
"0132K0","PLUS 테슬라위클리커버드콜채권혼합","8765","75","0.86","8805.24","8740","8810","8740","231709","2034374608","127969000000","0","14600000","Akros 테슬라 위클리 커버드콜 채권혼합 지수","2799.90","0.00","0.00"
"0000J0","PLUS 한화그룹주","32720","1665","5.36","32897.08","32795","33695","32330","145007","4798462097","125972000000","0","3850000","FnGuide 한화그룹주 지수","6872.35","353.84","5.43"
"148020","RISE 200","130305","5600","4.49","130803.89","132545","136300","130100","1534100","206344472901","4834315500000","0","37100000","코스피 200","1291.32","59.78","4.85"
"361580","RISE 200TR","73460","2530","3.57","73754.53","75640","76875","73335","554821","42218203195","558296000000","0","7600000","코스피 200 TR","1710.59","79.10","4.85"
"290080","RISE 200고배당커버드콜ATM","6500","-15","-0.23","6598.61","6515","6700","6470","20536","135865487","11375000000","0","1750000","코스피 200 고배당커버드콜 ATM 지수(시장가격지수)","860.83","-16.60","-1.89"
"284980","RISE 200금융","23020","1060","4.83","22982.35","22900","23600","22525","14102","328635359","22099200000","0","960000","코스피 200 금융","1755.44","66.94","3.96"
"252400","RISE 200선물레버리지","167450","13945","9.08","168561.29","175180","183000","167450","7338","1294083952","117215000000","0","700000","코스피 200 선물지수","6340.41","317.22","5.27"
"252410","RISE 200선물인버스","1254","-65","-4.93","1259.13","1237","1254","1198","62542","76633362","2508000000","0","2000000","코스피 200 선물지수","6340.41","317.22","5.27"
"252420","RISE 200선물인버스2X","86","-10","-10.42","87.10","86","87","78","7321372","596708105","3603400000","0","41900000","코스피 200 선물지수","6340.41","317.22","5.27"
"475720","RISE 200위클리커버드콜","15065","425","2.90","15195.74","15385","15395","15045","1086583","16562289605","919718250000","0","61050000","코스피 200 위클리 커버드콜 ATM 지수","1733.85","5.63","0.33"
"183700","RISE 200채권혼합50","104485","2490","2.44","103823.65","106085","106540","104100","10443","1101514410","37614600000","0","360000","코스피 200 KTB 혼합지수","3279.92","85.10","2.66"
"0122W0","RISE 26-11 회사채(AA-이상)액티브","50670","5","0.01","50656.29","50670","50670","50665","1111","56294142","185148180000","0","3654000","KAP 26-11 회사채(AA-이상) 총수익지수","112.07","0.00","0.00"
"465330","RISE 2차전지TOP10","12885","585","4.76","12882.55","12795","13335","12660","216312","2807850661","74088750000","0","5750000","iSelect 2차전지 TOP10 지수(PR)","2832.72","139.19","5.17"
"465350","RISE 2차전지TOP10인버스(합성)","15970","-1010","-5.95","16330.70","16285","16547","15555","232342","3710017173","41522000000","0","2600000","iSelect 2차전지 TOP10 지수(PR)","2834.72","141.19","5.24"
"422420","RISE 2차전지액티브","8450","495","6.22","8468.81","8290","8735","8270","262358","2237922975","263640000000","0","31200000","iSelect 2차전지 지수 (시장가격지수)","5429.32","307.44","6.00"
"105780","RISE 5대그룹주","20405","705","3.58","20474.12","21085","21385","20350","28911","606931461","44891000000","0","2200000","MKF 5대그룹주","20365.18","814.89","4.17"
"469070","RISE AI&로봇","14580","580","4.14","14570.75","14495","15370","14440","1493190","22255972421","468747000000","0","32150000","iSelect AI&로봇 지수(시장가격)","3279.24","136.49","4.34"
"0093A0","RISE AI반도체TOP10","43675","4440","11.32","43527.51","42485","45050","42085","1692457","73382995613","227110000000","0","5200000","FnGuide AI반도체TOP10 지수","8352.58","769.60","10.15"
"0101N0","RISE AI전력인프라","21400","-200","-0.93","21443.95","22800","22920","21270","620112","13697910831","699780000000","0","32700000","KRX-Akros AI 전력인프라 지수","12680.33","-25.64","-0.20"
"427120","RISE AI플랫폼","5630","130","2.36","5660.63","5640","5785","5620","4943","28017870","3715800000","0","660000","FnGuide AI 플랫폼 지수","813.23","18.91","2.38"
"477080","RISE CD금리액티브(합성)","106805","15","0.01","106798.05","106790","106810","106790","14582","1557347113","1464937380000","0","13716000","FnGuide CD금리투자 지수(총수익)","1464.42","0.00","0.00"
"290130","RISE ESG사회책임투자","56335","2335","4.32","56579.85","57765","58895","56235","548961","31830122675","594334250000","0","10550000","KRX ESG 사회책임경영지수(S)","9118.19","392.29","4.50"
"326240","RISE IT플러스","54065","2000","3.84","54239.07","55180","56390","53770","31503","1755212611","143812900000","0","2660000","FnGuide IT플러스 지수","7763.42","353.83","4.78"
"385560","RISE KIS국고채30년Enhanced","55245","1050","1.94","55156.53","54820","55245","54310","64124","3515194997","913862790000","0","16542000","KIS 국고채30년Enhanced지수(시장가격)","4922.89","107.85","2.24"
"479520","RISE KOFR금리액티브(합성)","105752","22","0.02","105753.74","105750","105755","105750","2156","228003679","1004961256000","0","9503000","KOFR 지수","1190.16","0.09","0.01"
"270800","RISE KQ고배당","17160","660","4.00","17209.90","17090","17477","17055","759","13081162","9438000000","0","550000","FnGuide KQ고배당포커스 지수","8701.48","273.86","3.25"
"292050","RISE KRX300","59415","3285","5.85","59130.83","60350","61455","58865","2138","130146690","23766000000","0","400000","KRX 300","5633.80","257.84","4.80"
"388280","RISE K엔터&여행레저","8655","-45","-0.52","8718.39","8925","8925","8625","50681","444108548","30984900000","0","3580000","FnGuide K엔터&여행레저 지수","812.71","4.10","0.51"
"0192L0","RISE SK하이닉스단일종목레버리지","20140","650","3.34","20096.29","22955","23135","20140","756680","16936424197","93147500000","0","4625000","KRX SK하이닉스 지수","12558.41","286.21","2.33"
"442550","RISE TDF2030액티브 적격","15390","135","0.88","15374.36","15335","15540","15330","10503","162347866","19237500000","0","1250000","iSelect 전략적자산배분 TDF 2030 지수","2155.52","16.20","0.76"
"442560","RISE TDF2040액티브 적격","17360","135","0.78","17385.94","17350","17585","17350","23148","405317956","42532000000","0","2450000","iSelect 전략적자산배분 TDF 2040 지수","2589.48","22.56","0.88"
"442570","RISE TDF2050액티브 적격","18740","350","1.90","18603.30","18595","18830","18595","211262","3962646508","281100000000","0","15000000","iSelect 전략적자산배분 TDF 2050 지수","2837.23","26.54","0.94"
"234310","RISE V&S셀렉트밸류","31820","1430","4.71","31965.42","32315","32835","31820","105","3399687","15910000000","0","500000","FnGuide 셀렉트 밸류 지수","6388.96","309.64","5.09"
"241390","RISE V&S셀렉트밸류채권혼합","16550","335","2.07","16642.45","16675","16790","16535","54118","905493517","36410000000","0","2200000","FnGuide 셀렉트벨류 채권혼합지수","2874.32","61.41","2.18"
"300640","RISE 게임테마","6945","110","1.61","6907.26","6905","7020","6860","6677","46295020","24307500000","0","3500000","WISE 게임 테마 지수 (시장가격지수)","3308.88","23.55","0.72"
"266160","RISE 고배당","38095","1660","4.56","38076.62","38545","39450","37965","94499","3686005646","247617500000","0","6500000","FnGuide 고배당포커스 지수","26980.76","1101.56","4.26"
"481430","RISE 국고채10년액티브","98345","705","0.72","98315.73","98215","98375","98070","12677","1246506945","97656585000","0","993000","KAP 국고채 10년 지수(총수익)","106.31","0.00","0.00"
"114100","RISE 국고채3년","105930","200","0.19","105964.04","105975","106000","105865","12328","1305846835","99574200000","0","940000","KTB INDEX(시장가격)","10114.48","24.35","0.24"
"282000","RISE 국고채3년선물인버스","114610","-165","-0.14","114517.01","114590","114655","114570","19","2177370","41488820000","0","362000","국채선물지수","1204.96","3.35","0.28"
"451670","RISE 국채30년레버리지(합성)","13560","325","2.46","13556.68","13450","13560","13295","682","9192380","6780000000","0","500000","KAP 국채30년 TR 지수(총수익)","79.39","1.35","1.73"
"295000","RISE 국채선물10년","51435","390","0.76","51482.57","51360","51435","51345","3","154140","5143500000","0","100000","10년국채선물지수","1135.52","10.98","0.98"
"295020","RISE 국채선물10년인버스","60010","-425","-0.70","59959.11","60125","60160","60010","336011","20181661115","67331220000","0","1122000","10년국채선물지수","1135.52","10.98","0.98"
"432600","RISE 국채선물3년","54870","135","0.25","54893.70","54895","54895","54850","3","164615","5487000000","0","100000","국채선물지수","1204.96","3.35","0.28"
"397420","RISE 국채선물5년추종","50360","215","0.43","50380.26","50345","50360","50300","3","151005","3928080000","0","78000","5년 국채선물 추종 지수","975.73","4.74","0.49"
"0114X0","RISE 글로벌게임테크TOP3Plus","8450","50","0.60","8447.95","8445","8565","8265","862","7249347","5915000000","0","700000","Solactive-KEDI 글로벌 게임 테크 TOP3 플러스 지수","4609.14","0.00","0.00"
"437370","RISE 글로벌농업경제","10815","-90","-0.83","10851.61","10850","10860","10795","2935","31745559","7570500000","0","700000","MVIS Global Agribusiness Index(Price Return)","3104.47","4.29","0.14"
"375270","RISE 글로벌데이터센터리츠(합성)","16650","110","0.67","16563.82","16425","16730","16425","1243","20707987","10822500000","0","650000","Kelly Data Center & Tech Infrastructure Net Total Return Index","1960.04","0.00","0.00"
"475380","RISE 글로벌리얼티인컴","11670","-75","-0.64","11662.06","11745","11745","11650","6321","73820723","32092500000","0","2750000","Solactive Global Realty Income Index(Price Return)","3146.34","0.00","0.00"
"476310","RISE 글로벌비만산업TOP2+","10590","210","2.02","10697.75","10595","10640","10565","1583","16761890","5824500000","0","550000","KEDI 글로벌 비만 산업 Top2+ 지수(Price Return)","3627.35","0.00","0.00"
"417450","RISE 글로벌수소경제","19400","170","0.88","19385.72","19555","19555","19320","19273","374350605","16490000000","0","850000","Indxx Hydrogen Economy Index (PR)","4081.96","0.00","0.00"
"442320","RISE 글로벌원자력","40795","845","2.12","41042.12","41525","41600","40790","47205","1940326025","277406000000","0","6800000","iSelect 글로벌원자력 지수(시장가격)","5858.13","80.27","1.39"
"461490","RISE 글로벌자산배분액티브","15000","105","0.70","15014.04","15010","15220","14960","84824","1272159664","316500000000","0","21100000","Bloomberg Multi-Asset Weighted (KRW ETFs) 지수(시장가격)","2067.40","15.89","0.77"
"459750","RISE 글로벌주식분산액티브","18975","355","1.91","19188.47","18880","19350","18880","3984","76107517","33206250000","0","1750000","Bloomberg Global Equity Market Weighted Index(Price Return)","2530.68","0.00","0.00"
"399580","RISE 글로벌클린에너지","11805","320","2.79","11880.30","11625","12110","11605","20052","237256510","11805000000","0","1000000","S&P Global Clean Energy Transition Index (Price Return)","1308.36","0.00","0.00"
"276650","RISE 글로벌테크놀로지(합성 H)","46075","1020","2.26","46017.49","46080","46175","45985","1274","58696320","34556250000","0","750000","S&P Global 1200 Information Technology and Interactive Media & Services(PR)","4942.08","25.50","0.52"
"336160","RISE 금융채액티브","100385","170","0.17","100365.63","100380","100385","100315","259","25986220","48887495000","0","487000","KIS 종합채권금융채 2.5Y-3Y 지수 (총수익)","139.06","0.00","0.00"
"326230","RISE 내수주플러스","12125","-110","-0.90","12110.40","12310","12415","12100","36","444090","7760000000","0","640000","FnGuide 내수주플러스 지수","1666.73","-2.73","-0.16"
"367760","RISE 네트워크인프라","76485","-345","-0.45","76748.90","81745","83305","76255","1723416","139806337976","1028723250000","0","13450000","FnGuide 네트워크 인프라 지수","10624.90","-2.42","-0.02"
"272560","RISE 단기국공채액티브","114095","25","0.02","114091.14","114095","114100","114075","3696","421678194","161672615000","0","1417000","KIS 종합채권국공채3M~1.5Y지수","139.72","0.00","0.00"
"385550","RISE 단기채권알파액티브","113340","-5","0.00","113340.53","113345","113375","113330","1726","195626840","390342960000","0","3444000","KIS 단기채권알파지수(AA-이상)(총수익지수)","128.09","0.00","0.00"
"196230","RISE 단기통안채","116300","25","0.02","116308.40","116305","116305","116285","5180","602422683","272607200000","0","2344000","KIS 통안채 5개월 지수(총수익)","13205.35","2.85","0.02"
"0061Z0","RISE 단기특수은행채액티브","50670","0","0.00","50673.71","50670","50675","50670","495","25081775","758732580000","0","14974000","KAP 단기 특수은행채 지수(시장가격)","116.49","0.00","0.00"
"315960","RISE 대형고배당10TR","93590","4330","4.85","93598.96","95105","97470","93105","303684","29134131377","659809500000","0","7050000","WISE 대형고배당10 TR 지수","11486.72","508.15","4.63"
"0138D0","RISE 동학개미","16555","1135","7.36","16340.63","16560","16645","16010","6439","105130637","12416250000","0","750000","FnGuide 동학개미 지수","5329.94","182.25","3.54"
"455890","RISE 머니마켓액티브","55080","5","0.01","55077.19","55075","55080","55070","344485","18972310175","2682836640000","0","48708000","KIS 시가평가 MMF 지수 (총수익지수)","120.60","0.00","0.00"
"401170","RISE 메타버스","12950","45","0.35","12924.72","13635","13795","12765","113257","1525191027","59311000000","0","4580000","iSelect 메타버스 지수(시장가격지수)","2707.62","-36.20","-1.32"
"481340","RISE 미국30년국채액티브","9925","65","0.66","9943.57","9910","9940","9900","45612","452365815","25308750000","0","2550000","Bloomberg U.S Treasury 20+ Year Total Return Index","592.71","0.00","0.00"
"472870","RISE 미국30년국채엔화노출(합성 H)","7915","85","1.09","7947.57","7910","7935","7900","478165","3784214416","277025000000","0","35000000","KIS 미국채30년 엔화노출 지수(USD/JPY 헤지)(총수익지수)","7110.56","82.39","1.17"
"472830","RISE 미국30년국채커버드콜(합성)","9215","40","0.44","9238.74","9085","9230","9085","29667","273250797","51143250000","0","5550000","Bloomberg U.S. Treasury 20+ Year (TLT) 2% OTM Covered Call Index(TR)","968.64","0.00","0.00"
"485690","RISE 미국AI밸류체인TOP3Plus","24240","560","2.36","24316.15","24300","24685","24240","19312","472118950","98172000000","0","4050000","KEDI 미국 AI 밸류체인 TOP3 Plus 지수(Price Return)","9995.69","0.00","0.00"
"490590","RISE 미국AI밸류체인데일리고정커버드콜","16510","410","2.55","16513.62","16650","16815","16470","812970","13523542472","746252000000","0","45200000","KEDI 미국 AI밸류체인 90%참여+데일리옵션 프리미엄 지수(TR)","11013.28","0.00","0.00"
"0176E0","RISE 미국AI전력인프라액티브","12560","480","3.97","12485.56","12575","12675","12440","42530","536167101","161396000000","0","12850000","Solactive US AI Electricity Infrastructure Index PR","6229.93","0.00","0.00"
"0127R0","RISE 미국AI클라우드인프라","19950","1420","7.66","19452.39","19470","20525","19470","38703","780332286","18952500000","0","950000","Akros 미국 AI 클라우드 인프라 지수(Price Return)","14623.57","0.00","0.00"
"495940","RISE 미국AI테크액티브","22660","175","0.78","22722.39","22920","23040","22660","26196","597412612","69113000000","0","3050000","Solactive US AI Tech Active Index PR","7037.95","0.00","0.00"
"379780","RISE 미국S&P500","24375","170","0.70","24398.19","24370","24455","24355","534380","13037278789","1533187500000","0","62900000","S&P 500","7394.30","0.00","0.00"
"453330","RISE 미국S&P500(H)","17530","225","1.30","17534.19","17550","17595","17515","55625","975295600","87650000000","0","5000000","S&P 500","7394.30","0.00","0.00"
"0138T0","RISE 미국S&P500데일리고정커버드콜","10350","65","0.63","10364.72","10365","10385","10320","46067","477415809","33637500000","0","3250000","S&P500 10% Daily Fixed Covered Call Index","370.87","0.00","0.00"
"0005C0","RISE 미국S&P500엔화노출(합성 H)","11920","205","1.75","11899.19","11850","11920","11820","787","9335615","9536000000","0","800000","S&P500 Yen Hedged Index(PR)","3042.72","0.00","0.00"
"460660","RISE 미국S&P배당킹","12360","5","0.04","12417.36","12355","12495","12355","7749","95975285","18540000000","0","1500000","S&P Dividend Monarchs Index(Price Return)","1280.35","0.00","0.00"
"219390","RISE 미국S&P원유생산기업(합성 H)","7225","-220","-2.96","7300.63","7210","7305","7185","105042","758429745","17701250000","0","2450000","S&P Oil & Gas Exploration & Production Select Industry Index(PR)","6278.25","0.00","0.00"
"0115C0","RISE 미국고배당다우존스TOP10","11885","-20","-0.17","11937.67","11970","11970","11880","16318","194325581","25552750000","0","2150000","Dow Jones U.S. High Dividend 10 Index","4094.12","0.00","0.00"
"354240","RISE 미국고정배당우선증권","11765","-135","-1.13","11836.05","11745","11865","11745","3717","43865407","13529750000","0","1150000","ICE BofAML Core Plus Fixed Rate Preferred Securities Index(PR)","75.21","0.00","0.00"
"368590","RISE 미국나스닥100","33020","580","1.79","33095.31","33150","33255","33000","569952","18898441523","1584960000000","0","48000000","NASDAQ 100","29446.18","0.00","0.00"
"437350","RISE 미국단기투자등급회사채액티브","13390","-65","-0.48","13386.39","13455","13455","13120","11483","153729550","29458000000","0","2200000","Bloomberg US Corporate 1-5 Years Total Return Index","269.22","0.00","0.00"
"455960","RISE 미국달러SOFR금리액티브(합성)","13210","-5","-0.04","13210.32","13100","13220","13100","593","7798970","61690700000","0","4670000","KAP SOFR 지수","124.67","0.00","0.00"
"469530","RISE 미국달러선물인버스","8535","50","0.59","8532.26","8540","8555","8530","745","6360945","5462400000","0","640000","미국달러선물지수","1702.09","-11.20","-0.65"
"469060","RISE 미국반도체NYSE","42555","2150","5.32","42830.05","43060","43385","42510","60281","2585533301","78726750000","0","1850000","NYSE Semicondoctor Index(Price Return)","2997.81","0.00","0.00"
"469050","RISE 미국반도체NYSE(H)","35255","2000","6.01","35437.70","35680","36075","35170","177122","6316581990","33492250000","0","950000","NYSE Semicondoctor Index(Price Return)","2997.81","0.00","0.00"
"491630","RISE 미국반도체인버스(합성 H)","5190","-375","-6.74","5176.05","5020","5195","4960","23894","121190948","2465250000","0","475000","NYSE Semicondoctor Index(Price Return)","2997.81","0.00","0.00"
"490600","RISE 미국배당100데일리고정커버드콜","9670","10","0.10","9655.00","9675","9760","9585","330810","3191862064","149401500000","0","15450000","KEDI 미국 배당100 90%참여+데일리옵션 프리미엄 지수(총수익지수)","2491.85","0.00","0.00"
"0018Z0","RISE 미국양자컴퓨팅","21825","790","3.76","21619.36","21665","22102","21665","13470","295505893","21825000000","0","1000000","Solactive US Quantum Computing Technology Index PR","7906.02","0.00","0.00"
"0013P0","RISE 미국은행TOP10","13085","245","1.91","13126.38","13060","13195","13055","25528","333926815","17010500000","0","1300000","KEDI 미국 은행 TOP10 지수","2624.40","0.00","0.00"
"267440","RISE 미국장기국채선물(H)","8135","25","0.31","8307.84","8205","8205","8135","7414","60467985","4881000000","0","600000","S&P U.S. Treasury Bond Futures Excess Return Index","206.18","-0.06","-0.03"
"267490","RISE 미국장기국채선물레버리지(합성 H)","5255","95","1.84","5338.98","5250","5280","5240","2437","12789505","3678500000","0","700000","S&P U.S. Treasury Bond Futures Excess Return Index","206.18","-0.06","-0.03"
"267450","RISE 미국장기국채선물인버스(H)","10730","-220","-2.01","10830.06","10785","10820","10730","1493","16095730","5365000000","0","500000","S&P U.S. Treasury Bond Futures Excess Return Index","206.18","-0.06","-0.03"
"0036Z0","RISE 미국천연가스밸류체인","13660","-225","-1.62","13703.81","13880","13880","13600","6670","91008770","8879000000","0","650000","Solactive US Natural Gas Value Chain Index PR","1896.38","0.00","0.00"
"491620","RISE 미국테크100데일리고정커버드콜","11830","220","1.89","11848.53","11910","11925","11815","685959","8141231605","464327500000","0","39250000","KEDI 미국 테크100 90%참여+데일리옵션 프리미엄 지수(TR)","4579.91","0.00","0.00"
"0036R0","RISE 미국휴머노이드로봇","21840","675","3.19","21856.98","21850","22050","21805","43099","946316807","128856000000","0","5900000","KEDI 미국 휴머노이드 로봇 지수(시장가격)","8108.34","0.00","0.00"
"0000Z0","RISE 바이오TOP10액티브","10730","-265","-2.41","10720.82","11440","11440","10665","269870","2962773706","60624500000","0","5650000","KRX 바이오 TOP 10 지수","2134.65","1.05","0.05"
"446700","RISE 배터리 리사이클링","11750","450","3.98","11701.89","11640","11985","11555","4079","48128930","13865000000","0","1180000","iSelect 배터리 리사이클링 지수","3087.35","130.99","4.43"
"475350","RISE 버크셔포트폴리오TOP10","15220","-35","-0.23","15221.96","15255","15305","15160","43043","656069069","67729000000","0","4450000","Solactive Berkshire Portfolio Top10 Index(PR)","2956.84","0.00","0.00"
"388420","RISE 비메모리반도체액티브","38700","1615","4.35","38521.31","38635","39970","38150","633687","24825102672","363780000000","0","9400000","iSelect 비메모리반도체 지수(시장가격지수)","9444.28","780.64","9.01"
"448630","RISE 삼성그룹Top3채권혼합","15410","370","2.46","15411.56","15560","15565","15240","235310","3638063100","352889000000","0","22900000","Bloomberg Blended Samsung Group Fixed Top 3 Equity and Korean Bond Index","2747.05","68.52","2.56"
"0162Z0","RISE 삼성전자SK하이닉스채권혼합50","14500","320","2.26","14478.59","14775","14900","14445","14969544","220789834845","3668500000000","0","253000000","KAP 삼성전자SK하이닉스채권혼합50 지수","4261.99","120.86","2.92"
"0192M0","RISE 삼성전자단일종목레버리지","21800","2980","15.83","21727.01","22495","23900","21505","958450","22003423570","75755000000","0","3475000","KRX 삼성전자 지수","6039.33","440.08","7.86"
"367770","RISE 수소경제테마","27540","1285","4.89","27300.08","27475","28165","26905","109520","3025421117","152847000000","0","5550000","FnGuide 수소 경제 테마 지수","3427.34","121.53","3.68"
"140570","RISE 수출주","29030","940","3.35","29308.33","29955","30310","29030","2040","60646880","11612000000","0","400000","MKF 수출주 지수","29163.50","870.48","3.08"
"0093B0","RISE 엔비디아고정테크100","13430","215","1.63","13414.18","13370","13530","13370","3170","42666933","12758500000","0","950000","KEDI 엔비디아고정테크100 지수(PR)","9054.31","0.00","0.00"
"140580","RISE 우량업종대표주","29125","980","3.48","29286.99","29240","29675","28950","210","6179469","17475000000","0","600000","MKF 우량업종대표주 지수","28998.90","699.47","2.47"
"379790","RISE 유로스탁스50(H)","16885","415","2.52","16722.07","16540","17075","16540","15072","254680812","12663750000","0","750000","EURO STOXX 50 Index","6056.96","0.00","0.00"
"498610","RISE 인도디지털성장","8230","15","0.18","8225.87","8125","8395","8110","3599","29458265","4938000000","0","600000","MarketVector Digital India Index(INR)(Price Return)			","3197.24","0.00","0.00"
"488480","RISE 일본섹터TOP4Plus","13645","220","1.64","13654.00","13460","13915","13460","2377","32479245","7504750000","0","550000","Solactive Japan Samurai Sector TOP4 Plus Index(PR)","2917.98","0.00","0.00"
"385540","RISE 종합채권(A-이상)액티브","103265","405","0.39","103252.75","103155","103295","102995","3571","368538815","2176722935000","0","21079000","KIS 종합채권 지수(A-이상)(총수익지수)","119.70","0.00","0.00"
"183710","RISE 주식혼합","105000","3895","3.85","105316.19","106680","108585","105000","1551","166905960","21000000000","0","200000","주식국채혼합(주식형)지수","4200.52","147.52","3.64"
"310080","RISE 중국MSCI China(H)","9325","180","1.97","9386.53","9150","9415","9150","10676","98843845","10723750000","0","1150000","MSCI China Index(USD, Price Return)","73.18","0.00","0.00"
"463300","RISE 중국본토CSI300","14940","185","1.25","15114.44","14755","14950","14740","4750","70401715","23904000000","0","1600000","CSI 300 Index","0.00","-4722.41","-100.00"
"174360","RISE 중국본토대형주CSI100","26475","495","1.91","26573.67","26450","26690","26005","6936","183903080","39712500000","0","1500000","CSI A100","4578.12","0.00","0.00"
"136340","RISE 중기우량회사채","104085","70","0.07","104188.11","104090","104110","104030","546","56831700","139473900000","0","1340000","KOBI 크레딧 지수(총수익)","16021.26","32.42","0.20"
"281990","RISE 중소형고배당","18640","770","4.31","18556.11","18180","18705","18095","3734","68847040","10252000000","0","550000","FnGuide 중소형고배당포커스 지수","17925.30","417.11","2.38"
"272570","RISE 중장기국공채액티브","107380","365","0.34","107361.61","107350","107395","107295","199","21359820","8375640000","0","78000","KIS 종합채권국공채4~5Y지수","147.55","0.00","0.00"
"0164G0","RISE 차이나AI반도체TOP4Plus","15555","430","2.84","15467.85","15500","16030","15405","61222","956927462","31110000000","0","2000000","Solactive China AI Semiconductor TOP 4 Plus Index","6417.77","0.00","0.00"
"250730","RISE 차이나HSCEI(H)","9735","100","1.04","9839.96","9685","9860","9650","11048","107250100","16549500000","0","1700000","Hang Seng China H","8345.04","127.96","1.56"
"291680","RISE 차이나H선물인버스(H)","7880","-180","-2.23","7981.82","8030","8060","7510","2379","18835170","3940000000","0","500000","Hang Seng China Enterprises Futures Index(Price Return)","10556.82","192.49","1.86"
"0094L0","RISE 차이나테크TOP10위클리타겟커버드콜","8770","120","1.39","8703.37","8850","8850","8700","13730","120475383","12278000000","0","1400000","Bloomberg China Tech Select TOP 10 + 12% Target Premium Weekly Index","1024.56","0.00","0.00"
"371150","RISE 차이나항셍테크","7665","85","1.12","7653.01","7580","7795","7580","9447","72579170","14563500000","0","1900000","Hang Seng TECH Index","4696.59","40.85","0.88"
"498860","RISE 코리아금융고배당","18610","855","4.82","18711.24","18420","19075","18380","77960","1454927287","40011500000","0","2150000","iSelect 코리아 금융 고배당 지수","2812.92","133.94","5.00"
"495050","RISE 코리아밸류업","38290","1910","5.25","38241.88","37510","39560","37480","2455161","95266899443","1217622000000","0","31800000","코리아 밸류업 지수","3855.34","175.20","4.76"
"0094M0","RISE 코리아밸류업위클리고정커버드콜","21005","230","1.11","21179.04","21325","21795","21005","746596","16081453953","216351500000","0","10300000","코리아 밸류업 위클리 커버드콜 30% 지수","3890.46","128.57","3.42"
"0151P0","RISE 코리아전략산업액티브","19295","975","5.32","19320.61","19630","20090","19235","485879","9604201614","236363750000","0","12250000","KAP 코리아전략산업지수","5699.81","283.13","5.23"
"270810","RISE 코스닥150","17935","500","2.87","18145.74","18220","18510","17800","752499","13593270474","417168100000","0","23260000","코스닥 150","1835.35","64.09","3.62"
"278240","RISE 코스닥150선물레버리지","14610","585","4.17","14830.26","15060","15655","14455","61366","928701662","97010400000","0","6640000","F-코스닥150 지수","2099.63","45.92","2.24"
"275750","RISE 코스닥150선물인버스","2155","-50","-2.27","2137.17","2120","2160","2075","31380","66206630","1939500000","0","900000","F-코스닥150 지수","2099.63","45.92","2.24"
"302450","RISE 코스피","84455","3845","4.77","84256.16","86540","87320","83625","59183","5111280610","274478750000","0","3250000","코스피","8123.10","359.15","4.63"
"0047P0","RISE 테슬라고정테크100","15970","470","3.03","15929.37","15875","16035","15875","6447","102994185","23955000000","0","1500000","KEDI 테슬라고정테크100 지수(PR)","8228.89","0.00","0.00"
"0013R0","RISE 테슬라미국채타겟커버드콜혼합(합성)","9435","155","1.67","9408.02","9280","9445","9280","29927","282059690","33966000000","0","3600000","KEDI 테슬라미국30년국채15%타겟프리미엄 혼합지수(TR)","2785.86","0.00","0.00"
"449580","RISE 테슬라애플아마존채권혼합","16830","110","0.66","16816.29","16720","17065","16720","26143","441536017","21879000000","0","1300000","iSelect 테슬라 애플 아마존 채권혼합지수(Price Return)","4370.10","36.73","0.85"
"334690","RISE 팔라듐선물(H)","5935","190","3.31","5935.33","5860","5935","5850","6023","35489870","4154500000","0","700000","S&P GSCI Palladium Excess Return Index","729.28","29.89","4.27"
"334700","RISE 팔라듐선물인버스(H)","3485","-105","-2.92","3474.53","3485","3510","3460","2351","8165885","2091000000","0","600000","S&P GSCI Palladium Excess Return Index","729.28","29.89","4.27"
"0047R0","RISE 팔란티어고정테크100","15065","165","1.11","15175.39","15115","15315","15065","8015","121147835","29376750000","0","1950000","KEDI 팔란티어고정테크100 지수(PR)","4970.20","0.00","0.00"
"253280","RISE 헬스케어","13600","140","1.04","13543.09","13905","13955","13480","9392","130082870","8840000000","0","650000","FnGuide 헬스케어 지수","3421.51","-19.63","-0.57"
"253290","RISE 헬스케어채권혼합","11790","-10","-0.08","11848.25","11880","11960","11780","18316","217599417","21222000000","0","1800000","FnGuide 헬스케어 채권혼합 지수","2127.55","-0.02","0.00"
"0190C0","RISE 현대차고정피지컬AI","12005","380","3.27","11993.59","12320","12695","11870","4895720","60598407390","757515500000","0","63100000","KEDI 현대차고정피지컬AI 지수","3147.33","108.25","3.56"
"411540","SOL 200 Top10","20320","810","4.15","20244.34","20350","20760","20085","16603","339618225","28448000000","0","1400000","코스피 200 Top 10 지수","3071.79","129.44","4.40"
"295040","SOL 200TR","48405","1955","4.21","48603.45","49510","50660","48330","322938","16135869450","813204000000","0","16800000","코스피 200 TR","1710.68","79.19","4.85"
"0167B0","SOL 200타겟위클리커버드콜","14655","665","4.75","14628.41","14750","15165","14550","2833877","42446165161","745939500000","0","50900000","코스피 200 타겟 15% 위클리 커버드콜 지수","3827.21","168.48","4.60"
"488980","SOL 26-12 회사채(AA-이상)액티브","51770","5","0.01","51772.71","51780","51780","51770","86","4452990","253569460000","0","4898000","KAP 26-12 크레딧 채권지수(AA-이상, 총수익)","109.44","0.00","0.00"
"0092C0","SOL 27-12 회사채(AA-이상)액티브","49880","30","0.06","49853.18","49865","49880","49865","16241","810258980","253490160000","0","5082000","KAP 27-12 크레딧 채권지수(AA-이상, 총수익)","103.30","0.00","0.00"
"455860","SOL 2차전지소부장Fn","5770","315","5.77","5786.91","5740","5945","5660","973021","5659350434","137037500000","0","23750000","FnGuide 2차전지 소부장 지수(PR)","3570.36","200.25","5.94"
"0167A0","SOL AI반도체TOP2플러스","22925","575","2.57","22899.83","24275","24580","22780","35355528","844098944331","6033860000000","0","263200000","FnGuide AI반도체 TOP2 플러스 지수(PR)","8913.58","185.26","2.12"
"455850","SOL AI반도체소부장","34200","2680","8.50","34707.79","33405","35185","31885","11916565","400202297927","1333800000000","0","39000000","FnGuide AI 반도체 소부장 지수","5906.58","550.10","10.27"
"497880","SOL CD금리&머니마켓액티브","50080","15","0.03","50070.79","50065","50090","50065","143541","7187751546","242787840000","0","4848000","KAP CD&단기자금시장지수(PR)","120.19","0.00","0.00"
"363510","SOL KIS단기통안채","111580","10","0.01","111587.64","111580","111580","111580","1","111580","25774980000","0","231000","KIS 단기통안채 Index(총수익)","12740.92","2.94","0.02"
"292500","SOL KRX300","59590","4005","7.21","58812.73","60030","61000","59590","1839","111442387","29795000000","0","500000","KRX 300","5633.80","257.84","4.80"
"404650","SOL KRX기후변화솔루션","28590","1025","3.72","28588.07","29195","29680","28540","310","9139140","17154000000","0","600000","KRX 기후변화 솔루션지수","5488.87","163.25","3.07"
"490480","SOL K방산","33645","1045","3.21","33838.59","33610","34620","33410","61549","2090607884","104299500000","0","3100000","KEDI K방산 지수(PR)","7292.35","271.62","3.87"
"0197W0","SOL SK하이닉스단일종목레버리지","20045","820","4.27","19871.56","22600","22865","20045","820838","18103867598","67651875000","0","3375000","KRX SK하이닉스 지수","12558.41","286.21","2.33"
"0197X0","SOL SK하이닉스선물단일종목인버스2X","13595","-485","-3.44","13899.94","11300","13595","11295","38892989","475045406495","122355000000","0","9000000","KRX SK하이닉스 선물 지수","12114.67","191.14","1.60"
"438570","SOL 국고채10년","98365","685","0.70","98378.28","98205","98440","98125","4324","425071775","105939105000","0","1077000","KAP 국고채10년지수(총수익지수)","109.19","0.98","0.91"
"474390","SOL 국고채30년액티브","42395","620","1.48","42434.18","42325","42395","42010","49","2074840","5680930000","0","134000","KAP 국고채30년 지수(TR)","78.03","0.00","0.00"
"438560","SOL 국고채3년","99770","195","0.20","99754.16","99770","99820","99710","6061","604536040","74129110000","0","743000","KAP 국고채3년지수(총수익지수)","119.84","0.26","0.22"
"0066W0","SOL 국제금","13435","215","1.63","13571.29","13560","13600","13430","77807","1050926837","96732000000","0","7200000","KEDI 국제금현물 ETF 가격지수(PR)","3298.08","0.00","0.00"
"0022T0","SOL 국제금커버드콜액티브","13945","230","1.68","14060.10","14025","14090","13915","97371","1362275596","78092000000","0","5600000","KEDI 골드인컴프리미엄 지수(NTR)","2880.38","0.00","0.00"
"423170","SOL 글로벌AI반도체탑픽액티브","67960","2785","4.27","67950.35","68400","69985","67740","169089","11717015005","273199200000","0","4020000","S&P Global Semiconductor Korea Tilted Index(PR)","29273.97","1774.46","6.45"
"400590","SOL 글로벌탄소배출권선물ICE(합성)","14485","-150","-1.02","14795.00","14560","14560","14485","2055","29783815","7242500000","0","500000","ICE Global Carbon Futures Index(Excess Return)","639.45","0.00","0.00"
"484880","SOL 금융지주플러스고배당","21780","780","3.71","21790.42","21360","22430","21150","646005","14104986026","347391000000","0","15950000","FnGuide 금융지주플러스고배당 지수(PR)","3038.37","119.91","4.11"
"484890","SOL 머니마켓액티브","52225","10","0.02","52218.81","52225","52225","52220","8040","419883042","14623000000","0","280000","KAP 시가 MMF 지수(TR)","120.85","0.00","0.00"
"461600","SOL 미국30년국채액티브(H)","8650","100","1.17","8657.89","8665","8665","8650","67507","584269591","27247500000","0","3150000","KAP 미국채 20Y+ 지수(시장가격)","57.77","0.00","0.00"
"473330","SOL 미국30년국채커버드콜(합성)","9275","30","0.32","9314.89","9245","9280","9240","278845","2583581603","336682500000","0","36300000","KEDI 미국 국채 20년+ 커버드콜 지수(NTR)","1082.97","0.00","0.00"
"494210","SOL 미국500타겟데일리커버드콜액티브","11815","105","0.90","11824.90","11770","11845","11770","2485","29338644","9452000000","0","800000","KEDI 미국퀄리티500+월1%프리미엄 지수(NTR)","3086.35","0.00","0.00"
"479620","SOL 미국AI반도체칩메이커","29590","1205","4.25","29911.33","30210","30350","29520","199162","5990599351","102085500000","0","3450000","Solactive US AI Semiconductor Chip Makers Index(PR)","13299.77","0.00","0.00"
"481180","SOL 미국AI소프트웨어","14795","45","0.31","14828.44","14750","15100","14745","125073","1858946268","150909000000","0","10200000","KEDI 미국 AI 소프트웨어지수(PR)","4421.00","0.00","0.00"
"486450","SOL 미국AI전력인프라","23560","915","4.04","23383.67","23585","23760","23375","115989","2736684353","283898000000","0","12050000","KEDI 미국AI전력인프라 지수(PR)","11128.82","0.00","0.00"
"433330","SOL 미국S&P500","23285","175","0.76","23310.20","23280","23370","23270","231286","5392459249","307362000000","0","13200000","S&P 500","7394.30","0.00","0.00"
"399110","SOL 미국S&P500ESG","22140","125","0.57","22130.73","22065","22430","22045","13716","304367236","123984000000","0","5600000","S&P500 Scored&Screened(PR)","655.57","0.00","0.00"
"0080X0","SOL 미국S&P500미국채혼합50","11910","-30","-0.25","11938.14","11930","11965","11905","48239","575870461","67887000000","0","5700000","S&P 500 and iBoxx $ Treasuries 7-10Y 5050 Blend Index(USD) PR/TR Hybrid","484.83","0.00","0.00"
"499150","SOL 미국S&P500엔화노출(H)","11510","190","1.68","11525.21","11520","11520","11400","179","2050070","9208000000","0","800000","S&P500 Yen Hedged Index(PR)","3042.72","0.00","0.00"
"447620","SOL 미국TOP5채권혼합50","15775","25","0.16","15866.69","15800","16010","15710","59094","934803548","119890000000","0","7600000","Solactive US TOP5 Balanced50 Index(PR)","1979.89","0.00","0.00"
"476030","SOL 미국나스닥100","18750","320","1.74","18798.67","18820","18865","18750","353010","6638561387","122812500000","0","6550000","NASDAQ 100","29446.18","0.00","0.00"
"0118S0","SOL 미국넥스트테크TOP10액티브","14385","915","6.79","14258.18","14365","14755","14350","92226","1338446784","71925000000","0","5000000","KEDI 미국넥스트테크TOP10(PR)","3149.59","0.00","0.00"
"446720","SOL 미국배당다우존스","14360","50","0.35","14347.58","14405","14420","14310","228388","3277569170","1012380000000","0","70500000","Dow Jones U.S. Dividend 100 Price Return Index","6863.15","0.00","0.00"
"452360","SOL 미국배당다우존스(H)","12745","85","0.67","12757.41","12735","12830","12730","46203","588909320","209018000000","0","16400000","Dow Jones U.S. Dividend 100 Price Return Index","6863.15","0.00","0.00"
"493420","SOL 미국배당다우존스2호","13250","40","0.30","13239.61","13210","13265","13170","2934","38810200","31800000000","0","2400000","Dow Jones U.S. Dividend 100 Index(TR)","17689.32","0.00","0.00"
"490490","SOL 미국배당미국채혼합50","11920","25","0.21","11906.30","11895","12220","11855","373651","4452394533","462496000000","0","38800000","KRX 다우존스 미국배당국채 혼합지수","1379.50","0.00","0.00"
"0023A0","SOL 미국양자컴퓨팅TOP10","34055","260","0.77","33708.27","34275","34725","34010","313851","10759395023","541474500000","0","15900000","KEDI 미국양자컴퓨팅 TOP10(PR)","11085.85","0.00","0.00"
"0181L0","SOL 미국우주항공TOP10","12100","1270","11.73","11651.70","12300","12470","11850","1111258","13556879824","130075000000","0","10750000","KEDI 미국우주항공 TOP10(PR)","5203.92","0.00","0.00"
"0051G0","SOL 미국원자력SMR","14700","475","3.34","14731.38","14705","14910","14700","76371","1128910794","196980000000","0","13400000","KEDI 미국원자력 SMR 지수(PR)","9847.69","0.00","0.00"
"481190","SOL 미국테크TOP10","17710","15","0.08","17689.76","17785","17850","17695","158678","2818021726","308154000000","0","17400000","Solactive US Tech TOP 10 Custom Index(PR)","2757.87","0.00","0.00"
"475300","SOL 반도체전공정","30095","2360","8.51","30188.21","30205","33200","28190","6581356","195292737635","138437000000","0","4600000","FnGuide 반도체 전공정 지수(PR)","5923.34","507.57","9.37"
"475310","SOL 반도체후공정","36775","3275","9.78","37024.25","35180","38140","33890","1334034","48150299260","91937500000","0","2500000","FnGuide 반도체 후공정 지수(PR)","10977.18","1082.60","10.94"
"0152E0","SOL 배당성향탑픽액티브","11740","300","2.62","11841.71","11710","11955","11585","73001","860637653","34046000000","0","2900000","FnGuide 배당성향탑픽 지수(PR)","2261.40","72.49","3.31"
"400580","SOL 유럽탄소배출권선물S&P(H)","10875","-25","-0.23","10976.15","10900","10900","10875","1876","20424927","5437500000","0","500000","S&P GSCI Carbon Emission Allowances(EUA)(EUR)ER","233.56","4.33","1.89"
"464610","SOL 의료기기소부장Fn","8450","-145","-1.69","8395.80","8655","8740","8355","31883","272938052","15632500000","0","1850000","FnGuide 의료기기소부장지수(PR)","1383.53","-28.84","-2.04"
"466930","SOL 자동차TOP3플러스","34380","575","1.70","34505.84","36270","37045","34210","1144341","41281592702","438345000000","0","12750000","FnGuide 자동차TOP3플러스지수(PR)","5422.29","86.70","1.62"
"464600","SOL 자동차소부장Fn","30915","250","0.82","31086.50","32945","33835","30805","80804","2650096344","38643750000","0","1250000","FnGuide 자동차소부장지수(PR)","4129.49","36.87","0.90"
"0005D0","SOL 전고체배터리&실리콘음극재","18815","1215","6.90","18857.79","18600","19655","18400","1044396","20025744597","177801750000","0","9450000","FnGuide 전고체배터리&실리콘음극재 지수(PR)","2869.85","178.43","6.63"
"466920","SOL 조선TOP3플러스","35495","1655","4.89","35603.30","35500","36460","35095","3066468","109691462695","1794272250000","0","50550000","FnGuide 조선TOP3플러스지수(PR)","6004.20","263.46","4.59"
"0080Y0","SOL 조선TOP3플러스레버리지","16080","700","4.55","15891.75","16300","16905","15710","897215","14711177862","172056000000","0","10700000","FnGuide 조선TOP3플러스지수(PR)","6025.27","284.53","4.96"
"0141S0","SOL 조선기자재","10545","340","3.33","10552.64","10600","10780","10405","240130","2541946911","73287750000","0","6950000","FnGuide 조선기자재 지수(PR)","3613.98","126.21","3.62"
"436140","SOL 종합채권(AA-이상)액티브","106520","420","0.40","106526.83","106470","106525","106375","226","24061595","1290170240000","0","12112000","KAP K-종합채권지수(AA-이상, 총수익)","155.45","0.00","0.00"
"0141T0","SOL 중기종합채권(AA-이상)액티브","49960","80","0.16","49941.99","49965","49965","49935","17","849160","34872080000","0","698000","KAP K-중기종합채권지수(AA-이상,총수익)","124.07","0.00","0.00"
"0016X0","SOL 중단기회사채(A-이상)액티브","51000","10","0.02","51020.42","51015","51030","50995","18878","962904740","413100000000","0","8100000","KIS 중단기크레딧플러스채권(AA+~A-)지수(총수익)","122.08","0.00","0.00"
"220130","SOL 차이나강소기업CSI500(합성 H)","7020","200","2.93","6987.28","6820","7050","6820","606","4216725","5616000000","0","800000","CSI 500 지수","8118.86","83.09","1.03"
"0131A0","SOL 차이나소비트렌드","9590","290","3.12","9628.60","9230","9590","9230","861","8075470","6713000000","0","700000","SOLACTIVE-KEDI CHINA CONSUMER TREND INDEX(PR)","1754.13","0.00","0.00"
"415760","SOL 차이나육성산업액티브(합성)","14485","90","0.63","14722.24","14470","15240","14470","75351","1104280995","32156700000","0","2220000","STAR 50 Index(Price Return)","1673.01","10.57","0.64"
"413220","SOL 차이나태양광CSI(합성)","6025","45","0.75","6050.35","5980","6155","5975","5979","35932467","7230000000","0","1200000","CSI Photovoltaic Industry Index(PR)","2946.37","-8.67","-0.29"
"469830","SOL 초단기채권액티브","53970","15","0.03","53968.90","53965","53970","53965","181947","9819236090","1184533560000","0","21948000","KAP 단기자금시장지수","123.40","0.00","0.00"
"0105E0","SOL 코리아고배당","13920","480","3.57","13915.05","13680","14175","13680","1490079","20813711466","594384000000","0","42700000","FnGuide 코리아 고배당 지수(PR)","2569.48","81.44","3.27"
"444200","SOL 코리아메가테크액티브","56525","2450","4.53","56357.89","56590","58185","55735","326127","18650064603","692431250000","0","12250000","KEDI 메가테크지수(PR)","8276.85","314.82","3.95"
"495550","SOL 코리아밸류업TR","38810","1575","4.23","38753.92","39045","40185","38590","379133","15018533997","227038500000","0","5850000","코리아 밸류업 TR 지수","4047.13","183.92","4.76"
"450910","SOL 코스닥150","17630","420","2.44","17865.94","18035","18210","17505","37216","661420106","43369800000","0","2460000","코스닥 150","1835.35","64.09","3.62"
"0192T0","SOL 코스닥TOP10","9115","435","5.01","9220.18","9145","9340","8925","451992","4134278047","37371500000","0","4100000","코스닥 TOP 10 지수","2006.58","94.62","4.95"
"0192S0","SOL 코스피200채권혼합50","10305","265","2.64","10296.28","10215","10495","10215","309191","3223268006","19579500000","0","1900000","코스피 200 KTB 혼합지수","3279.92","85.10","2.66"
"0040X0","SOL 팔란티어미국채커버드콜혼합","9925","50","0.51","9945.34","9885","9990","9885","477565","4743113648","196515000000","0","19800000","KEDI 팔란티어미국채커버드콜혼합지수(NTR)","2358.79","0.00","0.00"
"0040Y0","SOL 팔란티어커버드콜OTM채권혼합","8415","50","0.60","8383.64","8365","8425","8365","425799","3581509864","375309000000","0","44600000","KEDI 팔란티어커버드콜OTM 채권혼합지수(NTR)","1875.61","0.00","0.00"
"0105D0","SOL 한국AI소프트웨어","11480","390","3.52","11447.15","11490","11975","11290","350341","4090631081","29274000000","0","2550000","KEDI 한국AI소프트웨어 지수(PR)","979.87","30.76","3.24"
"0092B0","SOL 한국원자력SMR","18000","1240","7.40","19222.86","17870","18090","17015","217945","3844144845","150300000000","0","8350000","FnGuide 한국원자력 SMR 지수(PR)","3548.07","315.00","9.74"
"429980","SOL 한국형글로벌전기차&2차전지액티브","20775","660","3.28","20812.68","20805","20990","20595","2830","59087860","10387500000","0","500000","FactSet Global Electric Vehicle and Rechargeable Battery Korea-Tilted Index(PR)","526.49","10.12","1.96"
"0008T0","SOL 화장품TOP3플러스","13995","-235","-1.65","13949.09","14450","14500","13900","428441","6068966974","62277750000","0","4450000","FnGuide 화장품TOP3 플러스 지수(PR)","2021.81","-35.54","-1.73"
"0139F0","TIGER 12월자동연장금융채(AA-이상)액티브","101375","10","0.01","101370.65","101375","101375","101370","51","5170075","1197036000000","0","11808000","KIS 12월 만기 자동연장금융채(AA-이상) 총수익지수","118.02","0.00","0.00"
"102110","TIGER 200","129575","5665","4.57","130015.32","132775","135400","129345","5715343","763229631362","11279503750000","0","87050000","코스피 200","1291.32","59.78","4.85"
"139260","TIGER 200 IT","169920","4635","2.80","171023.76","175925","179835","169920","1099353","194377817523","2966803200000","0","17460000","코스피 200 정보기술","17475.43","673.41","4.01"
"139220","TIGER 200 건설","8465","450","5.61","8948.79","8905","9000","8345","1954961","16917965694","146444500000","0","17300000","코스피 200 건설","864.56","61.28","7.63"
"139290","TIGER 200 경기소비재","32545","1300","4.16","32401.44","32605","33340","32190","5958","195404000","7810800000","0","240000","코스피 200 경기소비재","3204.18","94.25","3.03"
"139270","TIGER 200 금융","17260","660","3.98","17261.51","17150","17725","16940","61884","1078773297","31413200000","0","1820000","코스피 200 금융","1755.44","66.94","3.96"
"227550","TIGER 200 산업재","12985","190","1.48","13187.88","13185","13475","12985","3056","40237781","4414900000","0","340000","코스피 200 산업재","1319.48","50.72","4.00"
"227560","TIGER 200 생활소비재","12850","-30","-0.23","12853.92","13010","13115","12850","2392","30990384","2827000000","0","220000","코스피 200 생활소비재","1321.39","3.31","0.25"
"139250","TIGER 200 에너지화학","18885","395","2.14","18894.51","19020","19430","18710","60367","1151060419","32859900000","0","1740000","코스피 200 에너지/화학","1869.59","50.77","2.79"
"139230","TIGER 200 중공업","16570","810","5.14","16869.91","16765","17065","16450","406325","6809649793","348964200000","0","21060000","코스피 200 중공업","1601.34","93.28","6.19"
"139240","TIGER 200 철강소재","11860","565","5.00","11809.02","11710","12130","11635","25852","306022190","7116000000","0","600000","코스피 200 철강/소재","1175.09","58.69","5.26"
"227540","TIGER 200 헬스케어","18200","105","0.58","18215.49","18590","18625","18095","30348","557889850","30576000000","0","1680000","코스피 200 헬스케어","1924.36","22.03","1.16"
"243880","TIGER 200IT레버리지","664095","47095","7.63","666355.61","713945","733780","650000","237274","168429050321","1012744875000","0","1525000","코스피 200 정보기술","17475.43","673.41","4.01"
"310960","TIGER 200TR","75190","3115","4.32","75537.30","77075","78540","75165","139759","10834324202","383469000000","0","5100000","코스피 200 TR","1710.59","79.10","4.85"
"252000","TIGER 200동일가중","20975","530","2.59","21238.71","21365","21595","20975","134","2855290","16780000000","0","800000","코스피 200 동일가중지수","4076.09","126.35","3.20"
"267770","TIGER 200선물레버리지","139070","11925","9.38","139696.01","145000","151725","139070","64184","9348749651","319861000000","0","2300000","코스피 200 선물지수","6340.41","317.22","5.27"
"252710","TIGER 200선물인버스2X","90","-9","-9.09","90.33","83","90","80","123558821","10345711460","32283000000","0","358700000","코스피 200 선물지수","6340.41","317.22","5.27"
"243890","TIGER 200에너지화학레버리지","10695","630","6.26","10653.04","10995","11230","10450","42324","459455626","6684375000","0","625000","코스피 200 에너지/화학","1869.59","50.77","2.79"
"315270","TIGER 200커뮤니케이션서비스","22255","915","4.29","22343.90","22195","23100","21960","14513","325380393","5786300000","0","260000","코스피 200 커뮤니케이션서비스","2224.00","61.61","2.85"
"289480","TIGER 200커버드콜","12275","220","1.82","12166.84","12055","12600","12055","32568","402521889","30687500000","0","2500000","코스피 200 커버드콜 ATM 지수","1806.85","6.35","0.35"
"166400","TIGER 200커버드콜OTM","23605","280","1.20","23360.25","23325","25420","23165","1719","41635542","11802500000","0","500000","코스피 200 커버드콜 5% OTM","731.35","-13.02","-1.75"
"0104N0","TIGER 200타겟위클리커버드콜","25350","1120","4.62","25309.55","25775","26335","25155","383655","9967276264","268710000000","0","10600000","코스피 200 타겟 7% 위클리 커버드콜 지수","4248.90","192.57","4.75"
"480260","TIGER 27-04회사채(A+이상)액티브","53465","20","0.04","53461.52","53425","53475","53425","5340","285460076","470064280000","0","8792000","KIS 회사채2704만기형 지수 (총수익 지수)","121.08","0.00","0.00"
"0094K0","TIGER 28-04 회사채(A+이상)액티브","98695","80","0.08","98698.92","98730","98730","98650","13745","1356481930","276839475000","0","2805000","KIS 회사채 2804만기형 지수(총수익)","109.77","0.00","0.00"
"364980","TIGER 2차전지TOP10","11330","550","5.10","11368.59","11265","11760","11120","3946801","45366555530","721721000000","0","63700000","KRX 2차전지 TOP 10 지수","3979.42","224.28","5.97"
"412570","TIGER 2차전지TOP10레버리지","1715","170","11.00","1739.62","1661","1818","1631","10283146","17879064950","192165750000","0","112050000","KRX 2차전지 TOP 10 지수","3979.84","224.70","5.98"
"462010","TIGER 2차전지소재Fn","6200","330","5.62","6219.65","6200","6400","6085","3645655","22802160390","660610000000","0","106550000","FnGuide 2차전지소재 (Price Return) 지수","2121.00","115.14","5.74"
"305540","TIGER 2차전지테마","21605","1360","6.72","21522.81","21195","22140","21005","990737","21476119901","1092132750000","0","50550000","WISE 2차전지 테마 지수","8062.43","449.42","5.90"
"471760","TIGER AI반도체핵심공정","22310","2160","10.72","22478.28","21025","22910","20380","2952642","63528582342","195212500000","0","8750000","iSelect AI반도체핵심공정지수","4680.15","506.54","12.14"
"365040","TIGER AI코리아그로스액티브","42920","2035","4.98","42622.91","43155","44155","42310","24714","1077423000","85840000000","0","2000000","코스피","8123.10","359.15","4.63"
"364960","TIGER BBIG","7220","245","3.51","7182.10","7165","7350","7065","71263","514390676","92055000000","0","12750000","KRX BBIG 지수","1995.98","60.87","3.15"
"412560","TIGER BBIG레버리지","2180","85","4.06","2234.41","2095","2335","2095","22053","50207695","1417000000","0","650000","KRX BBIG 지수","1998.79","63.68","3.29"
"475630","TIGER CD1년금리액티브(합성)","1068755","95","0.01","1068667.52","1068750","1068755","1068750","32683","34930049534","1452331169500","0","1358900","KIS CD 1Y 총수익지수","12258.77","2.97","0.02"
"357870","TIGER CD금리투자KIS(합성)","57615","5","0.01","57614.77","57610","57615","57610","363810","20960384135","3787610100000","0","65740000","KIS CD Index(총수익)","12632.44","4.08","0.03"
"499660","TIGER CD금리플러스액티브(합성)","1001485","90","0.01","1001398.54","1001480","1001485","1001480","15126","15148435519","462185327500","0","461500","KIS CD+CPI연동금리 월분배 지수","12150.24","3.05","0.03"
"400970","TIGER Fn메타버스","9275","105","1.15","9304.52","9550","9635","9190","29388","278653814","50085000000","0","5400000","FnGuide 메타버스테마 지수","1976.68","20.60","1.05"
"377990","TIGER Fn신재생에너지","30620","955","3.22","30503.56","31175","31365","30290","155898","4806313632","162286000000","0","5300000","FnGuide 신재생에너지 지수","5789.24","175.35","3.12"
"417630","TIGER KEDI혁신기업ESG30","21085","90","0.43","21080.36","21605","21975","20995","2466","52890900","23193500000","0","1100000","KEDI 혁신기업ESG30 지수(시장가격 지수)","5248.94","43.17","0.83"
"449170","TIGER KOFR금리액티브(합성)","111105","10","0.01","111103.38","111100","111105","111100","124135","13791727964","2169991755000","0","19531000","KOFR 지수","1190.16","0.09","0.01"
"292160","TIGER KRX300","58005","3520","6.46","57732.27","59150","59950","57505","1523","90507209","29002500000","0","500000","KRX 300","5633.80","257.84","4.80"
"0072R0","TIGER KRX금현물","13485","295","2.24","13614.72","13490","13600","13430","813819","10993271545","1314787500000","0","97500000","KRX 금현물지수","4774.62","89.00","1.90"
"404540","TIGER KRX기후변화솔루션","28715","1005","3.63","28861.17","29790","29965","28715","4814","142223205","11486000000","0","400000","KRX 기후변화 솔루션지수","5488.87","163.25","3.07"
"228820","TIGER KTOP30","22250","1210","5.75","22127.95","22655","23100","21965","23856","543287302","22250000000","0","1000000","KTOP 30","22246.99","1006.72","4.74"
"300610","TIGER K게임","5850","55","0.95","5848.39","5935","5950","5785","19390","114109789","14332500000","0","2450000","WISE K게임 테마 지수","478.71","2.93","0.62"
"463250","TIGER K방산&우주","40400","2085","5.44","40347.95","39000","41260","38980","929758","37209022599","737300000000","0","18250000","iSelect K방산&우주","5977.72","288.39","5.07"
"138530","TIGER LG그룹플러스","13380","160","1.21","13514.45","13930","14105","13255","1493450","20616872919","144771600000","0","10820000","MKF LG그룹+ FW","13617.75","240.42","1.80"
"445910","TIGER MKF배당귀족","21925","510","2.38","21976.94","22090","22555","21905","9238","204763480","24117500000","0","1100000","MKF 배당귀족 지수(시장가격지수)","2232.97","34.43","1.57"
"289260","TIGER MSCI KOREA ESG리더스","32555","1530","4.93","32544.73","33200","33740","32555","1288","43065905","19533000000","0","600000","MSCI Korea Country ESG Leaders Capped Index","4704.48","174.18","3.84"
"289250","TIGER MSCI KOREA ESG유니버설","40625","1935","5.00","40615.11","41590","42250","40450","1747","72173147","26812500000","0","660000","MSCI Korea ESG Universal Index","5787.75","258.54","4.68"
"310970","TIGER MSCI Korea TR","58000","3085","5.62","57862.82","59270","60330","57660","49743","2960441127","5846400000000","0","100800000","MSCI Korea TR Index","5836.60","278.79","5.02"
"269370","TIGER S&P글로벌인프라(합성)","19150","-110","-0.57","19135.70","19270","19800","19025","929","17821612","13405000000","0","700000","S&P Global Infrastructure Index","3760.97","0.00","0.00"
"248270","TIGER S&P글로벌헬스케어(합성)","26555","5","0.02","26649.85","26550","27000","26435","2393","63619070","30272700000","0","1140000","S&P Global 1200 Health Care Index","5360.99","0.00","0.00"
"0195S0","TIGER SK하이닉스단일종목레버리지","20335","795","4.07","20153.74","23155","23195","20335","65015125","1456879822924","2008589625000","0","98775000","KRX SK하이닉스 지수","12558.41","286.21","2.33"
"0025N0","TIGER TDF2045 적격","12615","100","0.80","12566.21","12655","12670","12600","666591","8420114091","730408500000","0","57900000","S&P Korea Target Date 2045 Global Index","524.34","0.00","0.00"
"453950","TIGER TSMC파운드리밸류체인","38615","1145","3.06","38886.65","38800","38875","37490","18299","708803149","63714750000","0","1650000","FactSet TSMC 파운드리 밸류체인 지수(시장가격지수)","848.57","49.04","6.13"
"364990","TIGER 게임TOP10","5255","45","0.86","5263.69","5300","5355","5185","155759","822455802","25486750000","0","4850000","KRX 게임 TOP 10 지수","649.99","3.30","0.51"
"139280","TIGER 경기방어","12550","-115","-0.91","12491.76","12665","12775","12445","7495","94391287","43172000000","0","3440000","코스피 200 경기방어소비재","1237.11","6.65","0.54"
"237440","TIGER 경기방어채권혼합","10190","75","0.74","10201.64","10200","10250","10180","6967","71146385","10190000000","0","1000000","경기방어소비재 채권혼합 지수","1612.71","5.46","0.34"
"319640","TIGER 골드선물(H)","24895","540","2.22","24892.85","25090","25175","24840","38897","971924681","117006500000","0","4700000","S&P GSCI Gold Index(TR)","2003.98","0.00","0.00"
"0190Y0","TIGER 구글밸류체인","10365","180","1.77","10353.77","10405","10510","10310","795380","8278726557","106759500000","0","10300000","Akros Google Value Chain 지수 (Price Return)","10241.25","0.00","0.00"
"160580","TIGER 구리실물","17200","475","2.84","16907.90","17135","17300","16725","169416","2912855891","198660000000","0","11550000","S&P GSCI Cash Copper Index","304.69","0.00","0.00"
"451530","TIGER 국고채30년스트립액티브","38875","820","2.15","38934.43","39000","39000","38055","65851","2542925013","155500000000","0","4000000","KIS STRIP 30Y Index(총수익지수)","7401.71","164.62","2.27"
"114820","TIGER 국채3년","104530","325","0.31","104455.80","104415","105000","104315","15222","1589934637","133693870000","0","1279000","KTB INDEX(시장가격)","10114.48","24.35","0.24"
"275980","TIGER 글로벌4차산업혁신기술(합성 H)","23730","520","2.24","23826.69","25340","25340","23095","3274","77160615","64071000000","0","2700000","Morningstar Exponential Technologies Equal Weighted Select PR USD","4171.42","26.43","0.64"
"464310","TIGER 글로벌AI&로보틱스 INDXX","15970","355","2.27","15948.92","15805","16160","15800","50230","802860032","128558500000","0","8050000","Indxx Global Robotics & Artificial Intelligence Thematic Index(PR)","5762.17","0.00","0.00"
"418670","TIGER 글로벌AI사이버보안","15630","35","0.22","15737.89","15615","16065","15615","60102","946512659","41263200000","0","2640000","Indxx Cybersecurity 지수 (PR)","2340.63","0.00","0.00"
"466950","TIGER 글로벌AI액티브","40620","2085","5.41","40377.85","41010","41710","40400","991921","40862856362","600363600000","0","14780000","Indxx Artificial Intelligence and Big Data 지수(PR)","9483.91","0.00","0.00"
"491010","TIGER 글로벌AI전력인프라액티브","33260","1555","4.90","33138.16","33210","33675","33130","233450","7798357734","807552800000","0","24280000","Mirae Asset AI Infrastructure 지수(PR)","4821.84","0.00","0.00"
"412770","TIGER 글로벌AI플랫폼액티브","15725","550","3.62","15694.31","15625","16060","15625","86403","1378101235","98124000000","0","6240000","Indxx Global Metaverse Index (Price Return)","4892.99","-7.76","-0.16"
"394670","TIGER 글로벌리튬&2차전지SOLACTIVE(합성)","13495","505","3.89","13621.78","13350","13580","13150","58789","790559271","287173600000","0","21280000","Solactive Global Lithium 지수(PR)","1875.52","0.00","0.00"
"440340","TIGER 글로벌멀티에셋TIF액티브","13160","0","0.00","13199.52","12930","13245","12930","15034","197901649","26320000000","0","2000000","INDXX 멀티에셋인컴 지수(시장가격 지수)","1205.15","0.00","0.00"
"476690","TIGER 글로벌비만치료제TOP2Plus","11150","140","1.27","11261.14","11385","11385","11115","13906","155372621","39582500000","0","3550000","Indxx Global Obesity Treatment Top 2 Plus 지수 (시장가격)","2664.91","1.17","0.04"
"480310","TIGER 글로벌온디바이스AI","23375","880","3.91","23410.43","23755","23900","23155","52162","1228558039","79475000000","0","3400000","Mirae Asset Global On-Device AI 지수 (PR)","7828.66","0.00","0.00"
"387270","TIGER 글로벌이노베이션액티브","29955","555","1.89","29976.63","29800","30410","29800","8505","257595655","36245550000","0","1210000","NASDAQ 100","29446.18","0.00","0.00"
"276000","TIGER 글로벌자원생산기업(합성 H)","19575","175","0.90","19761.42","19805","19805","19555","1943","38123465","16638750000","0","850000","MorningStar Global Upstream Resources Index(PR)","5332.81","30.63","0.58"
"394660","TIGER 글로벌자율주행&전기차SOLACTIVE","19635","565","2.96","19895.97","19315","20100","19315","12588","249155708","134303400000","0","6840000","Solactive Autonomous & Electric Vehicles 지수(PR)","2579.67","0.00","0.00"
"371450","TIGER 글로벌클라우드컴퓨팅INDXX","12495","-290","-2.27","12562.55","12595","12640","12045","28809","361006164","20991600000","0","1680000","Indxx Global Cloud Computing Index(PR)","5871.04","0.00","0.00"
"464930","TIGER 글로벌혁신블루칩TOP10","21980","185","0.85","22008.15","21805","22085","21780","15275","335205730","132979000000","0","6050000","Mirae Asset Global Innovative Bluechip Top 10 Index(PR)","7280.13","0.00","0.00"
"139320","TIGER 금은선물(H)","17790","400","2.30","17370.80","17970","18000","17770","18788","335911964","41806500000","0","2350000","S&P GSCI Precious Metals Index(TR)","4622.23","0.00","0.00"
"0168K0","TIGER 기술이전바이오액티브","7060","-240","-3.29","7071.21","7450","7480","7030","1568390","11433161744","135340200000","0","19170000","KRX 기술이전 바이오 지수","3450.85","-76.45","-2.17"
"137610","TIGER 농산물선물Enhanced(H)","5065","-30","-0.59","5060.30","5095","5130","5040","40195","203044551","12662500000","0","2500000","S&P GSCI Agriculture Enhanced Index(ER)","67.83","0.00","0.00"
"182490","TIGER 단기선진하이일드(합성 H)","13810","70","0.51","13822.67","13820","13820","13770","664","9146150","8286000000","0","600000","Markit iBoxx USD Liquid High Yield 0-5 year 지수","79.83","0.00","0.00"
"272580","TIGER 단기채권액티브","56720","15","0.03","56722.76","56710","56735","56710","36211","2053795705","778198400000","0","13720000","KIS MSB 6M PLUS 지수","13633.93","0.00","0.00"
"157450","TIGER 단기통안채","111915","5","0.00","111926.27","111885","111930","111885","25975","2906926842","1335145950000","0","11930000","KIS MSB 6M(총수익)","13484.70","3.12","0.02"
"105010","TIGER 라틴35","7030","185","2.70","7052.37","7025","7065","7025","6521","45894509","11248000000","0","1600000","BNY Latin America 35 ADR","3253.81","0.00","0.00"
"123320","TIGER 레버리지","182590","16660","10.04","183086.97","188895","198650","182190","251247","48422153063","456475000000","0","2500000","코스피 200","1291.32","59.78","4.85"
"174350","TIGER 로우볼","20645","25","0.12","20858.27","20745","21135","20565","3933","82144560","11148300000","0","540000","FnGuide Low Vol 지수","21601.98","328.32","1.54"
"329200","TIGER 리츠부동산인프라","4075","-75","-1.81","4071.48","4150","4240","4065","5633845","23466006162","1472297500000","0","361300000","FnGuide 리츠부동산인프라","1663.92","-32.83","-1.93"
"0086C0","TIGER 리츠부동산인프라10채권혼합액티브","9880","-210","-2.08","9918.69","9875","10125","9850","53748","538919830","17290000000","0","1750000","KEDI 리츠부동산인프라TOP10채권혼합지수 (Price Return)","956.30","-8.19","-0.85"
"0086B0","TIGER 리츠부동산인프라TOP10액티브","9730","-220","-2.21","9756.95","9925","10190","9690","90018","896660167","50596000000","0","5200000","KEDI 리츠부동산인프라TOP10지수 (Price Return)","774.07","-13.56","-1.72"
"341850","TIGER 리츠부동산인프라채권","4620","-40","-0.86","4593.81","4595","4730","4595","5531","25885985","9240000000","0","2000000","KIS 리츠부동산인프라채권PR 지수","38583.96","-468.90","-1.20"
"0043B0","TIGER 머니마켓액티브","102710","10","0.01","102703.58","102705","102710","102705","148832","15286313110","2957739870000","0","28797000","KIS-미래에셋 MMF지수","119.02","0.00","0.00"
"147970","TIGER 모멘텀","96830","2320","2.45","96928.35","100230","101300","96015","13795","1370711281","46478400000","0","480000","FnGuide 모멘텀 지수","100112.74","2310.63","2.36"
"458250","TIGER 미국30년국채스트립액티브(합성 H)","36875","490","1.35","37221.96","34400","37065","34400","121732","4492734228","494788750000","0","13418000","ICE BofA Long US Treasury Principal STRIPS Index","408.78","0.00","0.00"
"476550","TIGER 미국30년국채커버드콜액티브(H)","7240","75","1.05","7263.31","7250","7250","7230","1331136","9637132190","901380000000","0","124500000","KEDI 미국채30년 위클리 커버드콜30 지수(Total Return)","1009.02","0.00","0.00"
"0142D0","TIGER 미국AI데이터센터TOP4Plus","13360","660","5.20","13130.49","13300","13720","13265","446320","6024634913","119572000000","0","8950000","Akros U.S. AI Data Center TOP4 Plus 지수(PR)","14482.11","0.00","0.00"
"491830","TIGER 미국AI반도체팹리스","25375","1090","4.49","25487.60","25500","26015","25315","57415","1470591493","46943750000","0","1850000","Mirae Asset US AI Fabless 지수(PR)","21995.69","0.00","0.00"
"490090","TIGER 미국AI빅테크10","16610","65","0.39","16600.13","16595","16710","16595","92812","1546683627","228387500000","0","13750000","KEDI 미국AI빅테크10 지수(PR)","11491.80","0.00","0.00"
"493810","TIGER 미국AI빅테크10타겟데일리커버드콜","12270","25","0.20","12279.29","12395","12400","12265","476589","5869114402","274234500000","0","22350000","KEDI 미국AI빅테크10+15%데일리프리미엄 지수(TR)","10643.81","0.00","0.00"
"0102A0","TIGER 미국AI소프트웨어TOP4Plus","8550","-55","-0.64","8510.29","8485","8610","8470","331490","2838914476","83790000000","0","9800000","Akros U.S. AI Software TOP4 Plus 지수 (Price Return)","7862.65","0.00","0.00"
"0123G0","TIGER 미국AI전력SMR","7610","275","3.75","7531.19","7620","7700","7555","208511","1595328845","155244000000","0","20400000","Akros U.S. AI Electricity SMR Index 지수(PR)","7337.00","0.00","0.00"
"182480","TIGER 미국MSCI리츠(합성 H)","13785","40","0.29","13940.08","13765","13990","13765","139730","1928035335","140607000000","0","10200000","MSCI US REIT Index","1484.32","0.00","0.00"
"360750","TIGER 미국S&P500","27880","185","0.67","27914.24","27905","28000","27860","29332972","819060898132","19029494000000","0","682550000","S&P 500","7394.30","0.00","0.00"
"448290","TIGER 미국S&P500(H)","17220","220","1.29","17224.87","17250","17275","17200","166594","2872326734","495075000000","0","28750000","S&P 500","7394.30","0.00","0.00"
"488500","TIGER 미국S&P500동일가중","13415","55","0.41","13444.60","13395","13465","13395","121539","1631295305","116039750000","0","8650000","S&P 500 Equal Weight Index(PR)","8479.80","0.00","0.00"
"225040","TIGER 미국S&P500레버리지(합성 H)","63425","1645","2.66","63473.86","63680","63880","63355","32522","2067573046","55814000000","0","880000","S&P 500","7394.30","0.00","0.00"
"429000","TIGER 미국S&P500배당귀족","14170","0","0.00","14206.01","14175","14800","14115","102622","1463051177","164372000000","0","11600000","S&P 500 Dividend Aristocrats 지수 (Price Return)","1958.13","0.00","0.00"
"143850","TIGER 미국S&P500선물(H)","75100","950","1.28","75036.03","75320","75375","75000","12586","945804000","93875000000","0","1250000","S&P 500 Futures Index(ER)","593.58","0.00","0.00"
"225030","TIGER 미국S&P500선물인버스(H)","2325","-25","-1.06","2332.32","2325","2335","2320","50996","118356967","4417500000","0","1900000","S&P 500 Futures Total Return Index","1117.18","-1.20","-0.11"
"482730","TIGER 미국S&P500타겟데일리커버드콜","12795","105","0.83","12805.62","12800","12845","12770","571745","7320613835","596886750000","0","46650000","S&P500 10% Daily Premium Covered Call Index(TR)","375.41","0.00","0.00"
"133690","TIGER 미국나스닥100","197890","3360","1.73","198451.13","198660","199400","197820","1160415","230614742879","11121418000000","0","56200000","NASDAQ 100","29446.18","0.00","0.00"
"448300","TIGER 미국나스닥100(H)","22975","540","2.41","23005.12","23070","23145","22925","347856","8014533281","381385000000","0","16600000","NASDAQ 100","29446.18","0.00","0.00"
"418660","TIGER 미국나스닥100레버리지(합성)","49020","1580","3.33","49271.05","49575","50195","48950","575574","28395423633","482847000000","0","9850000","NASDAQ 100","29446.18","0.00","0.00"
"435420","TIGER 미국나스닥100채권혼합50","14695","145","1.00","14689.80","14690","14730","14620","464482","6823881096","429828750000","0","29250000","FnGuide 나스닥100채권혼합50 지수(총수익 지수)","2141.89","33.94","1.61"
"441680","TIGER 미국나스닥100커버드콜(합성)","11715","140","1.21","11750.73","11680","11750","11675","72956","855465394","349692750000","0","29850000","Cboe Nasdaq-100 BuyWrite V2 지수 (Total Return)","1299.64","0.00","0.00"
"486290","TIGER 미국나스닥100타겟데일리커버드콜","11970","190","1.61","11994.88","12000","12060","11970","3175475","38127735776","1887669000000","0","157700000","NASDAQ 100 Daily Covered Call Target Premium 15% 지수(TR)","466.16","0.00","0.00"
"429010","TIGER 미국나스닥넥스트100","21550","765","3.68","21160.16","21050","21685","21050","666","14339340","10775000000","0","500000","Nasdaq Next Generation 100 지수 (Price Return)","1788.65","0.00","0.00"
"203780","TIGER 미국나스닥바이오","32405","480","1.50","32728.83","32705","32785","32400","21457","699239425","88141600000","0","2720000","NASDAQ Biotechnology 지수(시장가격지수)","5923.47","0.00","0.00"
"245340","TIGER 미국다우존스30","37670","330","0.88","37626.93","37660","37725","37500","26522","998968741","140132400000","0","3720000","Dow Jones Industrial Average","50848.75","0.00","0.00"
"456610","TIGER 미국달러SOFR금리액티브(합성)","65400","-410","-0.62","65399.55","65275","65485","65270","49080","3208890576","668649600000","0","10224000","Solactive SOFR Daily Total Return Index","1246.71","0.00","0.00"
"329750","TIGER 미국달러단기채권액티브","14305","-65","-0.45","14277.08","14250","14325","14245","634159","9063170168","581927400000","0","40680000","KIS U.S. TREASURY BOND 0-1Y 지수(총수익)","165.66","0.00","0.00"
"261110","TIGER 미국달러선물레버리지","19220","-175","-0.90","19248.62","19235","19290","19060","1414","27134885","13454000000","0","700000","미국달러선물지수","1702.09","-11.20","-0.65"
"261120","TIGER 미국달러선물인버스2X","4390","60","1.39","4392.15","4425","4425","4375","23139","101645425","38632000000","0","8800000","미국달러선물지수","1702.09","-11.20","-0.65"
"494840","TIGER 미국방산TOP10","13920","395","2.92","14117.70","13970","14015","13860","76473","1066065608","58464000000","0","4200000","Mirae Asset US Defense Top 10 Index(PR)","2043.73","0.00","0.00"
"458730","TIGER 미국배당다우존스","15670","55","0.35","15646.94","15630","15690","15595","1985365","31050428012","3901046500000","0","248950000","Dow Jones U.S. Dividend 100 Price Return Index","6863.15","0.00","0.00"
"0008S0","TIGER 미국배당다우존스타겟데일리커버드콜","10540","10","0.09","10548.39","10590","10590","10510","351049","3701384280","252960000000","0","24000000","Dow Jones U.S. Dividend 100 10% Daily Premium Covered Call 지수","300.22","0.00","0.00"
"458750","TIGER 미국배당다우존스타겟커버드콜1호","13645","20","0.15","13651.74","13710","13710","13595","26545","362225320","68225000000","0","5000000","DowJones U.S. Dividend 100 3% Premium Covered Call 지수 (TR)","789.36","0.00","0.00"
"458760","TIGER 미국배당다우존스타겟커버드콜2호","11670","35","0.30","11642.61","11690","11690","11605","442383","5148585993","728208000000","0","62400000","DowJones U.S. Dividend 100 7% Premium Covered Call 지수 (TR)","640.44","0.00","0.00"
"0015K0","TIGER 미국소비트렌드액티브","7580","35","0.46","7651.14","7685","7695","7580","2025","15486875","5002800000","0","660000","Mirae Asset US Consumer Trend 지수 (PR)","1932.56","0.00","0.00"
"0183J0","TIGER 미국우주테크","14565","1665","12.91","13883.60","14875","15060","14165","23815696","349415086219","2640634500000","0","181300000","Akros U.S. Space Tech 지수(PR)","3045.47","0.00","0.00"
"305080","TIGER 미국채10년선물","13675","-5","-0.04","13686.89","13660","13695","13635","86804","1187039724","239312500000","0","17500000","S&P 10-Year U.S. Treasury Note Futures(ER)","186.15","0.00","0.00"
"0046A0","TIGER 미국초단기(3개월이하)국채","10515","-55","-0.52","10516.55","10470","10530","10470","1095914","11514033779","330065850000","0","31390000","ICE 0-3 Month US Treasury Securities 지수","120.43","0.00","0.00"
"465670","TIGER 미국캐시카우100","16375","75","0.46","16383.20","16365","16405","16275","4379","71657925","13100000000","0","800000","Global X U.S. Cash Flow Kings 100 Index(PR)","2932.34","0.00","0.00"
"381170","TIGER 미국테크TOP10 INDXX","32660","10","0.03","32657.86","32765","32880","32655","1119239","36690131581","4031877000000","0","123450000","Indxx US Tech Top 10 Index","9244.33","0.00","0.00"
"472160","TIGER 미국테크TOP10 INDXX(H)","18200","135","0.75","18157.28","18930","18930","18170","557256","10165390824","244790000000","0","13450000","Indxx US Tech Top 10 Index","9244.33","0.00","0.00"
"472170","TIGER 미국테크TOP10채권혼합","14250","35","0.25","14264.34","14920","14920","14250","177404","2533028452","347700000000","0","24400000","FnGuide 미국테크TOP10 채권혼합지수","2803.29","15.15","0.54"
"474220","TIGER 미국테크TOP10타겟커버드콜","15800","35","0.22","15796.38","16700","16700","15785","248557","3941522340","465310000000","0","29450000","Bloomberg U.S. Tech Top10+10% Premium Covered Call Index","8527.14","0.00","0.00"
"458260","TIGER 미국투자등급회사채액티브(H)","47710","305","0.64","47755.23","47740","47785","47705","13155","627758939","261069120000","0","5472000","iBoxx USD Liquid Investment Grade Index(Price Return)","96.94","0.00","0.00"
"497570","TIGER 미국필라델피아AI반도체나스닥","24980","1015","4.24","25076.28","25240","25385","24945","942648","23731638349","1335181000000","0","53450000","PHLX US AI Semiconductor 지수 (PR)","2562.66","0.00","0.00"
"381180","TIGER 미국필라델피아반도체나스닥","52145","2635","5.32","52427.73","52700","53125","52055","2454818","129313584265","6674560000000","0","128000000","PHLX Semiconductor Sector Index","13171.44","0.00","0.00"
"423920","TIGER 미국필라델피아반도체레버리지(합성)","136215","11855","9.53","138173.31","139990","141900","136000","306370","42728388561","1010715300000","0","7420000","PHLX Semiconductor Sector Index","13171.44","0.00","0.00"
"228810","TIGER 미디어컨텐츠","3750","0","0.00","3781.52","3760","3835","3735","459237","1739173776","89325000000","0","23820000","WISE 미디어컨텐츠 지수","1917.58","10.45","0.55"
"364970","TIGER 바이오TOP10","6935","20","0.29","6944.98","7110","7150","6870","2048467","14432717753","280174000000","0","40400000","KRX 바이오 TOP 10 지수","2134.65","1.05","0.05"
"091230","TIGER 반도체","175350","9210","5.54","176790.33","174880","183285","171310","1867661","332930970462","1711416000000","0","9760000","KRX 반도체","17660.25","1184.52","7.19"
"396500","TIGER 반도체TOP10","53000","4440","9.14","53420.96","51760","55040","50955","38091811","2031894175855","13687250000000","0","258250000","FnGuide 반도체TOP10 지수","13762.23","1301.52","10.44"
"488080","TIGER 반도체TOP10레버리지","91940","11995","15.00","92818.34","90030","97950","89400","2697750","250743672706","1654920000000","0","18000000","FnGuide 반도체TOP10 지수","13780.91","1320.20","10.59"
"0177R0","TIGER 반도체TOP10커버드콜액티브","15450","995","6.88","15491.35","15600","15990","15255","4795000","74972438107","840480000000","0","54400000","FnGuide 반도체 TOP10 Capped 지수(Price Return)","7763.59","884.52","12.86"
"211560","TIGER 배당성장","37690","1075","2.94","37594.45","37765","38300","37310","14673","555644474","83671800000","0","2220000","코스피 배당성장 50","7509.11","119.43","1.62"
"472150","TIGER 배당커버드콜액티브","25580","1335","5.51","25398.90","25880","26422","25300","3922905","102430836368","1934103800000","0","75610000","코스피 200 커버드콜 5% OTM","731.35","-13.02","-1.75"
"138520","TIGER 삼성그룹","42205","2020","5.03","42041.86","43265","44445","41510","118218","5140708890","185702000000","0","4400000","MKF SAMs FW","48946.15","2165.86","4.63"
"0195R0","TIGER 삼성전자단일종목레버리지","21785","3060","16.34","21743.42","22215","23935","21550","64996706","1497243054164","1449791750000","0","66550000","KRX 삼성전자 지수","6039.33","440.08","7.86"
"157490","TIGER 소프트웨어","9685","315","3.36","9736.26","9655","10095","9540","1153159","11324916707","97624800000","0","10080000","FnGuide 소프트웨어 지수","5056.54","204.29","4.21"
"0000D0","TIGER 엔비디아미국채커버드콜밸런스(합성)","10310","185","1.83","10258.81","10130","10320","10130","28676","295226329","72685500000","0","7050000","KEDI 엔비디아미국채30년타겟커버드콜혼합지수(TR)","1082.97","0.00","0.00"
"228800","TIGER 여행레저","3020","60","2.03","3014.75","3050","3070","2990","652916","1978888585","79093800000","0","26190000","WISE 여행레저 지수","1501.84","21.19","1.43"
"227570","TIGER 우량가치","21460","415","1.97","21836.50","22080","22275","21460","3558","77872970","7725600000","0","360000","FnGuide 퀄리티밸류 지수","43991.13","1214.02","2.84"
"438330","TIGER 우량회사채액티브","114780","270","0.24","114717.50","114525","114820","114525","21090","2419786875","565291500000","0","4925000","KIS 투자등급회사채 지수(총수익)","134.55","0.00","0.00"
"261140","TIGER 우선주","27435","825","3.10","27594.58","28000","28555","27275","42121","1183100248","42798600000","0","1560000","코스피 우선주 지수","6436.53","193.00","3.09"
"130680","TIGER 원유선물Enhanced(H)","6875","-365","-5.04","6897.31","6920","6975","6867","69989","483452857","15812500000","0","2300000","S&P GSCI Crude Oil Enhanced Index ER","858.41","0.00","0.00"
"217770","TIGER 원유선물인버스(H)","1367","67","5.15","1369.20","1369","1373","1350","2090334","2848093534","43949050000","0","32150000","S&P GSCI Crude Oil Index ER","220.21","-4.43","-1.97"
"195930","TIGER 유로스탁스50(합성 H)","22670","805","3.68","22289.79","22275","22670","22275","8269","186586936","34005000000","0","1500000","EURO STOXX 50 Index","6056.96","0.00","0.00"
"225050","TIGER 유로스탁스레버리지(합성 H)","14920","415","2.86","14930.04","14505","14945","14505","616","9194630","4476000000","0","300000","EURO STOXX 50 Index","6056.96","0.00","0.00"
"245350","TIGER 유로스탁스배당30","20570","365","1.81","20362.84","20220","20775","20220","6439","132290512","32912000000","0","1600000","Euro STOXX Select Dividend 30","2301.02","0.00","0.00"
"0189B0","TIGER 은액티브","9120","325","3.70","9172.99","9240","9245","9110","142959","1314743355","47880000000","0","5250000","ICE Silver Spot 지수 (시장가격)","481.59","-3.96","-0.82"
"091220","TIGER 은행","16060","565","3.65","16072.41","15790","16575","15525","74947","1207774618","20556800000","0","1280000","KRX 은행","1583.09","61.45","4.04"
"466940","TIGER 은행고배당플러스TOP10","25865","865","3.46","25931.04","25500","26640","25170","1383811","36037413630","800521750000","0","30950000","FnGuide 은행고배당플러스TOP10 지수(시장가격 지수)","2374.27","89.31","3.91"
"307510","TIGER 의료기기","14745","65","0.44","14656.84","14870","15050","14700","10509","157625680","5160750000","0","350000","FnGuide 의료기기 지수","1509.19","-12.79","-0.84"
"225060","TIGER 이머징마켓MSCI레버리지(합성 H)","16785","1085","6.91","16702.67","15700","16940","15700","214","3535920","17792100000","0","1060000","MSCI EM Index","1707.92","43.41","2.61"
"453870","TIGER 인도니프티50","12380","0","0.00","12479.06","12415","12515","12355","145681","1809608666","352211000000","0","28450000","Nifty 50 Index","23161.60","0.00","0.00"
"236350","TIGER 인도니프티50레버리지(합성)","31890","-410","-1.27","32537.62","32820","33105","30900","717","22993090","21047400000","0","660000","Nifty 50 Index","23161.60","0.00","0.00"
"479730","TIGER 인도빌리언컨슈머","10130","-90","-0.88","10225.29","10130","10370","10125","11295","115360652","70403500000","0","6950000","Mirae Asset India Billion Consumer 지수(PR)","3942.21","0.00","0.00"
"123310","TIGER 인버스","1104","-56","-4.83","1104.49","1076","1108","1049","6998917","7499142421","63590400000","0","57600000","코스피 200 선물지수","6340.41","317.22","5.27"
"365000","TIGER 인터넷TOP10","4910","195","4.14","4933.50","4905","5085","4815","549895","2701141916","49345500000","0","10050000","KRX 인터넷 TOP 10 지수","1241.34","53.20","4.48"
"195920","TIGER 일본TOPIX(합성 H)","33340","470","1.43","33546.67","33550","33895","32875","283","9472747","16670000000","0","500000","TOPIX","3881.96","51.61","1.35"
"241180","TIGER 일본니케이225","37775","1050","2.86","37763.30","38495","38495","37025","65048","2469159991","365662000000","0","9680000","Nikkei 225","66020.04","1802.77","2.81"
"465660","TIGER 일본반도체FACTSET","28580","1500","5.54","29291.99","28700","29400","28005","11055","319934662","30009000000","0","1050000","FactSet Japan Semiconductor Index(PR)","8737.78","567.23","6.94"
"292560","TIGER 일본엔선물","8790","10","0.11","8780.33","8780","8805","8750","31991","280456937","38676000000","0","4400000","엔선물지수","486.69","-1.87","-0.38"
"494670","TIGER 조선TOP10","27685","940","3.51","27768.13","27900","28395","27410","1185678","33084890737","699046250000","0","25250000","iSelect 조선TOP10 Index(PR)","4286.48","169.02","4.10"
"451540","TIGER 종합채권(AA-이상)액티브","53010","250","0.47","53009.03","52980","53035","52880","11726","621318824","1095080580000","0","20658000","KIS 종합채권 AA-이상 총수익 지수(Total return Index)","114.51","0.00","0.00"
"150460","TIGER 중국소비테마","7485","-10","-0.13","7478.28","7590","7630","7445","21834","164618945","59281200000","0","7920000","FnGuide 중국내수테마 지수","3856.73","-25.53","-0.66"
"0192Z0","TIGER 중기종합채권(A-이상)액티브","100175","120","0.12","100147.33","0","0","0","0","0","165789625000","0","1655000","NICE 중기종합채권(A-이상)(총수익지수)","11760.04","0.00","0.00"
"302190","TIGER 중장기국채","49940","205","0.41","49933.80","49910","49940","49865","13506","674165145","259688000000","0","5200000","KIS 국채 3-10년 지수(시장가격지수)","9959.10","53.90","0.54"
"157500","TIGER 증권","16980","635","3.88","16989.65","17255","17470","16850","1172523","20124931285","365749200000","0","21540000","FnGuide 증권 지수","8330.85","345.44","4.33"
"307520","TIGER 지주회사","24240","905","3.88","24394.38","24525","24975","23800","702634","17255922266","370872000000","0","15300000","FnGuide 지주회사 지수","3547.18","83.03","2.40"
"0067Y0","TIGER 차이나AI소프트웨어","12000","190","1.61","12068.04","11905","12340","11880","5295","63755115","13800000000","0","1150000","Mirae Asset China AI Software 지수 (Price Return, HKD)","901.13","0.00","0.00"
"192090","TIGER 차이나CSI300","14250","265","1.89","14255.19","13990","14305","13990","68010","965140229","158887500000","0","11150000","CSI 300 Index","0.00","-4722.41","-100.00"
"204480","TIGER 차이나CSI300레버리지(합성)","33015","915","2.85","33552.10","32545","33300","32500","3002","99236872","124796700000","0","3780000","CSI 300 Index","0.00","-4722.41","-100.00"
"217780","TIGER 차이나CSI300인버스(합성)","4830","-120","-2.42","4914.37","5015","5015","4760","488","2374445","7486500000","0","1550000","CSI 300 Index","0.00","-4722.41","-100.00"
"245360","TIGER 차이나HSCEI","13330","175","1.33","13379.30","13145","13470","13145","16557","219011580","31325500000","0","2350000","Hang Seng China H","8345.04","127.96","1.56"
"414780","TIGER 차이나과창판STAR50(합성)","15310","190","1.26","15473.44","15800","15830","15290","1075385","16629872116","249553000000","0","16300000","STAR 50 Index(Price Return)","1663.36","0.92","0.06"
"0067V0","TIGER 차이나글로벌리더스TOP3+","10985","70","0.64","11240.28","10915","11170","10915","36169","402218625","53826500000","0","4900000","Solactive-KEDI 차이나글로벌리더스TOP3플러스 지수 (Price Return, CNH)","2225.18","0.00","0.00"
"371470","TIGER 차이나바이오테크SOLACTIVE","7520","165","2.24","7682.65","7580","7595","7290","62579","465460420","47225600000","0","6280000","Solactive China Biotech Index(PR)","1398.80","0.00","0.00"
"396520","TIGER 차이나반도체FACTSET","15740","305","1.98","15548.28","16000","16500","15715","343452","5475897929","428128000000","0","27200000","FactSet China Semiconductor 지수(PR)","330.50","0.00","0.00"
"371460","TIGER 차이나전기차SOLACTIVE","13030","295","2.32","13026.95","12735","13100","12730","263649","3410418242","1054387600000","0","80920000","Solactive China Electric Vehicle and Battery Index(PR)","2352.00","0.00","0.00"
"456680","TIGER 차이나전기차레버리지(합성)","10070","265","2.70","10212.65","9805","10190","9805","6974","69566940","61729100000","0","6130000","Solactive China Electric Vehicle and Battery Index(PR)","2352.00","0.00","0.00"
"0133E0","TIGER 차이나증권","8990","310","3.57","9246.02","8690","9095","8690","9783","87836610","12136500000","0","1350000","Solactive China Securities Index (Price Return)","2200.86","0.00","0.00"
"396510","TIGER 차이나클린에너지SOLACTIVE","8860","100","1.14","9028.71","8875","9000","8860","3682","32822745","18428800000","0","2080000","Solactive China Clean Energy 지수(PR)","2045.02","0.00","0.00"
"0047A0","TIGER 차이나테크TOP10","14920","265","1.81","14908.53","14760","15400","14705","214402","3212787853","263338000000","0","17650000","Mirae Asset China Tech Top 10 지수 (Price Return)","4549.36","0.00","0.00"
"117690","TIGER 차이나항셍30","21150","295","1.41","21376.47","21040","21480","20965","11830","251130096","10575000000","0","500000","Hang Seng China (Hong Kong-listed) 30 Index","8724.86","131.86","1.53"
"371160","TIGER 차이나항셍테크","7860","125","1.62","7852.71","7855","7905","7825","780920","6140968368","715653000000","0","91050000","Hang Seng TECH Index","4696.59","40.85","0.88"
"438320","TIGER 차이나항셍테크레버리지(합성 H)","5615","125","2.28","5623.77","5665","5700","5615","67049","379069825","25772850000","0","4590000","Hang Seng TECH Index","4696.59","40.85","0.88"
"0053L0","TIGER 차이나휴머노이드로봇","12530","100","0.80","12527.52","12755","12900","12500","499325","6309514208","340189500000","0","27150000","Mirae Asset China Humanoid Robot 지수(PR)","2786.94","0.00","0.00"
"0117V0","TIGER 코리아AI전력기기TOP3플러스","22820","350","1.56","22789.64","23700","24200","22600","3075526","72021659363","1109052000000","0","48600000","KEDI 코리아AI전력기기TOP3플러스 지수","33347.82","353.01","1.07"
"292150","TIGER 코리아TOP10","44815","1465","3.38","45052.86","45750","47075","44815","3597520","166687018780","2525325250000","0","56350000","FnGuide TOP10 지수","15908.29","706.00","4.64"
"0052D0","TIGER 코리아배당다우존스","16380","495","3.12","16547.64","16250","16655","16060","265556","4374092674","390663000000","0","23850000","Dow Jones Korea Dividend 30 지수 (Price Return)","2145.05","0.00","0.00"
"0104P0","TIGER 코리아배당다우존스위클리커버드콜","11910","440","3.84","11973.63","11685","12045","11665","30075","358239958","27393000000","0","2300000","KRX 다우존스 코리아 배당 30 타겟 7% 위클리 커버드콜 지수","2949.27","115.29","4.07"
"496080","TIGER 코리아밸류업","37800","1785","4.96","37981.30","38225","39255","37800","655534","25295292675","621810000000","0","16450000","코리아 밸류업 지수","3855.34","175.20","4.76"
"0091P0","TIGER 코리아원자력","19340","1440","8.04","20831.70","19470","19665","18580","1648939","31506847706","684636000000","0","35400000","iSelect 코리아 원자력 지수 (Price Return)","4308.16","383.10","9.76"
"471780","TIGER 코리아테크액티브","45690","2215","5.09","45434.77","47285","47285","45120","339929","15826699284","307036800000","0","6720000","KRX 정보기술","7351.42","257.59","3.63"
"0148J0","TIGER 코리아휴머노이드로봇산업","12820","420","3.39","12836.40","12950","13765","12680","12570571","167719789241","746765000000","0","58250000","KEDI 코리아 휴머노이드로봇산업 지수 (PR)","8390.24","297.38","3.67"
"232080","TIGER 코스닥150","18320","400","2.23","18594.95","18660","18990","18235","4615665","85813904079","1625350400000","0","88720000","코스닥 150","1835.35","64.09","3.62"
"233160","TIGER 코스닥150 레버리지","14340","655","4.79","14579.96","14665","15300","14150","1604661","23669656721","221553000000","0","15450000","코스닥 150","1836.54","65.28","3.69"
"261060","TIGER 코스닥150IT","32775","2135","6.97","33075.54","32490","33610","31415","151291","4904749203","43263000000","0","1320000","코스닥 150 정보기술","1696.45","135.77","8.70"
"261070","TIGER 코스닥150바이오테크","14425","-500","-3.35","14381.01","15355","15360","14305","242935","3616920954","62893000000","0","4360000","코스닥 150 헬스케어","5032.48","-176.37","-3.39"
"250780","TIGER 코스닥150선물인버스","2130","-30","-1.39","2106.53","2060","2130","2045","231117","481135267","7668000000","0","3600000","F-코스닥150 지수","2099.63","45.92","2.24"
"461580","TIGER 코스닥글로벌","19195","685","3.70","19331.18","19500","19750","19095","45047","874890506","13436500000","0","700000","코스닥 글로벌 지수","2439.12","87.03","3.70"
"0204S0","TIGER 코스닥액티브","9500","345","3.77","9498.34","9740","9780","9330","659621","6282313230","37145000000","0","3910000","코스닥","1028.63","31.70","3.18"
"277630","TIGER 코스피","84010","3230","4.00","84730.91","86615","87725","84010","234602","20127857308","541864500000","0","6450000","코스피","8123.10","359.15","4.63"
"210780","TIGER 코스피고배당","24215","540","2.28","24395.57","24290","24570","23865","44360","1079801936","81362400000","0","3360000","코스피 고배당 50","4854.48","120.03","2.54"
"277640","TIGER 코스피대형주","44680","1990","4.66","44756.58","46135","46505","44500","82641","3801583000","82658000000","0","1850000","코스피 대형주","8935.21","406.47","4.77"
"277650","TIGER 코스피중형주","23350","635","2.80","23583.03","23500","23985","23310","936","22187325","4670000000","0","200000","코스피 중형주","4579.49","132.00","2.97"
"376410","TIGER 탄소효율그린뉴딜","28915","1510","5.51","28869.14","29575","29900","28795","4989","147389239","26023500000","0","900000","KRX/S&P 탄소효율 그린뉴딜지수","4871.57","227.68","4.90"
"447770","TIGER 테슬라채권혼합Fn","14555","155","1.08","14583.29","14480","14610","14480","183496","2674813774","523980000000","0","36000000","FnGuide 테슬라채권혼합 지수","3740.47","57.42","1.56"
"0060H0","TIGER 토탈월드스탁액티브","13540","150","1.12","13546.25","13455","13620","13455","66145","897916432","389952000000","0","28800000","FTSE Global All Cap Index(PR)","1215.63","0.00","0.00"
"387280","TIGER 퓨처모빌리티액티브","14385","450","3.23","14483.80","14830","15195","14255","19673","293255405","20858250000","0","1450000","FnGuide 퓨처모빌리티 지수","4255.17","123.21","2.98"
"449690","TIGER 한중반도체(합성)","59945","3160","5.56","59522.67","58210","61200","58210","308","18580677","44958750000","0","750000","KRX CSI 한·중 반도체지수","14538.20","638.57","4.59"
"449680","TIGER 한중전기차(합성)","13540","565","4.35","13623.56","12975","13825","12975","161","2208010","11509000000","0","850000","KRX CSI 한·중 전기차지수","5893.64","193.23","3.39"
"143860","TIGER 헬스케어","39430","-255","-0.64","39238.02","40495","40740","39035","29286","1165439728","157720000000","0","4000000","KRX 헬스케어","3990.42","-28.49","-0.71"
"138540","TIGER 현대차그룹플러스","65720","3070","4.90","66351.53","66500","67645","65000","815568","54345887200","931909600000","0","14180000","MKF 현대차그룹+ FW","76263.27","4304.71","5.98"
"228790","TIGER 화장품","3440","-45","-1.29","3427.42","3535","3545","3415","2749364","9554880213","241384800000","0","70170000","WISE 화장품 지수","3460.66","-42.67","-1.22"
"441800","TIME Korea플러스배당액티브","34340","1185","3.57","34463.37","34950","35590","34145","588949","20695853853","947097200000","0","27580000","코스피 200","1291.32","59.78","4.85"
"463050","TIME K바이오액티브","13870","-150","-1.07","13856.86","14400","14500","13755","600032","8504342886","274626000000","0","19800000","KRX 헬스케어","3990.60","-28.31","-0.70"
"404120","TIME K신재생에너지액티브","29460","1050","3.70","29461.92","30160","30670","29270","12012","361100429","20622000000","0","700000","KRX 기후변화 솔루션지수","5496.89","171.27","3.22"
"385710","TIME K이노베이션액티브","13890","330","2.43","13849.68","13785","14300","13715","26882","378210552","13890000000","0","1000000","KRX BBIG 지수","1998.79","63.68","3.29"
"410870","TIME K컬처액티브","10770","-320","-2.89","10850.82","11115","11350","10760","32750","356532994","17232000000","0","1600000","FnGuide K-컬처 지수","607.69","-1.33","-0.22"
"456600","TIME 글로벌AI인공지능액티브","66885","2000","3.08","66818.97","67115","67945","66785","517388","34861866037","2525577600000","0","37760000","Solactive Global Artificial Intelligence 지수","551.06","0.00","0.00"
"485810","TIME 글로벌바이오액티브","10790","115","1.08","10839.45","10900","10900","10740","4134","44682401","11329500000","0","1050000","KEDI 글로벌 불로장생바이오 지수(원화환산)","1646.95","0.00","0.00"
"494180","TIME 글로벌소비트렌드액티브","14030","-20","-0.14","14086.07","14050","14195","13860","171","2409315","11925500000","0","850000","Solactive 뉴에이지컨수머지수","1375.91","0.00","0.00"
"478150","TIME 글로벌우주테크&방산액티브","23530","1035","4.60","23386.33","23430","23890","23430","207772","4905243511","341185000000","0","14500000","Solactive Aerospace and Defense USD Index PR","3172.21","0.00","0.00"
"0113D0","TIME 글로벌탑픽액티브","12760","110","0.87","12784.55","12855","12855","12735","68962","883197011","87406000000","0","6850000","Bloomberg World Large, Mid & Small cap PR Index","2480.20","0.00","0.00"
"0185L0","TIME 글로벌휴머노이드로봇산업액티브","9605","285","3.06","9574.90","9660","9940","9575","197422","1925357492","63873250000","0","6650000","Solactive Global AI Humanoid Robotics 지수(원화환산)(PR)","4695.81","0.00","0.00"
"426020","TIME 미국S&P500액티브","35435","770","2.22","35365.84","35410","35700","35280","135974","4827913679","374902300000","0","10580000","S&P 500","7394.30","0.00","0.00"
"426030","TIME 미국나스닥100액티브","55800","2105","3.92","55847.10","56340","56955","55750","834316","47117833545","2351412000000","0","42140000","NASDAQ 100","29446.18","0.00","0.00"
"0019K0","TIME 미국나스닥100채권혼합50액티브","14435","275","1.94","14418.53","14705","14705","14360","703474","10190667592","441711000000","0","30600000","FnGuide 미국나스닥100 단기채권혼합 지수","2361.14","31.69","1.36"
"0036D0","TIME 미국배당다우존스액티브","13290","95","0.72","13253.66","13535","13535","13220","70719","938039942","58476000000","0","4400000","Dow Jones U.S. Dividend 100 Price Return Index","6863.15","0.00","0.00"
"0043Y0","TIME 차이나AI테크액티브","22725","520","2.34","22747.63","22695","23215","22655","269927","6183290367","357918750000","0","15750000","Solactive China Artificial Intelligence 지수(원화환산)(PR)","3262.54","0.00","0.00"
"495060","TIME 코리아밸류업액티브","36305","1435","4.12","36227.81","37115","37645","36055","199683","7420190353","283179000000","0","7800000","코리아 밸류업 지수","3856.02","175.88","4.78"
"0162Y0","TIME 코스닥액티브","10485","425","4.22","10478.94","10440","10735","10240","1109310","11605803151","400002750000","0","38150000","코스닥","1029.05","32.12","3.22"
"385720","TIME 코스피액티브","30445","910","3.08","30416.06","30695","31795","30120","311449","9733820987","477986500000","0","15700000","코스피","8123.62","359.67","4.63"
"108590","TREX 200","128920","5625","4.56","129464.50","132490","134950","128920","1601","209464950","25784000000","0","200000","코스피 200","1291.32","59.78","4.85"
"145850","TREX 펀더멘탈 200","133170","6115","4.81","132159.01","134785","138050","133170","488","66466462","33292500000","0","250000","FnGuide-RAFI 코리아200 지수","33688.19","1633.27","5.10"
"472720","TRUSTON 주주가치액티브","29450","1205","4.27","29706.95","29865","30360","29430","3166","94901249","16492000000","0","560000","코스피 200","1291.24","59.70","4.85"
"496130","TRUSTON 코리아밸류업액티브","30135","1290","4.47","30411.04","30625","31460","30135","1382","42808735","15670200000","0","520000","코리아 밸류업 지수","3855.34","175.20","4.76"
"0184V0","UNICORN K바이오액티브","7435","-340","-4.37","7401.30","7925","7925","7355","48703","374655066","7806750000","0","1050000","FnGuide K-바이오 밸런스드 지수","1290.82","-28.57","-2.17"
"433250","UNICORN R&D 액티브","28655","1130","4.11","28505.07","29095","29650","28530","42","1225600","11462000000","0","400000","코스피 200","1290.12","58.58","4.76"
"494220","UNICORN SK하이닉스밸류체인액티브","60090","4130","7.38","60490.80","60780","62390","59160","466934","28327372429","195292500000","0","3250000","FnGuide SK하이닉스밸류체인 지수","10735.79","550.60","5.41"
"470310","UNICORN 생성형AI강소기업액티브","18975","1315","7.45","18960.28","18790","19445","18595","848","16096010","4743750000","0","250000","iSelect AI 지수","2211.00","34.79","1.60"
"476000","UNICORN 포스트IPO액티브","7345","215","3.02","7309.32","7225","7540","7205","657","4873105","3305250000","0","450000","iSelect 포스트 IPO 지수","1116.60","20.18","1.84"
"422260","VITA MZ소비액티브","10375","-160","-1.52","10494.01","10835","10835","10375","5965","63339660","1037500000","0","100000","FnGuide MZ 소비 지수","968.56","-0.92","-0.09"
"448100","WON 200","133420","5840","4.58","133934.39","136995","139545","133420","12200","1672666575","133420000000","0","1000000","코스피 200","1291.32","59.78","4.85"
"413930","WON AI ESG액티브","33480","1310","4.07","33478.71","34290","34790","33300","228","7675900","18414000000","0","550000","MK-iSelect AI ESG 지수(시장가격지수)","4590.54","215.25","4.92"
"0088N0","WON K-글로벌수급상위","13730","610","4.65","13799.31","13760","14030","12990","23831","326999343","21281500000","0","1550000","DeepSearch 외인수급 Top20 지수","5164.17","235.86","4.79"
"458030","WON 국공채머니마켓액티브","54690","-5","-0.01","54694.94","54690","54700","54690","1947","106495950","78206700000","0","1430000","KAP 국공채 머니마켓 총수익 지수","122.60","0.00","0.00"
"426150","WON 대한민국국고채액티브","51560","70","0.14","51741.49","51665","51720","51560","114","5892335","34132720000","0","662000","KAP 한국 국고채 총수익 지수","105.31","0.00","0.00"
"0177A0","WON 두산그룹포커스","11750","550","4.91","12358.68","12080","12290","11500","235340","2831608266","37600000000","0","3200000","iSelect 두산그룹 포커스 지수","7999.83","639.80","8.69"
"444490","WON 미국S&P500","21370","145","0.68","21380.11","21355","21435","21340","33873","724817295","79069000000","0","3700000","S&P 500","7394.30","0.00","0.00"
"489290","WON 미국빌리어네어","15850","-50","-0.31","15916.26","15935","15970","15850","1411","22423467","33285000000","0","2100000","Bloomberg US Billionaires Investment Select Index(PR)","5887.98","0.00","0.00"
"440910","WON 미국우주항공방산","29130","1485","5.37","29322.65","29085","29330","29085","50383","1469058218","78651000000","0","2700000","S&P Aerospace & Defense Select Industry Index(PR)","44038.05","0.00","0.00"
"474590","WON 반도체밸류체인액티브","55740","3095","5.88","55563.44","56970","57175","52720","1326993","74042307565","401328000000","0","7200000","FnGuide 반도체 밸류체인 (Price Return) 지수","11559.82","503.67","4.56"
"0203S0","WON 삼성전자현대차채권혼합50","9910","220","2.27","9889.42","10115","10155","9850","287429","2885343025","23288500000","0","2350000","KAP 삼성전자현대차채권혼합지수","2909.55","68.14","2.40"
"496020","WON 전단채플러스액티브","52040","15","0.03","52038.39","52035","52040","52035","1160","60364453","225020960000","0","4324000","KIS 전단채플러스 TR 지수","119.75","0.00","0.00"
"488720","WON 종합채권(AA-이상)액티브","48700","140","0.29","48707.60","48710","48720","48685","81","3944710","56005000000","0","1150000","KIS 종합채권시장 총수익지수(AA-이상)","105.31","0.00","0.00"
"0203R0","WON 중단기종합채권(A-이상)액티브","50010","25","0.05","50030.66","0","0","0","0","0","16003200000","0","320000","KAP 중단기 종합채권 총수익 지수(A-이상)","115.92","0.00","0.00"
"0154F0","WON 초대형IB&금융지주","12950","465","3.72","12962.53","12970","13305","12815","100538","1313834695","43382500000","0","3350000","iSelect 초대형IB&금융지주 지수","4410.32","166.09","3.91"
"480460","WON 한국부동산TOP3플러스","9365","-195","-2.04","9304.86","9330","9650","9300","2718","25721948","9365000000","0","1000000","DeepSearch 한국부동산TOP3플러스 지수","707.38","-7.12","-1.00"
"0053M0","더제이 중소형포커스액티브","15630","745","5.01","15504.00","15485","15680","15270","11942","185550207","7033500000","0","450000","코스피 200 중소형주지수","2589.89","83.78","3.34"
"0112X0","마이티 200TR","48760","2265","4.87","48749.15","49745","50705","48590","20054","989931715","36570000000","0","750000","코스피 200 TR","1710.59","79.10","4.85"
"465780","마이티 26-09 특수채(AAA)액티브","105740","25","0.02","105734.21","105715","105740","105715","5","528630","101827620000","0","963000","KAP 26-09 특수채 지수(총수익)","117.29","0.00","0.00"
"0191M0","마이티 5월만기자동연장특수채(AAA)액티브","100070","0","0.00","100082.55","0","0","0","0","0","41428980000","0","414000","KAP 5월 만기자동연장 특수채(AAA) 총수익 지수","115.73","0.00","0.00"
"442260","마이티 다이나믹퀀트액티브","45310","2105","4.87","45282.96","46570","47035","45120","7080","327777955","56184400000","0","1240000","코스피 200","1289.81","58.27","4.73"
"0001P0","마이티 바이오시밀러&CDMO액티브","9885","35","0.36","9968.81","10145","10225","9850","6708","67730948","11071200000","0","1120000","FnGuide 바이오시밀러&CDMO 지수","2278.95","24.63","1.09"
"159800","마이티 코스피100","102805","4400","4.47","103173.12","105860","107585","102795","1506","158785102","28785400000","0","280000","코스피 100","10075.86","454.93","4.73"
"0007N0","아이엠에셋 200","130650","5935","4.76","130443.90","133515","136585","130650","568","76106945","117585000000","0","900000","코스피 200","1291.32","59.78","4.85"
"462340","에셋플러스 글로벌다이나믹시니어액티브","16600","215","1.31","16624.97","16660","16680","16585","33","548615","8300000000","0","500000","S&P 500","7394.30","0.00","0.00"
"433220","에셋플러스 글로벌대장장이액티브","35725","590","1.68","35696.11","35135","35825","35135","1470","52485180","25007500000","0","700000","S&P 500","7394.30","0.00","0.00"
"451150","에셋플러스 글로벌영에이지액티브","19175","120","0.63","19208.62","19255","19280","19175","14","269025","11888500000","0","620000","S&P 500","7394.30","0.00","0.00"
"477490","에셋플러스 글로벌일등기업포커스10액티브","21410","300","1.42","21414.22","21110","21590","21110","610","13113845","19269000000","0","900000","MSCI World","4757.45","11.82","0.25"
"407830","에셋플러스 글로벌플랫폼액티브","16415","410","2.56","16444.60","16150","16560","16150","5607","92276384","45962000000","0","2800000","S&P 500","7394.30","0.00","0.00"
"0002C0","에셋플러스 인도일등기업포커스20액티브","9980","30","0.30","10063.05","9875","10085","9830","3241","32134490","10778400000","0","1080000","MSCI India IMI Index(PR)","2133.52","0.00","0.00"
"474920","에셋플러스 차이나일등기업포커스10액티브","18675","370","2.02","18617.12","18400","19100","18400","781","14709405","17554500000","0","940000","MSCI China Index(USD, Price Return)","73.18","0.00","0.00"
"442090","에셋플러스 코리아대장장이액티브","36800","1835","5.25","35700.27","36350","36800","35685","126557","4595669455","51520000000","0","1400000","FnGuide 대장장이 지수(Price Return)","3731.53","114.09","3.15"
"407820","에셋플러스 코리아플랫폼액티브","7455","245","3.40","7421.01","7450","7565","7405","25932","194779850","13419000000","0","1800000","FnGuide 플랫폼 지수(Price Return)","1217.37","58.80","5.08"
"152870","파워 200","130325","6080","4.89","130993.01","134290","136425","130190","22104","2943367715","162906250000","0","1250000","코스피 200","1291.32","59.78","4.85"
"491510","파워 K-주주가치액티브","18700","595","3.29","18902.50","18615","19205","18605","169","3201790","17765000000","0","950000","FnGuide K-주주가치 지수","3799.19","109.12","2.96"
"192720","파워 고배당저변동성","60090","1305","2.22","60619.65","59800","61347","59280","5231","315940202","37856700000","0","630000","코스피 200 고배당지수","5962.54","149.43","2.57"
"498180","파워 종합채권(AA-이상)액티브","93630","355","0.38","93647.14","93690","93690","93630","6","561960","115164900000","0","1230000","KIS 한국종합채권지수(AA-이상, 총수익)","105.31","0.00","0.00"
"140950","파워 코스피100","101835","4735","4.88","102165.76","104995","106535","101835","4519","473827096","57027600000","0","560000","코스피 100","10075.86","454.93","4.73"