종목코드,종목명,종가,대비,등락률,EPS,PER,선행 EPS,선행 PER,BPS,PBR,주당배당금,배당수익률
"060310","3S","1317","107","8.84",,,,,"933","1.41","0","0.00"
"095570","AJ네트웍스","4460","105","2.41","635","7.02","615","7.25","10216","0.44","330","7.40"
"006840","AK홀딩스","6360","40","0.63",,,,,"31492","0.20","0","0.00"
"054620","APS","4445","240","5.71",,,,,"11700","0.38","0","0.00"
"079810","APS이노베이션","3830","150","4.08","4","957.50",,,"7818","0.49","0","0.00"
"265520","AP시스템","25400","2150","9.25","1605","15.83",,,"24853","1.02","340","1.34"
"211270","AP위성","12260","-330","-2.62",,,,,"7297","1.68","0","0.00"
"027410","BGF","4105","35","0.86","618","6.64","674","6.09","18674","0.22","130","3.17"
"282330","BGF리테일","129300","1300","1.02","11303","11.44","13495","9.58","76009","1.70","4100","3.17"
"126600","BGF에코머티리얼즈","3175","135","4.44","226","14.05",,,"6634","0.48","50","1.57"
"138930","BNK금융지주","17670","850","5.05","2512","7.03","2881","6.13","34780","0.51","735","4.16"
"001460","BYC","37050","1150","3.20","2367","15.65",,,"68791","0.54","400","1.08"
"001465","BYC우","25300","400","1.61",,,,,,,"405","1.60"
"083790","CG인바이츠","889","48","5.71",,,,,"1144","0.78","0","0.00"
"001040","CJ","174500","1500","0.87","4271","40.86","12226","14.27","155346","1.12","3300","1.89"
"079160","CJ CGV","4505","75","1.69",,,,,"3444","1.31","0","0.00"
"035760","CJ ENM","38100","0","0.00","1422","26.79","3528","10.80","134460","0.28","0","0.00"
"311690","CJ 바이오사이언스","4890","-10","-0.20",,,,,"4105","1.19","0","0.00"
"00104K","CJ4우(전환)","163400","3400","2.13",,,,,,,"3350","2.05"
"000120","CJ대한통운","82700","2900","3.63","11347","7.29","12410","6.66","207860","0.40","800","0.97"
"011150","CJ씨푸드","2110","75","3.69","78","27.05",,,"2447","0.86","0","0.00"
"011155","CJ씨푸드1우","9610","90","0.95",,,,,,,"0","0.00"
"001045","CJ우","73300","300","0.41",,,,,,,"3350","4.57"
"097950","CJ제일제당","198700","4000","2.05",,,"26395","7.53","440524","0.45","6000","3.02"
"097955","CJ제일제당 우","124300","2800","2.30",,,,,,,"6050","4.87"
"051500","CJ프레시웨이","23700","100","0.42","3961","5.98","5532","4.28","38342","0.62","500","2.11"
"058820","CMG제약","1122","22","2.00",,,,,"1363","0.82","0","0.00"
"056730","CNT85","1792","72","4.19",,,,,"4200","0.43","0","0.00"
"000480","CR홀딩스","4840","90","1.89",,,,,"13605","0.36","410","8.47"
"065770","CS","1706","61","3.71",,,,,"1799","0.95","0","0.00"
"083660","CSA 코스믹","395","91","29.93",,,,,"229","1.72","0","0.00"
"000590","CS홀딩스","71900","-800","-1.10","16782","4.28",,,"320744","0.22","500","0.70"
"012030","DB","1969","59","3.09","259","7.60",,,"2351","0.84","0","0.00"
"477760","DB금융스팩12호","2050","-5","-0.24",,,,,,,"0","0.00"
"005830","DB손해보험","148200","8200","5.86","29597","5.01","24621","6.02","179423","0.83","7600","5.13"
"016610","DB증권","10730","380","3.67","2029","5.29",,,"27483","0.39","550","5.13"
"000990","DB하이텍","174300","19100","12.31","6285","27.73","9060","19.24","50326","3.46","810","0.46"
"099520","DGI","1284","0","0.00",,,,,"509","2.52","0","0.00"
"000300","DH오토넥스","4200","0","0.00","101","41.58",,,"874","4.81","0","0.00"
"290120","DH오토리드","2570","20","0.78","888","2.89",,,"6278","0.41","100","3.89"
"025440","DH오토웨어","730","26","3.69",,,,,"1084","0.67","0","0.00"
"001530","DI동일","23250","800","3.56",,,"804","28.93","25027","0.93","100","0.43"
"015590","DKME","2040","-30","-1.45",,,,,"2640","0.77","0","0.00"
"000210","DL","54000","2000","3.85",,,"11608","4.65","177828","0.30","0","0.00"
"000215","DL우","23500","700","3.07",,,,,,,"0","0.00"
"375500","DL이앤씨","73900","3700","5.27","8746","8.45","9993","7.39","126050","0.59","890","1.20"
"37550L","DL이앤씨2우(전환)","45250","2450","5.72",,,,,,,"890","1.97"
"37550K","DL이앤씨우","24300","1500","6.58",,,,,,,"940","3.87"
"068790","DMS","5250","180","3.55","5910","0.89",,,"19235","0.27","250","4.76"
"007340","DN오토모티브","40300","350","0.88","5440","7.41","5645","7.14","38780","1.04","1000","2.48"
"004840","DRB동일","4450","130","3.01","232","19.18",,,"20966","0.21","80","1.80"
"241520","DSC인베스트먼트","11270","290","2.64","669","16.85",,,"4874","2.31","40","0.35"
"155660","DSR","4280","120","2.88","935","4.58",,,"15284","0.28","250","5.84"
"069730","DSR제강","5290","120","2.32","1713","3.09",,,"13053","0.41","430","8.13"
"017860","DS단석","14970","20","0.13",,,,,"15304","0.98","10","0.07"
"180400","DXVX","2530","-110","-4.17",,,,,"954","2.65","0","0.00"
"092780","DYP","4385","60","1.39","617","7.11",,,"11386","0.39","80","1.82"
"017940","E1","87600","2700","3.18","18124","4.83","32026","2.74","349725","0.25","4550","5.19"
"418620","E8","1076","35","3.36",,,,,"735","1.46","0","0.00"
"245620","EDGC","741","0","0.00","364","2.04",,,,,"0","0.00"
"037370","EG","3445","15","0.44",,,,,"6992","0.49","0","0.00"
"050120","ES큐브","2720","-385","-12.40",,,,,"6819","0.40","0","0.00"
"383220","F&F","85900","2700","3.25","10611","8.10","12510","6.87","50123","1.71","2700","3.14"
"007700","F&F홀딩스","16490","-110","-0.66","3218","5.12",,,"59179","0.28","500","3.03"
"214270","FSN","1308","-9","-0.68",,,,,"1408","0.93","0","0.00"
"032620","GC메디아이","3190","65","2.08","729","4.38",,,"2787","1.14","50","1.57"
"130500","GH신소재","2065","55","2.74",,,,,"5566","0.37","0","0.00"
"114090","GKL","12070","-240","-1.95","761","15.86","1018","11.86","7137","1.69","414","3.43"
"078930","GS","72500","800","1.12","8435","8.60","13817","5.25","155303","0.47","3000","4.14"
"083450","GST","64900","4900","8.17","2533","25.62",,,"16838","3.85","650","1.00"
"006360","GS건설","28800","2600","9.92","1073","26.84","3621","7.95","56462","0.51","500","1.74"
"001250","GS글로벌","2980","145","5.11","241","12.37","305","9.78","6576","0.45","25","0.84"
"007070","GS리테일","24550","800","3.37","520","47.21","2630","9.33","39303","0.62","600","2.44"
"078935","GS우","53600","1100","2.10",,,,,,,"3050","5.69"
"499790","GS피앤엘","48200","-2600","-5.12","979","49.23","3042","15.84","43209","1.12","350","0.73"
"297890","HB솔루션","1933","188","10.77","362","5.34",,,"3367","0.57","30","1.55"
"440290","HB인베스트먼트","1837","42","2.34","226","8.13",,,"3223","0.57","120","6.53"
"078150","HB테크놀러지","2930","70","2.45","320","9.16",,,"3208","0.91","20","0.68"
"225530","HC보광산업","2275","25","1.11",,,,,"2530","0.90","50","2.20"
"060560","HC홈센타","2075","60","2.98",,,,,"5570","0.37","50","2.41"
"012630","HDC","21150","1290","6.50","6057","3.49","6033","3.51","59006","0.36","450","2.13"
"039570","HDC랩스","7920","140","1.80","534","14.83","1310","6.05","11616","0.68","450","5.68"
"089470","HDC현대EP","4060","45","1.12","1279","3.17",,,"13772","0.29","160","3.94"
"267270","HD건설기계","142600","-500","-0.35","5698","25.03","11793","12.09","104016","1.37","550","0.39"
"009540","HD한국조선해양","398000","22500","5.99","30664","12.98","54313","7.33","187883","2.12","12300","3.09"
"267250","HD현대","244000","-1500","-0.61","13623","17.91","28718","8.50","143153","1.70","4000","1.64"
"443060","HD현대마린솔루션","247500","2000","0.81","6013","41.16","8855","27.95","18397","13.45","3950","1.60"
"071970","HD현대마린엔진","66000","3700","5.94","4867","13.56","4636","14.24","14413","4.58","0","0.00"
"322000","HD현대에너지솔루션","150500","-2500","-1.63","3721","40.45","9515","15.82","37302","4.03","0","0.00"
"267260","HD현대일렉트릭","1130000","97000","9.39","20354","55.52","30392","37.18","56366","20.05","7100","0.63"
"329180","HD현대중공업","650000","4000","0.62","15702","41.40","31189","20.84","89025","7.30","5661","0.87"
"376270","HEM파마","47000","4550","10.72",,,"3564","13.19","698","67.34","0","0.00"
"097230","HJ중공업","21600","800","3.85","570","37.89","2071","10.43","7416","2.91","0","0.00"
"195940","HK이노엔","41700","-50","-0.12","2672","15.61","3568","11.69","46890","0.89","410","0.98"
"014790","HL D&I","2625","115","4.58","234","11.22","1490","1.76","12211","0.21","0","0.00"
"028300","HLB","46100","-1300","-2.74",,,,,"3159","14.59","0","0.00"
"003580","HLB글로벌","1503","44","3.02",,,,,"1457","1.03","0","0.00"
"278650","HLB바이오스텝","2950","-40","-1.34",,,,,"5610","0.53","0","0.00"
"067630","HLB생명과학","3060","70","2.34",,,,,"2440","1.25","0","0.00"
"024850","HLB이노베이션","14480","530","3.80",,,,,"7280","1.99","0","0.00"
"187420","HLB제넥스","2240","-15","-0.67","775","2.89",,,"1403","1.60","0","0.00"
"047920","HLB제약","10960","250","2.33","141","77.73",,,"3816","2.87","0","0.00"
"115450","HLB테라퓨틱스","2450","20","0.82",,,,,"1705","1.44","0","0.00"
"046210","HLB파나진","1450","23","1.61",,,,,"1591","0.91","0","0.00"
"196300","HLB펩","4770","-10","-0.21",,,,,"2769","1.72","0","0.00"
"204320","HL만도","65000","15000","30.00","2130","30.52","4700","13.83","57793","1.12","750","1.15"
"060980","HL홀딩스","46000","5000","12.20","2251","20.44","6323","7.28","118064","0.39","2000","4.35"
"011200","HMM","20050","1200","6.37","1951","10.28","1300","15.42","28168","0.71","700","3.49"
"403870","HPSP","71500","16500","30.00","901","79.36","1568","45.59","3811","18.76","500","0.70"
"036640","HRS","4710","10","0.21","846","5.57",,,"8112","0.58","300","6.37"
"035000","HS애드","7480","40","0.54","1072","6.98",,,"13081","0.57","550","7.35"
"002460","HS화성","13330","1150","9.44","2916","4.57",,,"45678","0.29","750","5.63"
"487570","HS효성","52700","2500","4.98","5292","9.96",,,"139520","0.38","1000","1.90"
"298050","HS효성첨단소재","197900","3500","1.80",,,"17906","11.05","180761","1.09","2500","1.26"
"467930","IBKS제23호스팩","2105","5","0.24",,,,,,,"0","0.00"
"469480","IBKS제24호스팩","2300","-100","-4.17",,,,,,,"0","0.00"
"0099X0","IBKS제25호스팩","2120","-5","-0.24",,,,,,,"0","0.00"
"015360","INVENI","15330","460","3.09","4003","3.83",,,"29078","0.53","1080","7.05"
"294870","IPARK현대산업개발","19920","580","3.00","2476","8.05","6495","3.07","50647","0.39","700","3.51"
"095340","ISC","230000","39500","20.73","2743","83.85","4999","46.01","26223","8.77","850","0.37"
"175330","JB금융지주","26700","700","2.69","3619","7.38","4078","6.55","31738","0.84","1140","4.27"
"234080","JW생명과학","11410","230","2.06","1847","6.18","1787","6.38","14245","0.80","550","4.82"
"067290","JW신약","1366","65","5.00","245","5.58",,,"729","1.87","0","0.00"
"001060","JW중외제약","27050","550","2.08","2534","10.67",,,"15290","1.77","650","2.40"
"001067","JW중외제약2우B","45500","0","0.00",,,,,,,"650","1.43"
"001065","JW중외제약우","21150","-350","-1.63",,,,,,,"675","3.19"
"096760","JW홀딩스","3850","75","1.99","841","4.58",,,"3858","1.00","215","5.58"
"035900","JYP Ent.","55900","1000","1.82","4846","11.54","4069","13.74","18730","2.98","877","1.57"
"318000","KBG","3370","85","2.59","298","11.31",,,"5394","0.62","60","1.78"
"008970","KBI동양철관","1421","71","5.26",,,,,"1363","1.04","0","0.00"
"024840","KBI메탈","4500","5","0.11",,,,,"3484","1.29","0","0.00"
"105560","KB금융","161200","9700","6.40","15410","10.46","17948","8.98","164669","0.98","4367","2.71"
"024120","KB오토시스","3200","-20","-0.62","339","9.44",,,"10359","0.31","250","7.81"
"478390","KB제29호스팩","2055","5","0.24",,,,,,,"0","0.00"
"486630","KB제30호스팩","2050","-5","-0.24",,,,,,,"0","0.00"
"492220","KB제31호스팩","2020","0","0.00",,,,,,,"0","0.00"
"0037T0","KB제32호스팩","2005","5","0.25",,,,,,,"0","0.00"
"0072Z0","KB제33호스팩","1995","-1","-0.05",,,,,,,"0","0.00"
"002380","KCC","504000","13500","2.75","209201","2.41","117569","4.29","1063952","0.47","15000","2.98"
"021320","KCC건설","5090","155","3.14","2276","2.24","2056","2.48","27706","0.18","200","3.93"
"344820","KCC글라스","23100","1150","5.24",,,,,"86505","0.27","1600","6.93"
"009070","KCTC","4445","200","4.71","707","6.29",,,"10550","0.42","75","1.69"
"009440","KC그린홀딩스","756","0","0.00",,,,,"4547","0.17","0","0.00"
"119650","KC코트렐","918","0","0.00",,,,,"467","1.97","0","0.00"
"044180","KD","205","0","0.00",,,,,"528","0.39","0","0.00"
"092220","KEC","4235","225","5.61",,,,,"8115","0.52","0","0.00"
"003620","KG모빌리티","3185","85","2.74","232","13.73",,,"7336","0.43","0","0.00"
"016380","KG스틸","6120","300","5.15","1394","4.39","1654","3.70","21234","0.29","300","4.90"
"151860","KG에코솔루션","6070","390","6.87","1964","3.09",,,"34152","0.18","150","2.47"
"035600","KG이니시스","10130","190","1.91","1798","5.63","2305","4.39","18729","0.54","600","5.92"
"001390","KG케미칼","4715","210","4.66","1023","4.61",,,"14858","0.32","150","3.18"
"046440","KG파이낸셜","4245","90","2.17","644","6.59","925","4.59","9858","0.43","250","5.89"
"060720","KH바텍","11350","590","5.48","925","12.27","1113","10.20","12563","0.90","365","3.22"
"001940","KISCO홀딩스","23250","0","0.00",,,"1658","14.03","93049","0.25","1850","7.96"
"058400","KNN","576","21","3.78","85","6.78",,,"1720","0.33","25","4.34"
"025000","KPX케미칼","50600","600","1.20","10650","4.75",,,"158214","0.32","3750","7.41"
"092230","KPX홀딩스","82800","-200","-0.24","20111","4.12",,,"279950","0.30","5250","6.34"
"000040","KR모터스","341","1","0.29",,,,,"506","0.67","0","0.00"
"044450","KSS해운","9840","230","2.39","1619","6.08",,,"24109","0.41","450","4.57"
"101000","KS인더스트리","563","11","1.99",,,,,"1025","0.55","0","0.00"
"030200","KT","54800","-5200","-8.67","7119","7.70","5951","9.21","73231","0.75","2400","4.38"
"033780","KT&G","187800","2700","1.46","10220","18.38","12210","15.38","89409","2.10","6000","3.19"
"058850","KTcs","2420","65","2.76","616","3.93",,,"5605","0.43","100","4.13"
"058860","KTis","2620","35","1.35","1188","2.21",,,"7801","0.34","140","5.34"
"089600","KT나스미디어","10250","-30","-0.29","596","17.20","1555","6.59","17839","0.57","700","6.83"
"418470","KT밀리의서재","10640","230","2.21","1847","5.76","2148","4.95","10150","1.05","550","5.17"
"043610","KT지니뮤직","1516","57","3.91",,,"189","8.01","2474","0.61","0","0.00"
"122450","KX","2860","110","4.00","461","6.20","841","3.40","8467","0.34","0","0.00"
"052900","KX하이텍","1554","92","6.29","80","19.43",,,"2108","0.74","0","0.00"
"036560","KZ정밀","12430","230","1.89","591","21.03",,,"36900","0.34","800","6.44"
"061970","LB세미콘","5290","470","9.75",,,,,"4579","1.16","0","0.00"
"309960","LB인베스트먼트","4655","180","4.02","541","8.60",,,"5521","0.84","200","4.30"
"093050","LF","23500","1500","6.82","3646","6.45",,,"61158","0.38","700","2.98"
"003550","LG","106500","-1000","-0.93","4780","22.28","8457","12.59","186173","0.57","3100","2.91"
"034220","LG디스플레이","13900","1050","8.17","453","30.68","1412","9.85","13208","1.05","0","0.00"
"051900","LG생활건강","242000","3500","1.47",,,"12432","19.47","325224","0.74","2000","0.83"
"051905","LG생활건강우","105000","4000","3.96",,,,,,,"2050","1.95"
"064400","LG씨엔에스","92800","-200","-0.22","4549","20.40","5405","17.17","30270","3.07","1850","1.99"
"373220","LG에너지솔루션","400000","15500","4.03",,,"2287","174.87","86391","4.63","0","0.00"
"003555","LG우","68600","-700","-1.01",,,,,,,"3150","4.59"
"032640","LG유플러스","15950","560","3.64","1221","13.06","1784","8.94","20826","0.77","660","4.14"
"011070","LG이노텍","1036000","-36000","-3.36","14421","71.84","38010","27.26","243532","4.25","1880","0.18"
"066570","LG전자","225500","-500","-0.22","5330","42.31","12085","18.66","132659","1.70","1350","0.60"
"066575","LG전자우","78800","1500","1.94",,,,,,,"1400","1.78"
"037560","LG헬로비전","2190","-20","-0.90","23","95.22","295","7.43","5845","0.37","0","0.00"
"051910","LG화학","345000","28500","9.00",,,"13965","24.70","419617","0.82","2000","0.58"
"051915","LG화학우","156800","10800","7.40",,,,,,,"2050","1.31"
"079550","LIG디펜스앤에어로스페이스","772000","8000","1.05","11604","66.53","19780","39.03","65465","11.79","2950","0.38"
"073490","LIG아큐버","35000","1150","3.40",,,"2985","11.72","21991","1.59","100","0.29"
"225190","LK삼양","1370","-39","-2.77",,,,,"472","2.90","0","0.00"
"006260","LS","386500","13000","3.48","9903","39.03","20197","19.14","180391","2.14","2500","0.65"
"010120","LS ELECTRIC","222500","-7000","-3.05","1929","115.34","3970","56.04","13920","15.98","600","0.27"
"000680","LS네트웍스","3165","105","3.43",,,,,"11323","0.28","0","0.00"
"060370","LS마린솔루션","30300","1250","4.30","215","140.93","513","59.10","12341","2.46","160","0.53"
"417200","LS머트리얼즈","16600","290","1.78","6","2766.67",,,"2736","6.07","22","0.13"
"229640","LS에코에너지","61600","3600","6.21","1387","44.41","1840","33.49","6898","8.93","250","0.41"
"078020","LS증권","6640","350","5.56","370","17.95",,,"14185","0.47","500","7.53"
"322180","LS티라유텍","5450","190","3.61",,,,,"3141","1.74","0","0.00"
"108320","LX세미콘","50200","1550","3.19","5081","9.88","6364","7.89","69207","0.73","1500","2.99"
"001120","LX인터내셔널","40050","50","0.13","3943","10.16","7700","5.20","77069","0.52","2000","4.99"
"108670","LX하우시스","33200","1000","3.11",,,"6789","4.89","83591","0.40","0","0.00"
"108675","LX하우시스우","16210","390","2.47",,,,,,,"0","0.00"
"383800","LX홀딩스","8150","260","3.30","1745","4.67","2061","3.95","25745","0.32","290","3.56"
"38380K","LX홀딩스1우","7950","140","1.79",,,,,,,"300","3.77"
"476080","M83","5430","-30","-0.55",,,,,"5585","0.97","0","0.00"
"086960","MDS테크","2565","95","3.85","220","11.66",,,"3618","0.71","0","0.00"
"023150","MH에탄올","4335","110","2.60",,,,,"9350","0.46","250","5.77"
"035420","NAVER","247000","23000","10.27","13009","18.99","13600","18.16","184396","1.34","2630","1.06"
"036570","NC","263000","3000","1.15","17876","14.71","22476","11.70","173514","1.52","1150","0.44"
"160550","NEW","1269","41","3.34","28","45.32",,,"3265","0.39","0","0.00"
"053290","NE능률","1575","104","7.07",,,,,"4846","0.33","0","0.00"
"181710","NHN","39800","-300","-0.75","1023","38.91","3649","10.91","47466","0.84","500","1.26"
"060250","NHN KCP","15040","510","3.51","1195","12.59","1478","10.17","7810","1.93","250","1.66"
"104200","NHN벅스","3295","230","7.50",,,,,"3749","0.88","0","0.00"
"054050","NH농우바이오","7220","80","1.12","767","9.41",,,"17324","0.42","250","3.46"
"005940","NH투자증권","31750","550","1.76","2882","11.02","3929","8.08","25187","1.26","1300","4.09"
"005945","NH투자증권우","24700","350","1.44",,,,,,,"1350","5.47"
"034310","NICE","12180","-200","-1.62","1079","11.29",,,"21761","0.56","560","4.60"
"063570","NICE인프라","3415","50","1.49","234","14.59","489","6.98","6019","0.57","140","4.10"
"030190","NICE평가정보","14630","-110","-0.75","1317","11.11","1659","8.82","7931","1.84","510","3.49"
"008260","NI스틸","3090","130","4.39","673","4.59",,,"9590","0.32","100","3.24"
"004250","NPC","3170","50","1.60","339","9.35",,,"11789","0.27","105","3.31"
"004255","NPC우","2050","10","0.49",,,,,,,"110","5.37"
"222160","NPX","8040","0","0.00",,,,,"454","17.71","0","0.00"
"456040","OCI","105300","-800","-0.75",,,"13574","7.76","125846","0.84","0","0.00"
"010060","OCI홀딩스","300000","16500","5.82",,,"13898","21.59","210598","1.42","1000","0.33"
"178920","PI첨단소재","23850","1150","5.07","1035","23.04","1867","12.77","12094","1.97","350","1.47"
"001340","PKC","6240","530","9.28","229","27.25","249","25.06","5057","1.23","30","0.48"
"024940","PN풍년","2340","50","2.18","306","7.65",,,"5519","0.42","35","1.50"
"005490","POSCO홀딩스","377000","19000","5.31","8697","43.35","26712","14.11","736969","0.51","10000","2.65"
"332570","PS일렉트로닉스","7860","50","0.64","482","16.31",,,"2734","2.87","0","0.00"
"218410","RFHIC","77000","2100","2.80","1131","68.08","2015","38.21","13376","5.76","400","0.52"
"327260","RF머트리얼즈","66600","1600","2.46","846","78.72","1853","35.95","6163","10.81","0","0.00"
"474610","RF시스템즈","8150","-30","-0.37","396","20.58",,,"3732","2.18","0","0.00"
"091340","S&K폴리텍","2260","85","3.91","295","7.66",,,"8631","0.26","0","0.00"
"010950","S-Oil","111400","-1700","-1.50","1519","73.34","16911","6.59","76339","1.46","330","0.30"
"010955","S-Oil우","53500","200","0.38",,,,,,,"355","0.66"
"419530","SAMG엔터","25800","-200","-0.77","3560","7.25","2951","8.74","8830","2.92","0","0.00"
"019550","SBI인베스트먼트","940","-4","-0.42","116","8.10",,,"1824","0.52","0","0.00"
"034120","SBS","12470","180","1.46","433","28.80","862","14.46","69877","0.18","330","2.65"
"003080","SB성보","2230","5","0.22","1759","1.27",,,"7843","0.28","205","9.19"
"246960","SCL사이언스","1750","-20","-1.13",,,,,"719","2.43","0","0.00"
"099220","SDN","987","37","3.89",,,,,"1215","0.81","0","0.00"
"036540","SFA반도체","7260","350","5.07",,,"199","36.57","2884","2.52","0","0.00"
"255220","SG","2005","171","9.32",,,,,"1130","1.77","0","0.00"
"040610","SG&G","3175","70","2.25","1612","1.97",,,"24694","0.13","0","0.00"
"184230","SGA솔루션즈","2190","10","0.46","1125","1.95",,,"1885","1.16","0","0.00"
"016250","SGC E&C","12140","730","6.40",,,,,"61780","0.20","0","0.00"
"005090","SGC에너지","58400","6200","11.88",,,"2959","19.74","48667","1.20","1300","2.23"
"001380","SG글로벌","1489","56","3.91","124","12.01",,,"6772","0.22","0","0.00"
"004060","SG세계물산","2985","45","1.53","40","74.63",,,"13190","0.23","0","0.00"
"001770","SHD","13560","270","2.03","1620","8.37",,,"45604","0.30","200","1.47"
"002360","SH에너지화학","2030","0","0.00",,,,,"6420","0.32","0","0.00"
"009160","SIMPAC","4515","-20","-0.44","381","11.85",,,"12180","0.37","300","6.64"
"033530","SJG세종","6910","330","5.02","2541","2.72","2672","2.59","19312","0.36","200","2.89"
"123700","SJM","3255","10","0.31","777","4.19",,,"14855","0.22","205","6.30"
"025530","SJM홀딩스","3500","85","2.49","621","5.64",,,"12785","0.27","250","7.14"
"034730","SK","593000","18000","3.13","29000","20.45","119807","4.95","457231","1.30","8000","1.35"
"357880","SKAI","4305","70","1.65",,,,,"268","16.06","0","0.00"
"011790","SKC","140300","300","0.21",,,,,"22956","6.11","0","0.00"
"018670","SK가스","222000","-2500","-1.11","26176","8.48","43909","5.06","325701","0.68","9000","4.05"
"001740","SK네트웍스","13000","1330","11.40","257","50.58","368","35.30","10430","1.25","250","1.92"
"006120","SK디스커버리","46400","1600","3.57","6961","6.67",,,"158509","0.29","2000","4.31"
"006125","SK디스커버리우","37900","550","1.47",,,,,,,"2050","5.41"
"210980","SK디앤디","11460","-40","-0.35","381","30.08",,,"30636","0.37","200","1.75"
"302440","SK바이오사이언스","39200","-150","-0.38",,,,,"22806","1.72","0","0.00"
"326030","SK바이오팜","87900","-600","-0.68","3409","25.78","5011","17.54","10382","8.47","0","0.00"
"402340","SK스퀘어","1358000","130000","10.59","66713","20.36","304833","4.45","209564","6.48","0","0.00"
"361610","SK아이이테크놀로지","18610","-1890","-9.22",,,,,"31808","0.59","0","0.00"
"100090","SK오션플랜트","15660","440","2.89","625","25.06","986","15.88","13037","1.20","0","0.00"
"03473K","SK우","386000","6000","1.58",,,,,,,"8050","2.09"
"096770","SK이노베이션","106100","2900","2.81",,,"9224","11.50","128060","0.83","0","0.00"
"096775","SK이노베이션우","63000","2700","4.48",,,,,,,"0","0.00"
"475150","SK이터닉스","43000","2450","6.04","911","47.20","1300","33.07","8095","5.31","0","0.00"
"001510","SK증권","3345","465","16.15","138","24.24",,,"2887","1.16","0","0.00"
"001515","SK증권우","5500","400","7.84",,,,,,,"0","0.00"
"285130","SK케미칼","44050","-500","-1.12","2306","19.10","6610","6.66","116581","0.38","1150","2.61"
"28513K","SK케미칼우","23000","550","2.45",,,,,,,"1200","5.22"
"017670","SK텔레콤","103000","3000","3.00","1825","56.44","5913","17.42","60395","1.71","1660","1.61"
"000660","SK하이닉스","2150000","49000","2.33","62044","34.65","355490","6.05","171751","12.52","3000","0.14"
"048550","SM C&C","1100","117","11.90",,,,,"843","1.30","0","0.00"
"063440","SM Life Design","1152","39","3.50","119","9.68",,,"1461","0.79","0","0.00"
"003570","SNT다이내믹스","40900","250","0.62","2696","15.17","3013","13.57","36682","1.11","1800","4.40"
"064960","SNT모티브","29900","1000","3.46","2921","10.24","3830","7.81","42534","0.70","1700","5.69"
"100840","SNT에너지","33600","650","1.97","4270","7.87","5072","6.62","18458","1.82","1150","3.42"
"036530","SNT홀딩스","51000","-400","-0.78","8924","5.71","11715","4.35","92522","0.55","3000","5.88"
"067160","SOOP","47500","2000","4.40","9556","4.97","8605","5.52","43822","1.08","3380","7.12"
"000390","SP삼화","6600","70","1.07","308","21.43",,,"12503","0.53","350","5.30"
"011810","STX","3530","0","0.00",,,,,,,"0","0.00"
"465770","STX그린로지스","2895","-485","-14.35",,,,,"3282","0.88","0","0.00"
"077970","STX엔진","32300","650","2.05","1793","18.01","2136","15.12","8545","3.78","0","0.00"
"002820","SUN&L","1993","78","4.07",,,,,"18273","0.11","0","0.00"
"289080","SV인베스트먼트","2390","25","1.06",,,,,"1313","1.82","0","0.00"
"002170","SYTS","50500","1000","2.02","9071","5.57",,,"171777","0.29","2300","4.55"
"041930","SY동아","5340","80","1.52","1888","2.83",,,"12809","0.42","300","5.62"
"084870","TBH글로벌","1800","-75","-4.00","43","41.86",,,"2972","0.61","50","2.78"
"002710","TCC스틸","13000","1060","8.88",,,,,"9346","1.39","70","0.54"
"013720","THE CUBE&","519","30","6.13",,,,,"960","0.54","0","0.00"
"089230","THE E&M","2420","85","3.64",,,,,"722","3.35","0","0.00"
"032540","TJ미디어","3530","-20","-0.56","191","18.48",,,"4010","0.88","320","9.07"
"069260","TKG휴켐스","15690","-370","-2.30","1561","10.05","1714","9.15","23511","0.67","1000","6.37"
"007980","TP","1796","50","2.86","819","2.19",,,"6164","0.29","75","4.18"
"048770","TPC로보틱스","4290","85","2.02",,,,,"2317","1.85","10","0.23"
"246690","TS인베스트먼트","1317","0","0.00","172","7.66",,,"2075","0.63","15","1.14"
"317240","TS트릴리온","928","44","4.98",,,,,"1030","0.90","0","0.00"
"002900","TYM","6480","360","5.88","984","6.59",,,"10601","0.61","290","4.48"
"024070","WISCOM","1899","67","3.66","88","21.58",,,"5754","0.33","50","2.63"
"057030","YBM넷","2210","40","1.84","99","22.32",,,"3239","0.68","100","4.52"
"037270","YG PLUS","3950","210","5.61","353","11.19",,,"2963","1.33","30","0.76"
"040300","YTN","2340","45","1.96",,,,,"4834","0.48","0","0.00"
"051390","YW","4480","55","1.24","632","7.09",,,"10506","0.43","230","5.13"
"052220","iMBC","2195","45","2.09",,,,,"2413","0.91","0","0.00"
"139130","iM금융지주","17700","-620","-3.38","2511","7.05","3154","5.61","38725","0.46","700","3.95"
"079940","가비아","31450","450","1.45","1232","25.53",,,"13565","2.32","100","0.32"
"078890","가온그룹","5840","140","2.46","395","14.78","1087","5.37","7147","0.82","70","1.20"
"000500","가온전선","252000","-72000","-22.22","3107","81.11",,,"29244","8.62","100","0.04"
"399720","가온칩스","57500","7300","14.54",,,,,"4714","12.20","0","0.00"
"036620","감성코퍼레이션","4875","-155","-3.08","387","12.60","582","8.38","1485","3.28","0","0.00"
"000860","강남제비스코","13310","410","3.18",,,,,"47663","0.28","250","1.88"
"198440","강동씨앤엘","1090","40","3.81","11","99.09",,,"2208","0.49","0","0.00"
"217730","강스템바이오텍","2680","-15","-0.56",,,,,"730","3.67","0","0.00"
"035250","강원랜드","15700","100","0.64","1572","9.99","1368","11.48","19841","0.79","950","6.05"
"114190","강원에너지","10150","540","5.62",,,,,"1321","7.68","0","0.00"
"094480","갤럭시아머니트리","6180","270","4.57","212","29.15",,,"3035","2.04","45","0.73"
"011420","갤럭시아에스엠","1430","61","4.46","135","10.59",,,"2624","0.54","0","0.00"
"039240","경남스틸","2190","60","2.82","172","12.73",,,"4224","0.52","120","5.48"
"053950","경남제약","1990","27","1.38",,,,,"6930","0.29","0","0.00"
"002100","경농","9100","20","0.22","1044","8.72",,,"14751","0.62","700","7.69"
"009450","경동나비엔","68100","-800","-1.16","6206","10.97","12872","5.29","53311","1.28","750","1.10"
"267290","경동도시가스","20350","200","0.99","5576","3.65",,,"80675","0.25","875","4.30"
"012320","경동인베스트","49150","300","0.61","8482","5.79",,,"227089","0.22","750","1.53"
"011040","경동제약","5250","150","2.94","316","16.61",,,"7812","0.67","300","5.71"
"000050","경방","8350","170","2.08","1888","4.42",,,"31241","0.27","160","1.92"
"214390","경보제약","5370","110","2.09","8","671.25",,,"6096","0.88","50","0.93"
"012610","경인양행","4265","185","4.53","138","30.91",,,"5881","0.73","50","1.17"
"009140","경인전자","25900","-600","-2.26","2937","8.82",,,"61271","0.42","500","1.93"
"024910","경창산업","1731","8","0.46",,,,,"3093","0.56","0","0.00"
"013580","계룡건설","20100","540","2.76","11283","1.78","13380","1.50","106029","0.19","700","3.48"
"012200","계양전기","6120","210","3.55",,,,,"734","8.34","0","0.00"
"012205","계양전기우","9160","210","2.35",,,,,,,"0","0.00"
"002140","고려산업","2015","45","2.28","391","5.15",,,"4843","0.42","40","1.99"
"049720","고려신용정보","9860","130","1.34","951","10.37",,,"4407","2.24","500","5.07"
"010130","고려아연","1201000","37000","3.18","42566","28.22","59541","20.17","536342","2.24","20000","1.67"
"002240","고려제강","19030","900","4.96","356","53.46",,,"67342","0.28","350","1.84"
"014570","고려제약","3405","55","1.64","602","5.66",,,"7678","0.44","180","5.29"
"348150","고바이오랩","3895","65","1.70",,,,,"1653","2.36","0","0.00"
"098460","고영","39150","4950","14.47","224","174.78","756","51.78","5079","7.71","140","0.36"
"035290","골드앤에스","2500","-105","-4.03",,,,,"2415","1.04","0","0.00"
"215000","골프존","42550","-700","-1.62","4269","9.97","8968","4.74","73255","0.58","4000","9.40"
"121440","골프존홀딩스","4615","50","1.10","610","7.57",,,"19283","0.24","250","5.42"
"366030","공구우먼","5070","335","7.07","329","15.41",,,"3656","1.39","80","1.58"
"009290","광동제약","6380","100","1.59","521","12.25",,,"13201","0.48","100","1.57"
"017040","광명전기","932","0","0.00",,,,,"144","6.47","0","0.00"
"029480","광무","1544","13","0.85",,,,,"3491","0.44","0","0.00"
"017900","광전자","9300","210","2.31","85","109.41",,,"4784","1.94","50","0.54"
"037710","광주신세계","37100","550","1.50","5830","6.36",,,"113441","0.33","2400","6.47"
"026910","광진실업","3640","70","1.96",,,,,"3131","1.16","0","0.00"
"465320","교보15호스팩","2335","0","0.00",,,,,,,"0","0.00"
"482520","교보16호스팩","2030","0","0.00",,,,,,,"0","0.00"
"489210","교보17호스팩","2060","0","0.00",,,,,,,"0","0.00"
"0041B0","교보18호스팩","2010","-10","-0.50",,,,,,,"0","0.00"
"0098T0","교보19호스팩","2020","0","0.00",,,,,,,"0","0.00"
"0132G0","교보20호스팩","1998","2","0.10",,,,,,,"0","0.00"
"030610","교보증권","10940","150","1.39","1266","8.64",,,"18773","0.58","550","5.03"
"339770","교촌에프앤비","4065","65","1.63","351","11.58","556","7.31","3776","1.08","300","7.38"
"053270","구영테크","2000","104","5.49","860","2.33",,,"5617","0.36","70","3.50"
"007690","국도화학","31950","500","1.59","2538","12.59",,,"100377","0.32","1300","4.07"
"066620","국보디자인","24850","150","0.61","6006","4.14",,,"47874","0.52","500","2.01"
"043650","국순당","3445","45","1.32","397","8.68",,,"15068","0.23","80","2.32"
"006050","국영지앤엠","689","18","2.68","50","13.78",,,"1546","0.45","0","0.00"
"060480","국일신동","1510","105","7.47","9","167.78",,,"3816","0.40","30","1.99"
"078130","국일제지","3700","140","3.93",,,,,"1060","3.49","0","0.00"
"307750","국전","2480","40","1.64",,,,,"1920","1.29","0","0.00"
"002720","국제약품","3520","65","1.88","280","12.57",,,"4617","0.76","30","0.85"
"035080","그래디언트","9480","580","6.52",,,,,"38707","0.24","200","2.11"
"318060","그래피","21850","-550","-2.46",,,"206","106.03","1893","11.54","0","0.00"
"453450","그리드위즈","15640","620","4.13","270","57.93","894","17.50","16771","0.93","0","0.00"
"204020","그리티","2015","-20","-0.98","238","8.47",,,"4344","0.46","115","5.71"
"0015G0","그린광학","19110","460","2.47","212","90.14",,,"5602","3.41","0","0.00"
"402490","그린리소스","11720","520","4.64","619","18.93",,,"4219","2.78","0","0.00"
"114450","그린생명과학","2100","-10","-0.47","6","350.00",,,"1930","1.09","0","0.00"
"083420","그린케미칼","4760","215","4.73","414","11.50",,,"5344","0.89","240","5.04"
"186230","그린플러스","3365","20","0.60",,,,,"3534","0.95","0","0.00"
"014530","극동유화","3300","-10","-0.30","34","97.06",,,"5888","0.56","200","6.06"
"204620","글로벌텍스프리","4625","-120","-2.53","504","9.18",,,"1993","2.32","0","0.00"
"019660","글로본","1900","21","1.12",,,,,"775","2.45","0","0.00"
"014280","금강공업","4520","425","10.38",,,,,"12448","0.36","120","2.65"
"014285","금강공업우","6420","270","4.39",,,,,,,"130","2.02"
"053260","금강철강","4915","25","0.51",,,,,"8115","0.61","170","3.46"
"008870","금비","40100","50","0.12","2636","15.21",,,"96925","0.41","1200","2.99"
"001570","금양","9900","0","0.00",,,,,"7186","1.38","0","0.00"
"282720","금양그린파워","7980","130","1.66","2","3990.00","400","19.94","7927","1.01","0","0.00"
"002990","금호건설","3850","150","4.05","1765","2.18","1538","2.50","6840","0.56","200","5.19"
"002995","금호건설우","12440","960","8.36",,,,,,,"350","2.81"
"011780","금호석유화학","123200","3500","2.92","11300","10.90","14689","8.39","244373","0.50","1700","1.38"
"011785","금호석유화학우","52500","400","0.77",,,,,,,"1750","3.33"
"214330","금호에이치티","2555","0","0.00",,,,,"14000","0.18","0","0.00"
"001210","금호전기","502","9","1.83",,,,,"400","1.26","0","0.00"
"073240","금호타이어","4790","270","5.97","1209","3.96","1373","3.49","7065","0.68","0","0.00"
"036190","금화피에스시","32800","150","0.46","5180","6.33",,,"65215","0.50","1600","4.88"
"049080","기가레인","993","0","0.00",,,,,"487","2.04","0","0.00"
"420770","기가비스","146000","-1600","-1.08","1219","119.77","2757","52.95","16646","8.77","800","0.55"
"035460","기산텔레콤","2710","30","1.12","290","9.34",,,"3743","0.72","0","0.00"
"092440","기신정기","1959","71","3.76","107","18.31",,,"8561","0.23","100","5.10"
"000270","기아","166800","10800","6.92","19382","8.61","22291","7.48","157456","1.06","6800","4.08"
"024110","기업은행","21800","850","4.06","3183","6.85","3603","6.05","45716","0.48","1048","4.81"
"013700","까뮤이앤씨","1144","23","2.05","336","3.40",,,"1881","0.61","30","2.62"
"004540","깨끗한나라","1596","-14","-0.87",,,,,"4539","0.35","0","0.00"
"004545","깨끗한나라우","8530","-260","-2.96",,,,,,,"0","0.00"
"407400","꿈비","2450","85","3.59",,,,,"3316","0.74","0","0.00"
"187790","나노","4570","-115","-2.45","229","19.96",,,"1393","3.28","0","0.00"
"121600","나노신소재","57700","2200","3.96","136","424.26","1062","54.34","20643","2.80","250","0.43"
"286750","나노실리칸첨단소재","1509","165","12.28",,,,,"856","1.76","0","0.00"
"247660","나노씨엠에스","3790","215","6.01",,,,,"4160","0.91","0","0.00"
"039860","나노엔텍","4540","140","3.18","47","96.60",,,"2404","1.89","0","0.00"
"091970","나노캠텍","3025","120","4.13",,,,,"2780","1.09","0","0.00"
"417010","나노팀","8030","-60","-0.74","50","160.60",,,"2423","3.31","0","0.00"
"405920","나라셀라","2080","45","2.21","7","297.14",,,"5059","0.41","0","0.00"
"478340","나라스페이스테크놀로지","21800","50","0.23",,,,,"4128","5.28","0","0.00"
"051490","나라엠앤디","2890","120","4.33","398","7.26",,,"7899","0.37","90","3.11"
"137080","나래나노텍","4345","135","3.21","3613","1.20",,,"10520","0.41","0","0.00"
"190510","나무가","16480","790","5.04","1741","9.47","1477","11.16","12226","1.35","728","4.42"
"242040","나무기술","7950","510","6.85",,,,,"1045","7.61","0","0.00"
"293580","나우IB","1650","88","5.63","61","27.05",,,"1101","1.50","22","1.33"
"459510","나우로보틱스","18710","-50","-0.27",,,,,"1248","14.99","0","0.00"
"138610","나이벡","19220","510","2.73","416","46.20",,,"4032","4.77","0","0.00"
"130580","나이스디앤비","5520","150","2.79","839","6.58","932","5.92","7506","0.74","226","4.09"
"036800","나이스정보통신","29050","350","1.22","4908","5.92","5469","5.31","45328","0.64","1100","3.79"
"267320","나인테크","2630","95","3.75",,,,,"1599","1.64","0","0.00"
"001260","남광토건","7900","600","8.22","539","14.66",,,"12722","0.62","0","0.00"
"008350","남선알미늄","1254","19","1.54","28","44.79",,,"2196","0.57","0","0.00"
"008355","남선알미우","10060","20","0.20",,,,,,,"0","0.00"
"004270","남성","7020","-80","-1.13",,,,,"33720","0.21","250","3.56"
"003920","남양유업","43550","-1050","-2.35","888","49.04",,,"120319","0.36","1428","3.28"
"003925","남양유업우","33850","100","0.30",,,,,,,"1433","4.23"
"025860","남해화학","6350","120","1.93","608","10.44",,,"11459","0.55","90","1.42"
"111710","남화산업","3405","-40","-1.16","324","10.51",,,"9175","0.37","200","5.87"
"091590","남화토건","3550","20","0.57","931","3.81",,,"14580","0.24","100","2.82"
"168330","내츄럴엔도텍","2235","15","0.68",,,,,"759","2.94","0","0.00"
"094860","네오리진","1354","33","2.50",,,,,"943","1.44","0","0.00"
"253590","네오셈","13990","860","6.55","126","111.03",,,"2805","4.99","100","0.71"
"212560","네오오토","10450","750","7.73","1260","8.29",,,"11647","0.90","200","1.91"
"095660","네오위즈","19780","50","0.25","2522","7.84","2056","9.62","26889","0.74","303","1.53"
"042420","네오위즈홀딩스","21600","650","3.10","5422","3.98",,,"56817","0.38","486","2.25"
"311390","네오크레마","3085","40","1.31","237","13.02",,,"5846","0.53","50","1.62"
"085910","네오티스","28950","-650","-2.20","330","87.73","1323","21.89","4154","6.97","200","0.69"
"092730","네오팜","17130","280","1.66","1779","9.63","1841","9.31","12490","1.37","750","4.38"
"153460","네이블","6740","200","3.06","390","17.28",,,"5530","1.22","0","0.00"
"007390","네이처셀","32000","-200","-0.62",,,,,"978","32.72","0","0.00"
"033640","네패스","32650","1100","3.49","719","45.41","659","49.53","5360","6.09","0","0.00"
"330860","네패스아크","50500","3500","7.45","280","180.36","1988","25.40","13841","3.65","0","0.00"
"351320","넥사다이내믹스","1120","4","0.36",,,,,"715","1.57","0","0.00"
"005720","넥센","6230","130","2.13","1757","3.55",,,"26875","0.23","175","2.81"
"005725","넥센우","4380","80","1.86",,,,,,,"180","4.11"
"002350","넥센타이어","7420","480","6.92","1469","5.05","1615","4.59","19967","0.37","200","2.70"
"002355","넥센타이어1우B","4030","100","2.54",,,,,,,"205","5.09"
"089140","넥스턴앤롤코리아","2590","-10","-0.38",,,,,"9061","0.29","0","0.00"
"389650","넥스트바이오메디컬","42750","2150","5.30",,,"89","478.45","5864","7.29","0","0.00"
"137940","넥스트아이","1785","-37","-2.03",,,,,"5140","0.35","0","0.00"
"396270","넥스트칩","3540","165","4.89",,,,,"552","6.41","0","0.00"
"348210","넥스틴","61400","2900","4.96",,,"2316","26.51","14724","4.17","510","0.83"
"092790","넥스틸","14270","420","3.03","1386","10.30",,,"17845","0.80","1155","8.09"
"225570","넥슨게임즈","9720","200","2.10",,,,,"4052","2.40","0","0.00"
"205500","넥써쓰","2050","-40","-1.91",,,,,"504","4.07","0","0.00"
"217270","넵튠","2745","0","0.00",,,,,"7036","0.39","0","0.00"
"251270","넷마블","42450","-600","-1.39","2746","15.46","4416","9.61","66269","0.64","876","2.06"
"104620","노랑풍선","3760","95","2.59",,,,,"2380","1.58","0","0.00"
"090350","노루페인트","7800","-10","-0.13","804","9.70",,,"20328","0.38","400","5.13"
"090355","노루페인트우","10900","-110","-1.00",,,,,,,"405","3.72"
"000320","노루홀딩스","17630","380","2.20","3090","5.71",,,"47919","0.37","600","3.40"
"000325","노루홀딩스우","27600","150","0.55",,,,,,,"605","2.19"
"473980","노머스","13680","-820","-5.66","1359","10.07","1673","8.18","9419","1.45","0","0.00"
"194700","노바렉스","14480","-230","-1.56","2000","7.24","2641","5.48","14257","1.02","400","2.76"
"285490","노바텍","14480","480","3.43","1885","7.68",,,"16898","0.86","2871","19.83"
"145170","노브랜드","3630","55","1.54","311","11.67",,,"9360","0.39","0","0.00"
"106520","노블엠앤비","411","0","0.00",,,,,"459","0.90","0","0.00"
"376930","노을","867","33","3.96",,,,,"501","1.73","0","0.00"
"486990","노타","27100","-150","-0.55",,,,,"1288","21.04","0","0.00"
"006280","녹십자","126400","2200","1.77",,,"5617","22.50","106673","1.18","1500","1.19"
"142280","녹십자엠에스","3415","-50","-1.44","169","20.21",,,"2040","1.67","0","0.00"
"234690","녹십자웰빙","8090","150","1.89","564","14.34",,,"6351","1.27","140","1.73"
"005250","녹십자홀딩스","10710","-640","-5.64",,,,,"19826","0.54","300","2.80"
"005257","녹십자홀딩스2우","20350","-100","-0.49",,,,,,,"300","1.47"
"004370","농심","377500","2500","0.67","29342","12.87","32332","11.68","485193","0.78","6000","1.59"
"072710","농심홀딩스","93300","3000","3.32","24706","3.78",,,"284823","0.33","3000","3.22"
"069140","누리플랜","1677","44","2.69","16","104.81",,,"2750","0.61","0","0.00"
"040160","누리플렉스","8970","190","2.16",,,,,"6261","1.43","0","0.00"
"332290","누보","988","19","1.96","29","34.07","157","6.31","881","1.12","0","0.00"
"348340","뉴로메카","49500","3650","7.96",,,,,"1211","40.88","0","0.00"
"380550","뉴로핏","12430","-50","-0.40",,,,,"1672","7.43","0","0.00"
"060260","뉴보텍","1412","89","6.73","141","10.01",,,"1710","0.83","10","0.71"
"463020","뉴엔AI","9690","1310","15.63",,,,,"6023","1.61","0","0.00"
"123840","뉴온","3160","-170","-5.11",,,,,"15220","0.21","0","0.00"
"012340","뉴인텍","1097","52","4.98",,,,,"1209","0.91","0","0.00"
"462310","뉴키즈온","3570","-160","-4.29",,,,,"5618","0.64","0","0.00"
"270870","뉴트리","3790","280","7.98",,,,,"11542","0.33","0","0.00"
"144960","뉴파워프라즈마","10050","1720","20.65","211","47.63",,,"7057","1.42","50","0.50"
"085670","뉴프렉스","4040","140","3.59","360","11.22",,,"4434","0.91","100","2.48"
"064260","다날","5320","300","5.98",,,,,"4033","1.32","0","0.00"
"340360","다보링크","1445","83","6.09",,,,,"297","4.87","0","0.00"
"039560","다산네트웍스","3365","190","5.98",,,,,"6733","0.50","20","0.59"
"208860","다산디엠씨","1001","-4","-0.40",,,,,"1638","0.61","0","0.00"
"154040","다산솔루에타","775","-2","-0.26","678","1.14",,,"2929","0.26","0","0.00"
"058730","다스코","2640","80","3.13",,,,,"8046","0.33","0","0.00"
"030210","다올투자증권","3675","165","4.70","641","5.73",,,"9169","0.40","240","6.53"
"023590","다우기술","39300","800","2.08","11707","3.36",,,"79869","0.49","1800","4.58"
"032190","다우데이타","19600","960","5.15","5713","3.43",,,"42047","0.47","550","2.81"
"323350","다원넥스뷰","14880","270","1.85","434","34.29",,,"2351","6.33","0","0.00"
"068240","다원시스","2530","0","0.00",,,,,,,"0","0.00"
"145210","다이나믹디자인","224","0","0.00",,,,,"1059","0.21","0","0.00"
"290660","다이나믹솔루션","939","0","0.00",,,,,"704","1.33","0","0.00"
"483650","달바글로벌","193700","-17300","-8.20","6594","29.38","11958","16.20","16022","12.09","2629","1.36"
"464580","닷밀","1780","30","1.71","43","41.40",,,"1863","0.96","0","0.00"
"019680","대교","1143","6","0.53",,,,,"3375","0.34","60","5.25"
"019685","대교우B","715","-9","-1.24",,,,,,,"60","8.39"
"006370","대구백화점","4950","-25","-0.50",,,,,"15711","0.32","0","0.00"
"008060","대덕","20500","880","4.49","103","199.03",,,"17702","1.16","1155","5.63"
"00806K","대덕1우","12290","340","2.85",,,,,,,"1160","9.44"
"353200","대덕전자","165200","8400","5.36","924","178.79","4544","36.36","17419","9.48","500","0.30"
"35320K","대덕전자1우","34600","950","2.82",,,,,,,"505","1.46"
"000490","대동","8020","530","7.08",,,,,"17840","0.45","100","1.25"
"020400","대동금속","3185","75","2.41",,,,,"6832","0.47","60","1.88"
"008830","대동기어","13850","870","6.70",,,,,"7410","1.87","40","0.29"
"048470","대동스틸","3060","115","3.90","30","102.00",,,"7633","0.40","30","0.98"
"004780","대륙제관","3940","105","2.74","577","6.83",,,"9988","0.39","150","3.81"
"005750","대림바스","4410","15","0.34","812","5.43",,,"10213","0.43","180","4.08"
"017650","대림제지","8790","0","0.00","765","11.49",,,"32201","0.27","100","1.14"
"006570","대림통상","1900","0","0.00",,,,,"2512","0.76","0","0.00"
"389260","대명에너지","13970","-50","-0.36","807","17.31",,,"9190","1.52","0","0.00"
"317850","대모","7400","670","9.96","227","32.60",,,"5781","1.28","60","0.81"
"290670","대보마그네틱","6590","330","5.27",,,,,"2406","2.74","0","0.00"
"078140","대봉엘에스","8650","340","4.09","919","9.41",,,"12898","0.67","50","0.58"
"065150","대산F&B","1450","0","0.00","530","2.74",,,"1530","0.95","0","0.00"
"001680","대상","18560","750","4.21",,,"2853","6.50","29733","0.62","850","4.58"
"001685","대상우","14500","100","0.69",,,,,,,"860","5.93"
"084690","대상홀딩스","8480","230","2.79",,,,,"16654","0.51","300","3.54"
"084695","대상홀딩스우","13110","230","1.79",,,,,,,"310","2.36"
"036480","대성미생물","6400","10","0.16","157","40.76",,,"9321","0.69","75","1.17"
"128820","대성산업","5170","-10","-0.19",,,,,"16698","0.31","404","7.81"
"117580","대성에너지","7170","90","1.27","905","7.92",,,"12713","0.56","250","3.49"
"027830","대성창투","1143","20","1.78","6","190.50",,,"1835","0.62","0","0.00"
"129920","대성하이텍","5630","-130","-2.26",,,,,"4260","1.32","0","0.00"
"016710","대성홀딩스","7180","100","1.41","1069","6.72",,,"28645","0.25","250","3.48"
"471050","대신밸런스제17호스팩","2085","0","0.00",,,,,,,"0","0.00"
"482690","대신밸런스제19호스팩","2140","-50","-2.28",,,,,,,"0","0.00"
"0134X0","대신밸런스제20호스팩","1975","-8","-0.40",,,,,,,"0","0.00"
"020180","대신정보통신","1021","26","2.61","149","6.85",,,"1013","1.01","30","2.94"
"003540","대신증권","29600","1000","3.50","2413","12.27","3463","8.55","53208","0.56","1200","4.05"
"003547","대신증권2우B","19770","410","2.12",,,,,,,"1200","6.07"
"003545","대신증권우","20300","250","1.25",,,,,,,"1250","6.16"
"045390","대아티아이","2905","85","3.01","290","10.02",,,"2189","1.33","0","0.00"
"009190","대양금속","1904","29","1.55","206","9.24",,,"1789","1.06","0","0.00"
"108380","대양전기공업","19370","890","4.82","2680","7.23","3094","6.26","29042","0.67","200","1.03"
"014160","대영포장","839","26","3.20","15","55.93",,,"1865","0.45","0","0.00"
"047040","대우건설","21850","1400","6.85",,,"1050","20.81","8148","2.68","0","0.00"
"003090","대웅","18090","40","0.22","4280","4.23",,,"28372","0.64","200","1.11"
"069620","대웅제약","120100","-200","-0.17","17022","7.06","16567","7.25","87439","1.37","600","0.50"
"007680","대원","3805","30","0.79",,,,,"21022","0.18","200","5.26"
"000430","대원강업","5060","115","2.33","587","8.62",,,"9057","0.56","110","2.17"
"048910","대원미디어","5200","170","3.38","454","11.45","874","5.95","8448","0.62","165","3.17"
"005710","대원산업","10930","420","4.00","3836","2.85",,,"29170","0.37","250","2.29"
"006340","대원전선","10470","470","4.70","113","92.65",,,"1527","6.86","0","0.00"
"006345","대원전선우","10750","400","3.86",,,,,,,"0","0.00"
"003220","대원제약","9240","0","0.00",,,"1000","9.24","12407","0.74","250","2.71"
"024890","대원화성","2810","20","0.72","430","6.53",,,"5460","0.51","0","0.00"
"120240","대정화금","13570","10","0.07","1889","7.18",,,"25600","0.53","475","3.50"
"003310","대주산업","1915","45","2.41","191","10.03",,,"3160","0.61","37","1.93"
"078600","대주전자재료","120800","3700","3.16","1377","87.73","2128","56.75","16760","7.21","100","0.08"
"393970","대진첨단소재","2825","0","0.00",,,,,"3532","0.80","0","0.00"
"012800","대창","1267","17","1.36","28","45.25",,,"3725","0.34","0","0.00"
"015230","대창단조","6150","130","2.16","1142","5.39",,,"12806","0.48","180","2.93"
"096350","대창솔루션","2030","169","9.08",,,,,"872","2.33","0","0.00"
"140520","대창스틸","1997","23","1.17","135","14.79",,,"7073","0.28","150","7.51"
"131220","대한과학","3850","55","1.45","478","8.05",,,"6035","0.64","125","3.25"
"010170","대한광통신","19040","1970","11.54",,,,,"484","39.34","0","0.00"
"054670","대한뉴팜","5680","20","0.35","1087","5.23",,,"9971","0.57","100","1.76"
"001070","대한방직","5850","-100","-1.68",,,,,"43130","0.14","0","0.00"
"023910","대한약품","26500","150","0.57","4701","5.64","5600","4.73","51057","0.52","1000","3.77"
"006650","대한유화","124700","3800","3.14","5134","24.29","19031","6.55","297102","0.42","1300","1.04"
"001440","대한전선","37850","900","2.44","453","83.55","634","59.74","8620","4.39","0","0.00"
"084010","대한제강","8780","540","6.55","598","14.68","611","14.37","30821","0.28","500","5.69"
"001790","대한제당","2460","50","2.07",,,,,"5203","0.47","120","4.88"
"001795","대한제당우","2135","40","1.91",,,,,,,"125","5.85"
"001130","대한제분","11850","440","3.86",,,,,"61093","0.19","400","3.38"
"439260","대한조선","61900","1900","3.17","7314","8.46","8250","7.50","28354","2.18","250","0.40"
"003490","대한항공","26600","1800","7.26","2133","12.47","1858","14.32","29659","0.90","750","2.82"
"003495","대한항공우","21850","450","2.10",,,,,,,"800","3.66"
"005880","대한해운","2025","79","4.06","560","3.62","490","4.13","6684","0.30","0","0.00"
"003830","대한화섬","114300","0","0.00","8883","12.87",,,"657488","0.17","750","0.66"
"016090","대현","1554","13","0.84","249","6.24",,,"6265","0.25","80","5.15"
"069460","대호에이엘","2660","0","0.00",,,,,"4790","0.56","0","0.00"
"021040","대호특수강","1042","56","5.68",,,,,"2023","0.52","0","0.00"
"021045","대호특수강우","2455","5","0.20",,,,,,,"0","0.00"
"067080","대화제약","10410","-310","-2.89","94","110.74",,,"4138","2.52","150","1.44"
"298540","더네이쳐홀딩스","6060","-60","-0.98","471","12.87",,,"23278","0.26","500","8.25"
"032860","더라미","815","20","2.52",,,,,"1301","0.63","0","0.00"
"475560","더본코리아","16150","110","0.69",,,,,"16648","0.97","500","3.10"
"192080","더블유게임즈","71000","-3600","-4.83","6651","10.68","9759","7.28","61507","1.15","1200","1.69"
"393890","더블유씨피","13150","550","4.37",,,,,"26430","0.50","0","0.00"
"299170","더블유에스아이","1621","26","1.63",,,,,"1436","1.13","0","0.00"
"012510","더존비즈온","120000","0","0.00","3104","38.66",,,"21123","5.68","640","0.53"
"462860","더즌","2595","155","6.35","173","15.00",,,"1022","2.54","30","1.16"
"224060","더코디","3710","-80","-2.11","4732","0.78",,,"23122","0.16","0","0.00"
"043090","더테크놀로지","1140","0","0.00",,,,,"3780","0.30","0","0.00"
"403850","더핑크퐁컴퍼니","12180","760","6.65","1443","8.44",,,"12838","0.95","0","0.00"
"213420","덕산네오룩스","36650","-400","-1.08","2165","16.93","3386","10.82","18395","1.99","0","0.00"
"317330","덕산테코피아","15850","350","2.26",,,,,"5642","2.81","0","0.00"
"077360","덕산하이메탈","14480","120","0.84",,,"535","27.08","4544","3.19","0","0.00"
"004830","덕성","3695","95","2.64","359","10.29",,,"6371","0.58","115","3.11"
"004835","덕성우","5140","-50","-0.96",,,,,,,"120","2.33"
"090410","덕신이피씨","940","40","4.44","34","27.65",,,"2720","0.35","0","0.00"
"0001A0","덕양에너젠","10760","400","3.86","250","43.04",,,"2381","4.52","0","0.00"
"263600","덕우전자","4355","160","3.81","434","10.03",,,"6629","0.66","0","0.00"
"194480","데브시스터즈","14500","570","4.09","953","15.22",,,"15161","0.96","0","0.00"
"373160","데이원컴퍼니","3660","40","1.10","347","10.55",,,"3285","1.11","0","0.00"
"263800","데이타솔루션","4425","100","2.31","65","68.08",,,"2170","2.04","0","0.00"
"206560","덱스터","1519","38","2.57",,,,,"1470","1.03","0","0.00"
"261200","덴티스","2635","50","1.93",,,,,"2938","0.90","0","0.00"
"145720","덴티움","45650","1000","2.24","1903","23.99","8023","5.69","65218","0.70","600","1.31"
"484120","도우인시스","17680","1160","7.02","49","360.82",,,"15451","1.14","0","0.00"
"067990","도이치모터스","4260","25","0.59","120","35.50",,,"13187","0.32","390","9.15"
"002150","도화엔지니어링","5300","300","6.00","220","24.09",,,"7625","0.70","300","5.66"
"006620","동구바이오제약","4155","135","3.36","1859","2.24",,,"5610","0.74","120","2.89"
"100130","동국S&C","1570","2","0.13",,,,,"3331","0.47","0","0.00"
"005160","동국산업","2490","45","1.84",,,,,"7195","0.35","145","5.82"
"303810","동국생명과학","2900","75","2.65","275","10.55",,,"4107","0.71","0","0.00"
"460850","동국씨엠","5250","170","3.35",,,,,"32899","0.16","300","5.71"
"075970","동국알앤에스","1815","49","2.77","31","58.55",,,"4295","0.42","80","4.41"
"460860","동국제강","9500","370","4.05","166","57.23","1081","8.78","38029","0.25","400","4.21"
"086450","동국제약","19180","240","1.27","1487","12.90","2148","8.93","14714","1.30","200","1.04"
"001230","동국홀딩스","1846","29","1.60","103","17.92","211","8.76","11546","0.16","10","0.54"
"023450","동남합성","29100","100","0.34","2046","14.22",,,"16202","1.80","925","3.18"
"004140","동방","2010","83","4.31","360","5.58",,,"3677","0.55","30","1.49"
"240550","동방메디컬","6090","-20","-0.33","572","10.65",,,"5905","1.03","0","0.00"
"099410","동방선기","3810","160","4.38","570","6.68",,,"3574","1.07","0","0.00"
"007590","동방아그로","5810","-10","-0.17","786","7.39",,,"13754","0.42","320","5.51"
"005960","동부건설","6350","310","5.13","2251","2.82",,,"24189","0.26","300","4.72"
"005965","동부건설우","17000","800","4.94",,,,,,,"350","2.06"
"026960","동서","25500","50","0.20","1468","17.37",,,"17452","1.46","1140","4.47"
"002210","동성제약","973","0","0.00",,,,,"957","1.02","0","0.00"
"102260","동성케미컬","3860","40","1.05","670","5.76",,,"9170","0.42","150","3.89"
"033500","동성화인텍","18660","510","2.81","1869","9.98","2800","6.66","8649","2.16","400","2.14"
"025950","동신건설","12250","590","5.06","18","680.56",,,"11585","1.06","150","1.22"
"000640","동아쏘시오홀딩스","82100","-300","-0.36","13723","5.98","12663","6.48","171539","0.48","1700","2.07"
"170900","동아에스티","36950","150","0.41",,,"2815","13.12","66929","0.55","700","1.89"
"088130","동아엘텍","6640","-10","-0.15","2811","2.36",,,"9726","0.68","150","2.26"
"028100","동아지질","16080","1180","7.92","1453","11.07",,,"18566","0.87","600","3.73"
"001520","동양","577","21","3.78","105","5.50",,,"3812","0.15","0","0.00"
"001527","동양2우B","7250","150","2.11",,,,,,,"0","0.00"
"084670","동양고속","36150","0","0.00","1136","31.82",,,"20914","1.73","0","0.00"
"082640","동양생명","7740","340","4.59","798","9.70",,,"9925","0.78","0","0.00"
"060380","동양에스텍","1247","69","5.86","71","17.56",,,"5897","0.21","50","4.01"
"001525","동양우","4420","230","5.49",,,,,,,"0","0.00"
"079960","동양이엔피","22100","900","4.25","6525","3.39",,,"58388","0.38","450","2.04"
"228340","동양파일","1699","0","0.00",,,,,"5777","0.29","0","0.00"
"088910","동우팜투테이블","2370","30","1.28","1100","2.15",,,"9312","0.25","50","2.11"
"094170","동운아나텍","37050","0","0.00","52","712.50",,,"3424","10.82","170","0.46"
"013120","동원개발","2270","-15","-0.66","290","7.83","308","7.36","11867","0.19","90","3.96"
"018500","동원금속","1602","156","10.79","453","3.54",,,"2844","0.56","50","3.12"
"006040","동원산업","33750","1450","4.49","8793","3.84","8156","4.14","79927","0.42","1150","3.41"
"030720","동원수산","6070","90","1.51","1664","3.65",,,"12115","0.50","0","0.00"
"014820","동원시스템즈","21950","500","2.33","1834","11.97",,,"29468","0.74","900","4.10"
"014825","동원시스템즈우","14300","10","0.07",,,,,,,"1000","6.99"
"111380","동인기연","13160","260","2.02","1967","6.69","3175","4.14","25695","0.51","680","5.17"
"163560","동일고무벨트","6270","100","1.62","767","8.17",,,"17082","0.37","150","2.39"
"109860","동일금속","7490","110","1.49","596","12.57",,,"18440","0.41","320","4.27"
"032960","동일기연","11510","730","6.77","1691","6.81",,,"18847","0.61","500","4.34"
"004890","동일산업","36200","-200","-0.55",,,,,"189781","0.19","1000","2.76"
"023790","동일스틸럭스","1081","-16","-1.46",,,,,"1545","0.70","0","0.00"
"002690","동일제강","1366","40","3.02","69","19.80",,,"7764","0.18","0","0.00"
"005290","동진쎄미켐","59000","3600","6.50","1927","30.62",,,"21091","2.80","650","1.10"
"025900","동화기업","8130","450","5.86",,,,,"17795","0.46","0","0.00"
"000020","동화약품","5330","20","0.38","313","17.03",,,"13692","0.39","65","1.22"
"000150","두산","1896000","275000","16.96","4230","448.23","29683","63.88","87399","21.69","4000","0.21"
"000157","두산2우B","447500","8000","1.82",,,,,,,"4000","0.89"
"454910","두산로보틱스","110400","1100","1.01",,,"339","325.28","5378","20.53","0","0.00"
"241560","두산밥캣","64700","300","0.47","4196","15.42","6079","10.64","75131","0.86","1700","2.63"
"034020","두산에너빌리티","93100","4500","5.08","132","705.30","641","145.26","12156","7.66","0","0.00"
"000155","두산우","561000","6000","1.08",,,,,,,"4050","0.72"
"131970","두산테스나","175000","22800","14.98","78","2243.59","3620","48.35","22719","7.70","160","0.09"
"336260","두산퓨얼셀","73100","2600","3.69",,,,,"4491","16.28","0","0.00"
"33626K","두산퓨얼셀1우","8200","360","4.59",,,,,,,"0","0.00"
"33626L","두산퓨얼셀2우B","9080","420","4.85",,,,,,,"0","0.00"
"016740","두올","4435","80","1.84","994","4.46",,,"9739","0.46","120","2.71"
"073190","듀오백","1044","128","13.97",,,,,"3099","0.34","0","0.00"
"176750","듀켐바이오","6200","20","0.32","229","27.07",,,"1737","3.57","0","0.00"
"030350","드래곤플라이","973","0","0.00",,,,,"356","2.73","0","0.00"
"203650","드림시큐리티","2990","65","2.22","87","34.37",,,"1244","2.40","0","0.00"
"223250","드림씨아이에스","3925","-5","-0.13","299","13.13","477","8.22","3211","1.22","0","0.00"
"060570","드림어스컴퍼니","921","87","10.43","34","27.09",,,"1943","0.47","0","0.00"
"362990","드림인사이트","1218","-28","-2.25",,,,,"2021","0.60","20","1.64"
"192650","드림텍","5860","1345","29.79","1","5860.00","318","18.43","5644","1.04","226","3.86"
"016670","디모아","2695","10","0.37","1986","1.36",,,"11343","0.24","0","0.00"
"187870","디바이스","23600","-700","-2.88","1304","18.10",,,"12226","1.93","650","2.75"
"489730","디비금융제13호스팩","2025","10","0.50",,,,,,,"0","0.00"
"0004Y0","디비금융제14호스팩","2005","-5","-0.25",,,,,,,"0","0.00"
"024090","디씨엠","11070","80","0.73","1369","8.09",,,"30605","0.36","820","7.41"
"003160","디아이","28400","-800","-2.74","196","144.90","1537","18.48","6287","4.52","250","0.88"
"092200","디아이씨","9940","140","1.43",,,,,"3657","2.72","0","0.00"
"110990","디아이티","25300","2050","8.82","1644","15.39",,,"12787","1.98","420","1.66"
"263690","디알젬","5230","110","2.15","622","8.41",,,"8454","0.62","178","3.40"
"214680","디알텍","1273","-37","-2.82",,,,,"867","1.47","0","0.00"
"347850","디앤디파마텍","87500","-6900","-7.31",,,,,"1826","47.92","0","0.00"
"263720","디앤씨미디어","9180","-150","-1.61","642","14.30",,,"7665","1.20","0","0.00"
"376300","디어유","23650","50","0.21","785","30.13","1932","12.24","8842","2.67","316","1.34"
"104040","디에스엠","1904","10","0.53","95","20.04",,,"4295","0.44","0","0.00"
"109740","디에스케이","6490","120","1.88",,,,,"4200","1.55","0","0.00"
"031860","디에이치엑스컴퍼니","693","0","0.00",,,,,"1176","0.59","0","0.00"
"196490","디에이테크놀로지","6090","0","0.00",,,,,,,"0","0.00"
"066900","디에이피","1783","3","0.17",,,,,"324","5.50","0","0.00"
"092070","디엔에프","18430","1080","6.22","109","169.08",,,"13305","1.39","100","0.54"
"039840","디오","13380","30","0.22",,,"1954","6.85","14316","0.93","0","0.00"
"013570","디와이","3930","125","3.29","570","6.89",,,"15901","0.25","170","4.33"
"024900","디와이덕양","1901","30","1.60","38","50.03",,,"3682","0.52","60","3.16"
"219550","디와이디","1343","-12","-0.89",,,,,"364","3.69","0","0.00"
"310870","디와이씨","1210","-40","-3.20","178","6.80",,,"2610","0.46","20","1.65"
"002880","디와이에이","808","12","1.51",,,,,"997","0.81","0","0.00"
"210540","디와이파워","12420","170","1.39","2278","5.45",,,"28321","0.44","500","4.03"
"104460","디와이피엔에프","10450","570","5.77","2703","3.87",,,"15819","0.66","700","6.70"
"113810","디젠스","604","15","2.55","23","26.26",,,"732","0.83","0","0.00"
"043360","디지아이","2490","30","1.22",,,,,"4519","0.55","0","0.00"
"197140","디지캡","1823","-69","-3.65",,,,,"4348","0.42","0","0.00"
"068930","디지털대성","7890","320","4.23","801","9.85","1064","7.41","5322","1.48","520","6.59"
"033130","디지틀조선","1951","39","2.04","147","13.27",,,"2479","0.79","40","2.05"
"105740","디케이락","7040","290","4.30","682","10.32",,,"13415","0.52","300","4.26"
"263020","디케이앤디","3145","-100","-3.08","568","5.54",,,"5631","0.56","100","3.18"
"290550","디케이티","21200","-250","-1.17","1159","18.29","1770","11.98","10140","2.09","0","0.00"
"066670","디티씨","2655","-50","-1.85","240","11.06",,,"10582","0.25","0","0.00"
"187220","디티앤씨","2670","10","0.38","183","14.59",,,"8318","0.32","100","3.75"
"383930","디티앤씨알오","2670","350","15.09",,,,,"1963","1.36","0","0.00"
"131180","딜리","4180","55","1.33","335","12.48",,,"11485","0.36","450","10.77"
"315640","딥노이드","2275","55","2.48",,,,,"970","2.35","0","0.00"
"317120","라닉스","1677","30","1.82",,,,,"1399","1.20","0","0.00"
"462510","라메디텍","3145","180","6.07",,,,,"957","3.29","0","0.00"
"232680","라온로보틱스","13710","-50","-0.36","310","44.23",,,"2998","4.57","200","1.46"
"042510","라온시큐어","8530","240","2.90","313","27.25","835","10.22","4975","1.71","0","0.00"
"418420","라온텍","5410","-50","-0.92",,,,,"549","9.85","0","0.00"
"300120","라온피플","568","-29","-4.86",,,,,"934","0.61","0","0.00"
"171120","라이온켐텍","2070","10","0.49","241","8.59",,,"3936","0.53","100","4.83"
"388790","라이콤","7700","-1090","-12.40","8","962.50",,,"709","10.86","0","0.00"
"214260","라파스","7360","360","5.14",,,,,"3370","2.18","0","0.00"
"171010","램테크놀러지","3220","160","5.23",,,,,"2778","1.16","0","0.00"
"084650","랩지노믹스","1077","-38","-3.41",,,,,"2015","0.53","0","0.00"
"217500","러셀","1924","99","5.42",,,,,"1871","1.03","30","1.56"
"038390","레드캡투어","9770","50","0.51","1416","6.90",,,"12037","0.81","800","8.19"
"294140","레몬","2675","155","6.15",,,,,"406","6.59","0","0.00"
"443250","레뷰코퍼레이션","6300","180","2.94","478","13.18",,,"4348","1.45","266","4.22"
"228670","레이","4520","-30","-0.66","201","22.49",,,"4896","0.92","0","0.00"
"228850","레이언스","6900","40","0.58",,,"1079","6.40","15058","0.46","300","4.35"
"412350","레이저쎌","5930","-10","-0.17",,,,,"1467","4.04","0","0.00"
"199550","레이저옵텍","3700","-30","-0.80",,,,,"1704","2.17","0","0.00"
"281740","레이크머티리얼즈","16490","790","5.03","117","140.94",,,"2049","8.05","30","0.18"
"277810","레인보우로보틱스","624000","19000","3.14","73","8547.95","1186","526.33","6899","90.45","0","0.00"
"215100","로보로보","5380","360","7.17",,,,,"1469","3.66","0","0.00"
"090360","로보스타","113200","6900","6.49",,,,,"8904","12.71","0","0.00"
"108490","로보티즈","330000","43500","15.18","385","857.14","1270","259.88","21707","15.20","0","0.00"
"033290","로젠","1634","85","5.49","400","4.09",,,"7584","0.22","0","0.00"
"067730","로지시스","2275","-10","-0.44","342","6.65",,,"2173","1.05","150","6.59"
"071280","로체시스템즈","7530","470","6.66","821","9.17",,,"9007","0.84","50","0.66"
"376900","로킷헬스케어","52600","2100","4.16",,,,,"740","71.08","0","0.00"
"214610","롤링스톤","2290","0","0.00",,,,,"1903","1.20","0","0.00"
"032350","롯데관광개발","17820","-270","-1.49","356","50.06","1349","13.21","4677","3.81","0","0.00"
"089860","롯데렌탈","30800","200","0.65","3514","8.76","4380","7.03","43125","0.71","1200","3.90"
"000400","롯데손해보험","1899","35","1.88","158","12.02",,,"1985","0.96","0","0.00"
"023530","롯데쇼핑","195600","-6400","-3.17","1824","107.24","13701","14.28","537131","0.36","4000","2.04"
"020150","롯데에너지머티리얼즈","56500","8550","17.83",,,"38","1471.44","31623","1.79","0","0.00"
"280360","롯데웰푸드","108300","3300","3.14","8176","13.25","13695","7.91","247808","0.44","3300","3.05"
"286940","롯데이노베이트","19850","290","1.48","657","30.21","1950","10.18","28166","0.70","700","3.53"
"004000","롯데정밀화학","48150","-700","-1.43","4165","11.56","6946","6.93","95632","0.50","1500","3.12"
"004990","롯데지주","26550","-100","-0.38",,,"1243","21.36","79142","0.34","1250","4.71"
"00499K","롯데지주우","24900","600","2.47",,,,,,,"1300","5.22"
"005300","롯데칠성","105600","4200","4.14","4697","22.48","11327","9.32","151359","0.70","3400","3.22"
"005305","롯데칠성우","70500","1200","1.73",,,,,,,"3405","4.83"
"011170","롯데케미칼","76500","500","0.66",,,,,"298452","0.26","1000","1.31"
"071840","롯데하이마트","6750","160","2.43",,,"321","21.04","40757","0.17","300","4.44"
"328130","루닛","14760","-1360","-8.44",,,,,"2202","6.70","0","0.00"
"038060","루멘스","930","-11","-1.17",,,,,"2202","0.42","0","0.00"
"474170","루미르","10030","-300","-2.90","3","3343.33","233","43.06","3445","2.91","0","0.00"
"141080","리가켐바이오","129200","-5600","-4.15",,,,,"13930","9.27","0","0.00"
"058470","리노공업","104500","4700","4.71","2002","52.20","2730","38.28","9635","10.85","800","0.77"
"016100","리더스코스메틱","1310","-5","-0.38",,,,,"1557","0.84","0","0.00"
"012700","리드코프","2920","95","3.36","522","5.59",,,"16721","0.17","150","5.14"
"302550","리메드","3005","65","2.21","17","176.76",,,"1296","2.32","0","0.00"
"491000","리브스메드","41300","700","1.72",,,,,"7328","5.64","0","0.00"
"394420","리센스메디컬","17250","-900","-4.96",,,"170","101.48","751","22.97","0","0.00"
"073570","리튬포어스","2005","-50","-2.43",,,,,"4640","0.43","0","0.00"
"377450","리파인","9550","0","0.00","567","16.84",,,"12867","0.74","260","2.72"
"277070","린드먼아시아","3540","45","1.29","237","14.94",,,"4821","0.73","250","7.06"
"042500","링네트","4225","105","2.55","562","7.52",,,"5843","0.72","300","7.10"
"193250","링크드","1403","32","2.33",,,,,"4590","0.31","0","0.00"
"474650","링크솔루션","40200","1950","5.10",,,"611","65.83","6788","5.92","0","0.00"
"219420","링크제니시스","4475","85","1.94","249","17.97",,,"4088","1.09","0","0.00"
"439090","마녀공장","14480","390","2.77","557","26.00",,,"7488","1.93","0","0.00"
"027740","마니커","1260","-80","-5.97",,,,,"1328","0.95","0","0.00"
"195500","마니커에프앤지","1968","-352","-15.17","136","14.47",,,"4978","0.40","0","0.00"
"377480","마음AI","13060","140","1.08",,,,,"3622","3.61","0","0.00"
"305090","마이크로디지탈","2490","-40","-1.58",,,,,"1541","1.62","0","0.00"
"098120","마이크로컨텍솔","30150","1400","4.87","2031","14.84",,,"9781","3.08","100","0.33"
"424980","마이크로투나노","10310","1110","12.07",,,,,"4366","2.36","0","0.00"
"038290","마크로젠","13860","920","7.11","187","74.12",,,"14505","0.96","500","3.61"
"477850","마키나락스","18900","-1200","-5.97",,,,,"974","19.40","0","0.00"
"001080","만호제강","4260","220","5.45",,,,,"5544","0.77","0","0.00"
"267980","매일유업","33800","200","0.60","7724","4.38",,,"86122","0.39","1300","3.85"
"005990","매일홀딩스","10990","10","0.09","2565","4.28",,,"34904","0.31","260","2.37"
"093520","매커스","20250","820","4.22","2604","7.78","2247","9.01","14459","1.40","1200","5.93"
"100590","머큐리","5520","500","9.96",,,,,"8897","0.62","0","0.00"
"067280","멀티캠퍼스","25050","-150","-0.60","4417","5.67",,,"38888","0.64","1350","5.39"
"072870","메가스터디","13140","280","2.18","2393","5.49",,,"29432","0.45","1320","10.05"
"215200","메가스터디교육","40400","1500","3.86","8072","5.00","9088","4.45","48011","0.84","3000","7.43"
"133750","메가엠디","1499","37","2.53","126","11.90",,,"3007","0.50","60","4.00"
"446540","메가터치","8260","190","2.35",,,,,"2519","3.28","0","0.00"
"235980","메드팩토","3415","5","0.15",,,,,"1342","2.54","0","0.00"
"041920","메디아나","13350","-530","-3.82","286","46.68","1387","9.62","7340","1.82","0","0.00"
"014100","메디앙스","1588","48","3.12",,,,,"6034","0.26","0","0.00"
"054180","메디콕스","2295","0","0.00",,,,,"8537","0.27","0","0.00"
"086900","메디톡스","85000","1800","2.16","2371","35.85","4362","19.49","64588","1.32","1200","1.41"
"078160","메디포스트","10210","-240","-2.30",,,,,"6371","1.60","0","0.00"
"138040","메리츠금융지주","108900","2900","2.74","12903","8.44","14823","7.35","61286","1.78","0","0.00"
"0088D0","메리츠제1호스팩","2160","-5","-0.23",,,,,,,"0","0.00"
"408920","메쎄이상","3145","115","3.80","365","8.62",,,"1878","1.67","120","3.82"
"021880","메이슨캐피탈","136","0","0.00",,,,,"336","0.40","0","0.00"
"0088M0","메쥬","18960","-250","-1.30","422","44.93",,,"1199","15.81","0","0.00"
"140410","메지온","64700","2200","3.52",,,,,"566","114.31","0","0.00"
"241770","메카로","46550","6600","16.52","1278","36.42",,,"20599","2.26","350","0.75"
"090370","메타랩스","1086","9","0.84",,,,,"2808","0.39","0","0.00"
"059210","메타바이오메드","3795","95","2.57","438","8.66","687","5.52","4594","0.83","105","2.77"
"118000","메타케어","1467","6","0.41","30","48.90",,,"6950","0.21","0","0.00"
"058110","멕아이씨에스","2015","94","4.89",,,,,"2365","0.85","0","0.00"
"072770","멤레이비티","982","2","0.20",,,,,"1136","0.86","0","0.00"
"017180","명문제약","1290","23","1.82","57","22.63",,,"2954","0.44","0","0.00"
"009900","명신산업","8520","550","6.90","1302","6.54","1715","4.97","14406","0.59","100","1.17"
"317450","명인제약","43350","50","0.12","6718","6.45",,,"54409","0.80","1500","3.46"
"012690","모나리자","1689","20","1.20","41","41.20",,,"2391","0.71","50","2.96"
"005360","모나미","1327","22","1.69",,,,,"4286","0.31","30","2.26"
"070960","모나용평","2470","0","0.00",,,"208","11.89","7586","0.33","0","0.00"
"434480","모니터랩","2745","105","3.98","56","49.02",,,"3084","0.89","0","0.00"
"080420","모다이노칩","1515","-14","-0.92",,,,,"4518","0.34","0","0.00"
"417970","모델솔루션","15320","1470","10.61","1068","14.34",,,"11302","1.36","280","1.83"
"080160","모두투어","9170","280","3.15","836","10.97","844","10.87","5081","1.80","350","3.82"
"087260","모바일어플라이언스","469","-10","-2.09",,,,,"1509","0.31","0","0.00"
"101330","모베이스","3730","140","3.90","525","7.10",,,"16124","0.23","140","3.75"
"012860","모베이스전자","3130","140","4.68","274","11.42",,,"3346","0.94","40","1.28"
"363260","모비데이즈","1005","32","3.29","95","10.58",,,"1248","0.81","40","3.98"
"348030","모비릭스","2665","140","5.54",,,,,"5069","0.53","0","0.00"
"250060","모비스","3260","60","1.88",,,,,"1048","3.11","0","0.00"
"288980","모아데이타","889","-8","-0.89",,,,,"522","1.70","0","0.00"
"142760","모아라이프플러스","679","-8","-1.16",,,,,"766","0.89","0","0.00"
"033200","모아텍","3125","135","4.52",,,,,"7581","0.41","0","0.00"
"009680","모토닉","10140","200","2.01","1248","8.13",,,"22319","0.45","790","7.79"
"118990","모트렉스","6940","260","3.89","301","23.06","1299","5.34","10261","0.68","0","0.00"
"463480","모티브링크","5630","20","0.36",,,,,"2963","1.90","0","0.00"
"006920","모헨즈","4035","20","0.50",,,,,"2772","1.46","0","0.00"
"009580","무림P&P","1850","75","4.23",,,,,"9575","0.19","125","6.76"
"001810","무림SP","1179","33","2.88",,,,,"8988","0.13","15","1.27"
"009200","무림페이퍼","1511","49","3.35",,,,,"10373","0.15","125","8.27"
"033920","무학","7810","20","0.26","1898","4.11",,,"22743","0.34","566","7.25"
"008420","문배철강","2235","-30","-1.32","314","7.12",,,"9503","0.24","50","2.24"
"279600","미디어젠","3800","160","4.40",,,,,"3363","1.13","0","0.00"
"095500","미래나노텍","7430","330","4.65","487","15.26",,,"10551","0.70","70","0.94"
"254490","미래반도체","25650","1350","5.56","979","26.20",,,"7635","3.36","0","0.00"
"025560","미래산업","47250","8050","20.54","2396","19.72",,,"27450","1.72","0","0.00"
"218150","미래생명자원","1942","12","0.62",,,,,"2072","0.94","0","0.00"
"007120","미래아이앤지","1291","50","4.03",,,,,"1780","0.73","0","0.00"
"100790","미래에셋벤처투자","38800","-3300","-7.84","582","66.67",,,"7122","5.45","0","0.00"
"0097F0","미래에셋비전스팩10호","1998","2","0.10",,,,,,,"0","0.00"
"0099W0","미래에셋비전스팩11호","1998","2","0.10",,,,,,,"0","0.00"
"477380","미래에셋비전스팩4호","2060","5","0.24",,,,,,,"0","0.00"
"477470","미래에셋비전스팩5호","2060","5","0.24",,,,,,,"0","0.00"
"478440","미래에셋비전스팩6호","2050","5","0.24",,,,,,,"0","0.00"
"482680","미래에셋비전스팩7호","2055","0","0.00",,,,,,,"0","0.00"
"0093G0","미래에셋비전스팩8호","2000","5","0.25",,,,,,,"0","0.00"
"0096D0","미래에셋비전스팩9호","1994","2","0.10",,,,,,,"0","0.00"
"085620","미래에셋생명","28300","-1050","-3.58","1002","28.24","977","28.96","18762","1.51","0","0.00"
"006800","미래에셋증권","52300","1200","2.35","2668","19.60","3518","14.87","22776","2.30","300","0.57"
"00680K","미래에셋증권2우B","14220","320","2.30",,,,,,,"300","2.11"
"006805","미래에셋증권우","15500","340","2.24",,,,,,,"330","2.13"
"049950","미래컴퍼니","12190","790","6.93",,,,,"12792","0.95","0","0.00"
"207760","미스터블루","599","-17","-2.76",,,,,"490","1.22","0","0.00"
"081660","미스토홀딩스","42750","-1150","-2.62","4061","10.53","5245","8.15","36392","1.17","1980","4.63"
"002840","미원상사","120500","-6900","-5.42","9449","12.75",,,"91715","1.31","2400","1.99"
"268280","미원에스씨","99700","-5200","-4.96","12662","7.87",,,"92934","1.07","3200","3.21"
"107590","미원홀딩스","57500","300","0.52","11302","5.09",,,"125024","0.46","700","1.22"
"134380","미원화학","10040","40","0.40","1235","8.13",,,"8899","1.13","450","4.48"
"003650","미창석유","125900","1000","0.80","45517","2.77",,,"316865","0.40","3500","2.78"
"059090","미코","21000","-1150","-5.19","937","22.41",,,"3658","5.74","0","0.00"
"201490","미투온","2355","90","3.97","25","94.20",,,"4588","0.51","0","0.00"
"475460","미트박스","6430","200","3.21","314","20.48",,,"6649","0.97","100","1.56"
"452200","민테크","2335","45","1.97",,,,,"1360","1.72","0","0.00"
"206640","바디텍메드","10410","20","0.19","1091","9.54",,,"10787","0.97","150","1.44"
"035620","바른손이앤에이","1031","10","0.98",,,,,"3164","0.33","0","0.00"
"053030","바이넥스","7940","120","1.53",,,"8","1038.05","5881","1.35","0","0.00"
"301300","바이브컴퍼니","1682","-13","-0.77",,,,,"3275","0.51","0","0.00"
"377740","바이오노트","4870","60","1.25",,,,,"15047","0.32","228","4.68"
"064550","바이오니아","7680","70","0.92",,,,,"8124","0.95","0","0.00"
"314930","바이오다인","10230","0","0.00","29","352.76","296","34.60","1495","6.84","0","0.00"
"489460","바이오비쥬","7100","20","0.28","298","23.83","452","15.71","4118","1.72","100","1.41"
"086820","바이오솔루션","7100","0","0.00","11","645.45",,,"1324","5.36","0","0.00"
"038460","바이오스마트","2775","85","3.16","356","7.79",,,"5697","0.49","0","0.00"
"251120","바이오에프디엔씨","9410","50","0.53","782","12.03","880","10.70","8184","1.15","0","0.00"
"199730","바이오인프라","2965","0","0.00",,,,,"3390","0.87","300","10.12"
"086040","바이오톡스텍","2385","40","1.71","74","32.23",,,"2607","0.91","0","0.00"
"188040","바이오포트","5350","445","9.07",,,,,"8776","0.61","0","0.00"
"099430","바이오플러스","4630","90","1.98","253","18.30",,,"2841","1.63","70","1.51"
"032980","바이온","604","0","0.00",,,,,"554","1.09","0","0.00"
"308080","바이젠셀","7980","-1290","-13.92",,,,,"2133","3.74","0","0.00"
"043150","바텍","19650","570","2.99","2701","7.28","3418","5.75","33371","0.59","300","1.53"
"323990","박셀바이오","5050","-40","-0.79",,,,,"2638","1.91","0","0.00"
"003610","방림","5270","60","1.15","208","25.34",,,"5755","0.92","70","1.33"
"267790","배럴","3255","50","1.56","560","5.81",,,"5198","0.63","75","2.30"
"046310","백금T&A","2225","30","1.37","263","8.46",,,"4544","0.49","100","4.49"
"035150","백산","10720","100","0.94","1581","6.78","2554","4.20","12658","0.85","450","4.20"
"331520","밸로프","2190","60","2.82","185","11.84",,,"3300","0.66","0","0.00"
"199480","뱅크웨어글로벌","3440","70","2.08",,,,,"1760","1.95","0","0.00"
"438700","버넥트","2760","-55","-1.95",,,,,"2706","1.02","0","0.00"
"066410","버킷스튜디오","1153","0","0.00",,,,,"950","1.21","0","0.00"
"002410","범양건영","1935","0","0.00",,,,,,,"0","0.00"
"382900","범한퓨얼셀","27150","900","3.43","185","146.76",,,"18795","1.44","0","0.00"
"206400","베노티앤알","999","1","0.10",,,,,"1920","0.52","0","0.00"
"019010","베뉴지","4830","180","3.87","2331","2.07",,,"9718","0.50","70","1.45"
"177350","베셀","654","-4","-0.61","927","0.71",,,"2106","0.31","0","0.00"
"457600","벡트","2200","185","9.18",,,,,"1316","1.67","0","0.00"
"424760","벨로크","2375","-50","-2.06","222","10.70",,,"2815","0.84","0","0.00"
"007210","벽산","1639","105","6.84","407","4.03",,,"5403","0.30","30","1.83"
"250000","보라티알","6180","40","0.65","35","176.57",,,"13583","0.45","400","6.47"
"002760","보락","928","14","1.53","39","23.79",,,"814","1.14","7","0.75"
"003850","보령","8700","300","3.57","766","11.36","783","11.11","10008","0.87","160","1.84"
"310210","보로노이","193500","-13500","-6.52",,,,,"5678","34.08","0","0.00"
"006910","보성파워텍","8270","330","4.16","415","19.93",,,"2253","3.67","0","0.00"
"0010F0","보원케미칼","3110","135","4.54",,,,,,,"0","0.00"
"000890","보해양조","1345","28","2.13","125","10.76",,,"3275","0.41","0","0.00"
"226340","본느","2505","60","2.45",,,,,"4135","0.61","0","0.00"
"003000","부광약품","4475","150","3.47","152","29.44",,,"3452","1.30","125","2.79"
"001270","부국증권","61900","3800","6.54","5109","12.12",,,"93587","0.66","2400","3.88"
"001275","부국증권우","31500","600","1.94",,,,,,,"2450","7.78"
"026940","부국철강","2150","219","11.34","109","19.72",,,"6861","0.31","80","3.72"
"014470","부방","1220","51","4.36","43","28.37",,,"3207","0.38","0","0.00"
"011390","부산산업","46950","2150","4.80",,,,,"119423","0.39","250","0.53"
"005030","부산주공","486","0","0.00","22","22.09",,,"245","1.98","0","0.00"
"008470","부스타","3255","70","2.20","193","16.87",,,"9906","0.33","80","2.46"
"338220","뷰노","9300","1470","18.77",,,,,"2579","3.61","0","0.00"
"100120","뷰웍스","25550","550","2.20","2434","10.50","3728","6.85","27823","0.92","690","2.70"
"406820","뷰티스킨","2140","-295","-12.11",,,,,"2279","0.94","0","0.00"
"099390","브레인즈컴퍼니","3810","10","0.26","662","5.76",,,"7049","0.54","170","4.46"
"064480","브리지텍","3130","65","2.12","44","71.14",,,"4027","0.78","120","3.83"
"365900","브이씨","2705","45","1.69",,,,,"5105","0.53","0","0.00"
"089970","브이엠","97000","11900","13.98","1135","85.46","3793","25.57","6824","14.21","0","0.00"
"251630","브이원텍","4150","120","2.98",,,,,"6767","0.61","100","2.41"
"018290","브이티","12880","530","4.29","1728","7.45","1615","7.98","6998","1.84","0","0.00"
"478560","블랙야크아이앤씨","2840","140","5.19",,,,,"1484","1.91","325","11.44"
"006740","블루산업개발","5550","0","0.00",,,,,"18077","0.31","0","0.00"
"439580","블루엠텍","2450","25","1.03",,,,,"1325","1.85","0","0.00"
"033560","블루콤","3610","-75","-2.04","998","3.62",,,"11033","0.33","0","0.00"
"369370","블리츠웨이엔터테인먼트","879","-3","-0.34",,,,,"357","2.46","0","0.00"
"126340","비나텍","105600","1700","1.64",,,"2465","42.84","11841","8.92","0","0.00"
"121800","비덴트","3320","0","0.00","114","29.12",,,"8348","0.40","0","0.00"
"082800","비보존 제약","4045","120","3.06",,,,,"1394","2.90","0","0.00"
"318410","비비씨","6200","280","4.73","992","6.25",,,"14424","0.43","400","6.45"
"002070","비비안","7120","220","3.19",,,,,"54750","0.13","0","0.00"
"100220","비상교육","5370","0","0.00","1738","3.09",,,"16305","0.33","220","4.10"
"419540","비스토스","2715","115","4.42",,,,,"4000","0.68","0","0.00"
"146320","비씨엔씨","15150","1690","12.56","90","168.33",,,"6182","2.45","0","0.00"
"200780","비씨월드제약","3595","-5","-0.14",,,,,"7000","0.51","100","2.78"
"413640","비아이매트릭스","6660","70","1.06","335","19.88",,,"4493","1.48","0","0.00"
"141000","비아트론","9020","310","3.56","1028","8.77",,,"17991","0.50","100","1.11"
"090460","비에이치","26800","1350","5.30","991","27.04","3084","8.69","23055","1.16","250","0.93"
"083650","비에이치아이","80600","18600","30.00","2107","38.25","3278","24.59","5739","14.04","0","0.00"
"0068Y0","비엔케이제3호스팩","2005","5","0.25",,,,,,,"0","0.00"
"065170","비엘팜텍","1775","87","5.15",,,,,"296","6.00","0","0.00"
"086670","비엠티","16670","1370","8.95","2063","8.08",,,"15049","1.11","600","3.60"
"488900","비츠로넥스텍","11920","630","5.58",,,,,"2035","5.86","0","0.00"
"082920","비츠로셀","46900","1100","2.40","1267","37.02","1841","25.48","7355","6.38","260","0.55"
"054220","비츠로시스","1592","12","0.76","125","12.74",,,"1595","1.00","0","0.00"
"042370","비츠로테크","11230","360","3.31","252","44.56",,,"9877","1.14","60","0.53"
"050090","비케이홀딩스","550","-7","-1.26",,,,,"565","0.97","0","0.00"
"148780","비큐AI","670","52","8.41",,,,,"357","1.88","0","0.00"
"307870","비투엔","1010","-34","-3.26",,,,,"531","1.90","0","0.00"
"377030","비트맥스","1547","17","1.11",,,,,"1012","1.53","0","0.00"
"032850","비트컴퓨터","4260","65","1.55","471","9.04",,,"4774","0.89","66","1.55"
"049470","비트플래닛","1629","63","4.02",,,,,"2625","0.62","0","0.00"
"238200","비피도","2395","5","0.21",,,,,"5615","0.43","0","0.00"
"093190","빅솔론","8010","310","4.03","1261","6.35",,,"13716","0.58","325","4.06"
"065450","빅텍","3465","35","1.02","154","22.50",,,"2116","1.64","30","0.87"
"044480","빌리언스","950","2","0.21",,,,,"1520","0.63","0","0.00"
"005180","빙그레","68400","1100","1.63","6284","10.88","9721","7.04","84119","0.81","3300","4.82"
"069540","빛과전자","3305","-20","-0.60",,,,,"947","3.49","0","0.00"
"072950","빛샘전자","10460","160","1.55","943","11.09",,,"10357","1.01","70","0.67"
"451250","삐아","7780","460","6.28","486","16.01",,,"4524","1.72","200","2.57"
"143240","사람인","16770","920","5.80","8746","1.92",,,"25433","0.66","700","4.17"
"466410","사이냅소프트","9290","30","0.32","1181","7.87","1807","5.14","14441","0.64","0","0.00"
"003960","사조대림","25750","700","2.79",,,,,"72933","0.35","250","0.97"
"008040","사조동아원","928","50","5.69",,,,,"901","1.03","0","0.00"
"007160","사조산업","43450","1300","3.08",,,,,"106906","0.41","200","0.46"
"014710","사조씨푸드","7240","90","1.26",,,,,"11978","0.60","50","0.69"
"006090","사조오양","8130","-60","-0.73","1123","7.24",,,"26231","0.31","100","1.23"
"223310","사토시홀딩스","4860","40","0.83",,,,,"3266","1.49","0","0.00"
"452430","사피엔반도체","37650","1350","3.72",,,"1086","34.68","1566","24.04","0","0.00"
"419120","산돌","2905","55","1.93","244","11.91",,,"4008","0.72","100","3.44"
"062040","산일전기","231500","18500","8.69","4901","47.24","7838","29.53","19269","12.01","1250","0.54"
"122350","삼기","1015","11","1.10",,,,,"2656","0.38","0","0.00"
"419050","삼기에너지솔루션즈","1365","57","4.36",,,,,"1122","1.22","0","0.00"
"014970","삼륭물산","5180","80","1.57","408","12.70",,,"3863","1.34","105","2.03"
"005610","삼립","40800","400","0.99","1732","23.56",,,"59413","0.69","1000","2.45"
"018310","삼목에스폼","15480","880","6.03","715","21.65",,,"45432","0.34","300","1.94"
"012210","삼미금속","9620","890","10.19","86","111.86",,,"4178","2.30","0","0.00"
"053700","삼보모터스","4510","70","1.58","909","4.96",,,"18124","0.25","50","1.11"
"009620","삼보산업","596","33","5.86",,,,,"73","8.16","0","0.00"
"023600","삼보판지","8700","180","2.11","1703","5.11",,,"37462","0.23","210","2.41"
"001470","삼부토건","347","0","0.00",,,,,,,"0","0.00"
"028050","삼성E&A","47600","2050","4.50","3150","15.11","3902","12.20","24187","1.97","790","1.66"
"006400","삼성SDI","539000","40500","8.12",,,"11028","48.87","272485","1.98","0","0.00"
"006405","삼성SDI우","243000","3500","1.46",,,,,,,"0","0.00"
"006660","삼성공조","11850","620","5.52","905","13.09",,,"35993","0.33","80","0.68"
"028260","삼성물산","432000","22000","5.37","14905","28.98","16678","25.90","305019","1.42","2800","0.65"
"02826K","삼성물산우B","226000","9500","4.39",,,,,,,"2850","1.26"
"207940","삼성바이오로직스","1295000","9000","0.70","26628","48.63","45490","28.47","161142","8.04","0","0.00"
"032830","삼성생명","385500","20500","5.62","12824","30.06","17036","22.63","349293","1.10","5300","1.37"
"0044K0","삼성스팩10호","2000","-5","-0.25",,,,,,,"0","0.00"
"0071M0","삼성스팩11호","2005","-5","-0.25",,,,,,,"0","0.00"
"0096B0","삼성스팩12호","1993","-4","-0.20",,,,,,,"0","0.00"
"0115H0","삼성스팩13호","2000","3","0.15",,,,,,,"0","0.00"
"018260","삼성에스디에스","237000","7500","3.27","9819","24.14","10203","23.23","128198","1.85","3190","1.35"
"0126Z0","삼성에피스홀딩스","446500","12500","2.88",,,"11075","40.32","233083","1.92","0","0.00"
"009150","삼성전기","1714000","-91000","-5.04","9345","183.41","22372","76.61","126302","13.57","2350","0.14"
"009155","삼성전기우","558000","-12000","-2.11",,,,,,,"2400","0.43"
"005930","삼성전자","322500","23500","7.86","6605","48.83","50333","6.41","63997","5.04","1668","0.52"
"005935","삼성전자우","207000","13500","6.98",,,,,,,"1669","0.81"
"001360","삼성제약","1376","36","2.69","123","11.19",,,"1286","1.07","0","0.00"
"010140","삼성중공업","26900","1600","6.32","639","42.10","1463","18.39","4857","5.54","0","0.00"
"016360","삼성증권","118800","7000","6.26","11279","10.53","17441","6.81","90348","1.31","4000","3.37"
"068290","삼성출판사","6740","120","1.81","405","16.64",,,"16404","0.41","200","2.97"
"029780","삼성카드","51500","4350","9.23","6053","8.51","5867","8.78","83059","0.62","2800","5.44"
"000810","삼성화재","654000","-9000","-1.36","47478","13.77","45755","14.29","500071","1.31","19500","2.98"
"000815","삼성화재우","410000","3500","0.86",,,,,,,"19505","4.76"
"006110","삼아알미늄","59700","-300","-0.50",,,"918","65.07","14814","4.03","25","0.04"
"009300","삼아제약","13690","180","1.33","2120","6.46",,,"37375","0.37","850","6.21"
"0120G0","삼양바이오팜","50800","1400","2.83","301","168.77",,,"31593","1.61","0","0.00"
"145990","삼양사","44050","350","0.80",,,,,"160164","0.28","1750","3.97"
"145995","삼양사우","31450","500","1.62",,,,,,,"1800","5.72"
"003230","삼양식품","1145000","-31000","-2.64","52156","21.95","80637","14.20","166650","6.87","4800","0.42"
"482630","삼양엔씨켐","17400","1950","12.62","691","25.18","1146","15.18","5448","3.19","0","0.00"
"484590","삼양컴텍","7930","30","0.38","649","12.22","874","9.08","3797","2.09","0","0.00"
"036670","삼양케이씨아이","5280","0","0.00","905","5.83",,,"11666","0.45","250","4.73"
"272550","삼양패키징","9160","270","3.04","1156","7.92",,,"25622","0.36","500","5.46"
"000070","삼양홀딩스","56700","1700","3.09",,,,,"261061","0.22","3500","6.17"
"003720","삼영","8410","200","2.44","400","21.03",,,"2595","3.24","30","0.36"
"002810","삼영무역","21650","100","0.46","3325","6.51",,,"34228","0.63","1181","5.45"
"361670","삼영에스앤씨","2505","65","2.66",,,,,"3402","0.74","0","0.00"
"054540","삼영엠텍","8870","360","4.23","666","13.32",,,"6172","1.44","165","1.86"
"065570","삼영이엔씨","764","0","0.00","52","14.69",,,"1125","0.68","0","0.00"
"005680","삼영전자","13320","200","1.52","269","49.52","830","16.05","28401","0.47","300","2.25"
"023000","삼원강재","2260","10","0.44","269","8.40",,,"6511","0.35","110","4.87"
"004380","삼익THK","8980","370","4.30",,,,,"7604","1.18","50","0.56"
"002450","삼익악기","1306","53","4.23","232","5.63",,,"3698","0.35","50","3.83"
"014950","삼익제약","5930","240","4.22",,,,,"7503","0.79","40","0.67"
"032280","삼일","1315","7","0.54","62","21.21",,,"4143","0.32","40","3.04"
"002290","삼일기업공사","3440","25","0.73","551","6.24",,,"5910","0.58","225","6.54"
"004440","삼일씨엔에스","4725","80","1.72","117","40.38",,,"21058","0.22","0","0.00"
"000520","삼일제약","7260","170","2.40",,,,,"6277","1.16","0","0.00"
"009770","삼정펄프","25400","-150","-0.59","12556","2.02",,,"114819","0.22","1000","3.94"
"037460","삼지전자","41550","150","0.36","5030","8.26",,,"32565","1.28","550","1.32"
"032750","삼진","2910","70","2.46","431","6.75",,,"12237","0.24","90","3.09"
"0013V0","삼진식품","5770","120","2.12","743","7.77",,,"4222","1.37","0","0.00"
"054090","삼진엘앤디","942","23","2.50",,,,,"1521","0.62","0","0.00"
"005500","삼진제약","19310","420","2.22","1963","9.84","1791","10.78","22942","0.84","800","4.14"
"000250","삼천당제약","261500","-1500","-0.57","226","1157.08",,,"11868","22.03","50","0.02"
"004690","삼천리","122100","2100","1.75","32566","3.75","36436","3.35","491062","0.25","3000","2.46"
"024950","삼천리자전거","3765","-165","-4.20","526","7.16",,,"8210","0.46","100","2.66"
"038500","삼표시멘트","11530","-160","-1.37","380","30.34",,,"7323","1.57","121","1.05"
"437730","삼현","53700","1300","2.48","307","174.92",,,"4168","12.88","50","0.09"
"017480","삼현철강","5120","70","1.39","411","12.46",,,"12759","0.40","300","5.86"
"010960","삼호개발","3240","115","3.68","838","3.87",,,"10609","0.31","200","6.17"
"046390","삼화네트웍스","1483","14","0.95",,,,,"3726","0.40","0","0.00"
"004450","삼화왕관","25100","150","0.60","2345","10.70",,,"61829","0.41","1200","4.78"
"009470","삼화전기","32000","850","2.73","1427","22.42",,,"14219","2.25","600","1.88"
"011230","삼화전자","2215","15","0.68",,,,,"1069","2.07","0","0.00"
"001820","삼화콘덴서","128200","-5100","-3.83","1221","105.00",,,"26701","4.80","500","0.39"
"027580","상보","1734","84","5.09",,,,,"3845","0.45","0","0.00"
"038540","상상인","1915","15","0.79",,,,,"6994","0.27","0","0.00"
"001290","상상인증권","940","47","5.26",,,,,"1839","0.51","0","0.00"
"041650","상신브레이크","2335","45","1.97",,,,,"10944","0.21","50","2.14"
"091580","상신이디피","18180","1450","8.67","151","120.40","1840","9.88","12012","1.51","100","0.55"
"263810","상신전자","2610","-25","-0.95","114","22.89",,,"3315","0.79","0","0.00"
"089980","상아프론테크","18530","750","4.22","433","42.79","669","27.69","13041","1.42","200","1.08"
"042940","상지건설","7210","680","10.41",,,,,"14581","0.49","0","0.00"
"042600","새로닉스","13000","650","5.26",,,,,"7276","1.79","0","0.00"
"075180","새론오토모티브","3030","5","0.17",,,,,"12758","0.24","140","4.62"
"107600","새빗켐","19400","1010","5.49",,,,,"8056","2.41","0","0.00"
"411080","샌즈랩","5300","240","4.74",,,,,"3538","1.50","150","2.83"
"252990","샘씨엔에스","16320","1900","13.18","264","61.82","621","26.28","2862","5.70","0","0.00"
"007540","샘표","43350","800","1.88","4834","8.97",,,"107294","0.40","200","0.46"
"248170","샘표식품","23400","500","2.18","4368","5.36",,,"58052","0.40","200","0.85"
"378800","샤페론","1115","40","3.72",,,,,"535","2.08","0","0.00"
"294630","서남","3010","95","3.26",,,,,"369","8.16","0","0.00"
"038070","서린바이오","5120","135","2.71","83","61.69",,,"9559","0.54","100","1.95"
"006730","서부T&D","11150","-590","-5.03","1241","8.98","766","14.56","16666","0.67","100","0.90"
"079650","서산","1690","390","30.00",,,,,"3495","0.48","0","0.00"
"100660","서암기계공업","3410","125","3.81","95","35.89",,,"5313","0.64","10","0.29"
"007860","서연","8550","240","2.89","2575","3.32",,,"40447","0.21","250","2.92"
"200880","서연이화","12290","700","6.04","2220","5.54",,,"43348","0.28","250","2.03"
"019770","서연탑메탈","3305","0","0.00","798","4.14",,,"8648","0.38","65","1.97"
"017390","서울가스","57000","2100","3.83","7866","7.25",,,"284280","0.20","2750","4.82"
"092190","서울바이오시스","9420","100","1.07",,,,,"1721","5.47","0","0.00"
"046890","서울반도체","13200","0","0.00",,,,,"10993","1.20","0","0.00"
"031210","서울보증보험","46400","1800","4.04","3844","12.07","5049","9.19","74331","0.62","2865","6.17"
"004410","서울식품","1043","26","2.56",,,,,"680","1.53","0","0.00"
"004415","서울식품우","7400","200","2.78",,,,,,,"0","0.00"
"063170","서울옥션","5040","260","5.44",,,,,"5836","0.86","0","0.00"
"027040","서울전자통신","2155","65","3.11",,,,,"630","3.42","0","0.00"
"018680","서울제약","2235","35","1.59","65","34.38",,,"3521","0.63","0","0.00"
"036120","서울평가정보","1688","34","2.06","205","8.23",,,"951","1.77","80","4.74"
"021050","서원","1131","9","0.80",,,,,"3073","0.37","0","0.00"
"093920","서원인텍","4855","95","2.00","354","13.71",,,"11528","0.42","350","7.21"
"189860","서전기전","4855","210","4.52","715","6.79",,,"3959","1.23","0","0.00"
"178320","서진시스템","75100","600","0.81",,,"2649","28.35","13127","5.72","0","0.00"
"122690","서진오토모티브","1832","59","3.33",,,,,"6516","0.28","0","0.00"
"140070","서플러스글로벌","1801","34","1.92",,,,,"5163","0.35","0","0.00"
"011370","서한","862","14","1.65","294","2.93",,,"5428","0.16","50","5.80"
"065710","서호전기","47600","1850","4.04","4588","10.37",,,"18120","2.63","6000","12.61"
"008490","서흥","18750","610","3.36","3911","4.79",,,"43882","0.43","500","2.67"
"035890","서희건설","2300","-15","-0.65","664","3.46",,,"5846","0.39","100","4.35"
"357550","석경에이티","44200","200","0.45","699","63.23",,,"8109","5.45","0","0.00"
"003100","선광","18780","390","2.12","6290","2.99",,,"68798","0.27","450","2.40"
"007610","선도전기","5600","120","2.19","312","17.95",,,"2105","2.66","0","0.00"
"067370","선바이오","5810","0","0.00","229","25.37",,,"2373","2.45","0","0.00"
"171090","선익시스템","78700","900","1.16","10959","7.18","9878","7.97","16300","4.83","1000","1.27"
"136490","선진","9430","180","1.95","5002","1.89",,,"23678","0.40","200","2.12"
"086710","선진뷰티사이언스","8050","520","6.91","496","16.23",,,"7045","1.14","200","2.48"
"014620","성광벤드","30050","2150","7.71","1297","23.17","1994","15.07","20691","1.45","200","0.67"
"037350","성도이엔지","9350","360","4.00","1982","4.72",,,"19295","0.48","250","2.67"
"014910","성문전자","2100","0","0.00","96","21.88",,,"2047","1.03","5","0.24"
"014915","성문전자우","4425","-45","-1.01",,,,,,,"10","0.23"
"004980","성신양회","8240","220","2.74","1044","7.89",,,"23623","0.35","350","4.25"
"004985","성신양회우","10220","-20","-0.20",,,,,,,"400","3.91"
"458650","성우","11230","90","0.81","316","35.54",,,"14759","0.76","300","2.67"
"081580","성우전자","2390","55","2.36","814","2.94",,,"7430","0.32","50","2.09"
"045300","성우테크론","2945","75","2.61","465","6.33",,,"7311","0.40","20","0.68"
"015750","성우하이텍","6910","300","4.54","2110","3.27",,,"21208","0.33","200","2.89"
"365340","성일하이텍","52100","1000","1.96",,,"308","169.01","10382","5.02","0","0.00"
"000180","성창기업지주","5090","50","0.99",,,,,"48555","0.10","0","0.00"
"080470","성창오토텍","3070","55","1.82","1163","2.64",,,"8274","0.37","70","2.28"
"043260","성호전자","46650","1100","2.41","1343","34.74","3267","14.28","3536","13.19","0","0.00"
"148150","세경하이테크","3595","80","2.28","1409","2.55","408","8.81","4921","0.73","100","2.78"
"002420","세기상사","5290","-260","-4.68",,,,,"4112","1.29","0","0.00"
"061090","세나테크놀로지","43250","-50","-0.12","3280","13.19","4755","9.10","31550","1.37","0","0.00"
"188260","세니젠","1630","-64","-3.78",,,,,"349","4.67","0","0.00"
"053060","세동","1368","25","1.86","333","4.11",,,"2282","0.60","0","0.00"
"340440","세림B&G","1255","7","0.56","66","19.02",,,"1267","0.99","0","0.00"
"017510","세명전기","8610","320","3.86","837","10.29",,,"5911","1.46","220","2.56"
"0017J0","세미티에스","5030","1160","29.97",,,,,,,"0","0.00"
"490470","세미파이브","28850","1900","7.05",,,"331","87.14","6513","4.43","0","0.00"
"004360","세방","13380","-110","-0.82","3011","4.44",,,"54806","0.24","300","2.24"
"004365","세방우","9550","230","2.47",,,,,,,"305","3.19"
"004490","세방전지","53300","1200","2.30","10646","5.01",,,"121686","0.44","2650","4.97"
"011560","세보엠이씨","23900","800","3.46","3612","6.62","4019","5.95","27833","0.86","600","2.51"
"396300","세아메카닉스","4475","10","0.22","54","82.87",,,"2803","1.60","0","0.00"
"001430","세아베스틸지주","47800","1450","3.13","1567","30.50","2933","16.30","54192","0.88","1200","2.51"
"306200","세아제강","141200","2200","1.58","10714","13.18","20795","6.79","400720","0.35","5500","3.90"
"003030","세아제강지주","137700","3700","2.76","15656","8.80","33984","4.05","510476","0.27","1800","1.31"
"058650","세아홀딩스","131000","6300","5.05","16587","7.90","22049","5.94","569956","0.23","4300","3.28"
"013000","세우글로벌","1361","35","2.64","130","10.47",,,"1907","0.71","0","0.00"
"100700","세운메디칼","2220","45","2.07","279","7.96",,,"3584","0.62","70","3.15"
"024830","세원물산","10300","150","1.48","2230","4.62",,,"47436","0.22","200","1.94"
"021820","세원정공","12000","190","1.61","4646","2.58",,,"63677","0.19","200","1.67"
"067830","세이브존I&C","2455","80","3.37","205","11.98",,,"13059","0.19","30","1.22"
"258830","세종메디칼","412","0","0.00",,,,,"344","1.20","0","0.00"
"036630","세종텔레콤","11540","-770","-6.26","316","36.52",,,"17031","0.68","300","2.60"
"039310","세중","1059","4","0.38",,,,,"5478","0.19","0","0.00"
"075580","세진중공업","14690","-200","-1.34","891","16.49","993","14.80","4019","3.66","225","1.53"
"067770","세진티에스","1689","3","0.18","86","19.64",,,"5731","0.29","0","0.00"
"053450","세코닉스","4230","65","1.56","327","12.94","284","14.90","9657","0.44","0","0.00"
"252500","세화피앤씨","694","9","1.31","28","24.79",,,"974","0.71","10","1.44"
"321370","센서뷰","2645","-115","-4.17",,,,,"289","9.15","0","0.00"
"347000","센코","1791","64","3.71","148","12.10",,,"1553","1.15","0","0.00"
"331920","셀레믹스","15270","100","0.66",,,,,"2819","5.42","0","0.00"
"352770","셀레스트라","5250","0","0.00",,,,,,,"0","0.00"
"471820","셀로맥스사이언스","4650","60","1.31","264","17.61",,,"4202","1.11","185","3.98"
"049180","셀루메드","1009","0","0.00",,,,,"153","6.59","0","0.00"
"299660","셀리드","2535","140","5.85",,,,,"2515","1.01","0","0.00"
"108860","셀바스AI","9780","1000","11.39",,,,,"4090","2.39","0","0.00"
"208370","셀바스헬스케어","3265","175","5.66","151","21.62",,,"2766","1.18","0","0.00"
"318160","셀바이오휴먼텍","5860","200","3.53","1059","5.53",,,"6775","0.86","0","0.00"
"308430","셀비온","18310","520","2.92",,,,,"1776","10.31","0","0.00"
"068270","셀트리온","173000","6800","4.09","4449","38.89","6704","25.80","75030","2.31","750","0.43"
"068760","셀트리온제약","42900","50","0.12","875","49.03",,,"9844","4.36","200","0.47"
"068940","셀피글로벌","778","0","0.00",,,,,"226","3.44","0","0.00"
"007720","소노스퀘어","298","10","3.47",,,,,"745","0.40","0","0.00"
"290690","소룩스","4800","175","3.78",,,,,"1865","2.57","0","0.00"
"032680","소프트센","905","-73","-7.46",,,,,"2430","0.37","0","0.00"
"032685","소프트센우","21050","-2300","-9.85",,,,,,,"0","0.00"
"258790","소프트캠프","4465","245","5.81","790","5.65",,,"3220","1.39","0","0.00"
"066910","손오공","2520","70","2.86","70","36.00",,,"3640","0.69","0","0.00"
"215090","솔디펜스","1712","-48","-2.73","137","12.50",,,"2255","0.76","0","0.00"
"336370","솔루스첨단소재","12200","1010","9.03",,,"787","15.50","7584","1.61","10","0.08"
"33637K","솔루스첨단소재1우","1889","98","5.47",,,,,,,"11","0.58"
"33637L","솔루스첨단소재2우B","2460","60","2.50",,,,,,,"10","0.41"
"248070","솔루엠","19000","830","4.57","281","67.62","1288","14.75","9997","1.90","75","0.39"
"035610","솔본","3430","75","2.24","814","4.21",,,"7775","0.44","0","0.00"
"357780","솔브레인","441500","86500","24.37","10285","42.93","22081","19.99","137853","3.20","2350","0.53"
"036830","솔브레인홀딩스","48400","4650","10.63","24137","2.01",,,"86410","0.56","500","1.03"
"304100","솔트룩스","15870","330","2.12",,,,,"5600","2.83","0","0.00"
"328380","솔트웨어","3300","-50","-1.49","125","26.40",,,"3450","0.96","0","0.00"
"004430","송원산업","10500","200","1.94","97","108.25",,,"31671","0.33","300","2.86"
"086980","쇼박스","2585","40","1.57",,,,,"1721","1.50","0","0.00"
"017550","수산세보틱스","2650","370","16.23","254","10.43",,,"3199","0.83","10","0.38"
"050960","수산아이앤티","7900","90","1.15","774","10.21",,,"13514","0.58","310","3.92"
"126720","수산인더스트리","23900","-50","-0.21","3475","6.88","3815","6.26","39100","0.61","900","3.77"
"084180","수성웹툰","645","3","0.47",,,,,"4306","0.15","0","0.00"
"253840","수젠텍","4830","-45","-0.92",,,,,"4991","0.97","0","0.00"
"298830","슈어소프트테크","5220","200","3.98","164","31.83",,,"2019","2.59","0","0.00"
"236200","슈프리마","43650","1650","3.93","4662","9.36","5963","7.32","38917","1.12","0","0.00"
"094840","슈프리마에이치큐","10970","890","8.83","1429","7.68","1635","6.71","24654","0.44","0","0.00"
"192440","슈피겐코리아","30300","50","0.17","4967","6.10",,,"91806","0.33","500","1.65"
"424960","스마트레이더시스템","4930","250","5.34",,,,,"1160","4.25","0","0.00"
"099440","스맥","3285","40","1.23",,,,,"1435","2.29","0","0.00"
"066590","스모트로닉","2160","35","1.65",,,,,"2034","1.06","0","0.00"
"053210","스카이라이프","4465","90","2.06","147","30.37","536","8.33","11465","0.39","350","7.84"
"276040","스코넥","327","0","0.00",,,,,"609","0.54","0","0.00"
"060240","스타코링크","1976","0","0.00",,,,,"2","988.00","0","0.00"
"115570","스타플렉스","2485","-45","-1.78","440","5.65",,,"9029","0.28","100","4.02"
"330730","스톤브릿지벤처스","5520","70","1.28","637","8.67",,,"5362","1.03","300","5.43"
"352090","스톰테크","3615","35","0.98","380","9.51",,,"3491","1.04","450","12.45"
"253450","스튜디오드래곤","25200","400","1.61","343","73.47","1384","18.20","26623","0.95","0","0.00"
"408900","스튜디오미르","1481","-2","-0.13",,,,,"1167","1.27","0","0.00"
"415380","스튜디오삼익","1774","48","2.78","244","7.27",,,"3174","0.56","100","5.64"
"026890","스틱인베스트먼트","7060","470","7.13","417","16.93",,,"7052","1.00","0","0.00"
"013810","스페코","1916","66","3.57",,,,,"3023","0.63","0","0.00"
"347700","스피어","36700","-1800","-4.68","5","7340.00","395","92.85","1484","24.73","0","0.00"
"049830","승일","6940","290","4.36","426","16.29",,,"25458","0.27","150","2.16"
"020710","시공테크","3765","75","2.03","1617","2.33",,,"9842","0.38","339","9.00"
"033170","시그네틱스","578","14","2.48",,,,,"609","0.95","0","0.00"
"048870","시너지이노베이션","1866","16","0.86","35","53.31",,,"2401","0.78","0","0.00"
"025320","시노펙스","4460","30","0.68","80","55.75","110","40.70","1867","2.39","0","0.00"
"134790","시디즈","18860","460","2.50",,,,,"37349","0.50","0","0.00"
"340810","시선AI","2705","85","3.24",,,,,"1126","2.40","0","0.00"
"269620","시스웍","889","0","0.00",,,,,,,"0","0.00"
"056090","시지메드텍","1232","-18","-1.44","63","19.56",,,"910","1.35","0","0.00"
"429270","시지트로닉스","5480","290","5.59",,,,,"3429","1.60","0","0.00"
"418250","시큐레터","6550","0","0.00",,,,,"502","13.05","0","0.00"
"131090","시큐브","3925","-25","-0.63","614","6.39",,,"6487","0.61","150","3.82"
"462870","시프트업","32150","1400","4.55","3293","9.76","2303","13.96","15882","2.02","0","0.00"
"016590","신대양제지","10240","790","8.36","770","13.30",,,"20359","0.50","225","2.20"
"290520","신도기연","1909","137","7.73","114","16.75",,,"3766","0.51","0","0.00"
"029530","신도리코","43250","650","1.53","2330","18.56",,,"124856","0.35","1000","2.31"
"004970","신라교역","9110","20","0.22","294","30.99",,,"38108","0.24","500","5.49"
"001000","신라섬유","1389","14","1.02","3","463.00",,,"596","2.33","0","0.00"
"025870","신라에스지","3085","155","5.29",,,,,"3529","0.87","0","0.00"
"215600","신라젠","2550","25","0.99",,,,,"797","3.20","0","0.00"
"065350","신성델타테크","41150","900","2.24","797","51.63",,,"9059","4.54","120","0.29"
"416180","신성에스티","27600","2050","8.02","62","445.16",,,"11704","2.36","200","0.72"
"011930","신성이엔지","20850","650","3.22",,,"1095","19.05","11470","1.82","0","0.00"
"004170","신세계","695000","-19000","-2.66","1590","437.11","40547","17.14","508154","1.37","5200","0.75"
"035510","신세계 I&C","15700","760","5.09","2156","7.28",,,"32954","0.48","560","3.57"
"031430","신세계인터내셔날","15630","1140","7.87","123","127.07","1712","9.13","24118","0.65","400","2.56"
"031440","신세계푸드","43850","-350","-0.79","20097","2.18",,,"98997","0.44","900","2.05"
"006880","신송홀딩스","5290","90","1.73","337","15.70",,,"9983","0.53","120","2.27"
"162300","신스틸","1680","53","3.26","33","50.91",,,"2089","0.80","21","1.25"
"002800","신신제약","4670","135","2.98","613","7.62",,,"4933","0.95","80","1.71"
"472220","신영스팩10호","2095","-5","-0.24",,,,,,,"0","0.00"
"0091W0","신영스팩11호","2020","-5","-0.25",,,,,,,"0","0.00"
"005800","신영와코루","13440","550","4.27","697","19.28",,,"43200","0.31","175","1.30"
"001720","신영증권","187000","17700","10.45","13618","13.73",,,"227883","0.82","5000","2.67"
"009270","신원","1099","16","1.48",,,,,"2556","0.43","50","4.55"
"017000","신원종합개발","2435","70","2.96","434","5.61",,,"10013","0.24","0","0.00"
"002700","신일전자","1147","19","1.68","61","18.80",,,"1221","0.94","20","1.74"
"012790","신일제약","5390","50","0.94","651","8.28",,,"13180","0.41","190","3.53"
"138070","신진에스엠","1419","79","5.90",,,,,"4577","0.31","30","2.11"
"226330","신테카바이오","1940","-35","-1.77",,,,,"1310","1.48","0","0.00"
"002870","신풍","945","28","3.05","72","13.13",,,"2658","0.36","0","0.00"
"019170","신풍제약","9070","60","0.67","172","52.73",,,"5267","1.72","0","0.00"
"019175","신풍제약우","14000","210","1.52",,,,,,,"0","0.00"
"474660","신한제12호스팩","2055","5","0.24",,,,,,,"0","0.00"
"474930","신한제13호스팩","2085","10","0.48",,,,,,,"0","0.00"
"487360","신한제14호스팩","2025","5","0.25",,,,,,,"0","0.00"
"487830","신한제15호스팩","2025","-5","-0.25",,,,,,,"0","0.00"
"496070","신한제16호스팩","1999","-1","-0.05",,,,,,,"0","0.00"
"0130D0","신한제17호스팩","1986","0","0.00",,,,,,,"0","0.00"
"0129K0","신한제18호스팩","1985","-3","-0.15",,,,,,,"0","0.00"
"055550","신한지주","99600","2700","2.79","9812","10.15","11989","8.31","121468","0.82","2590","2.60"
"056700","신화인터텍","1564","7","0.45","116","13.48",,,"3366","0.46","0","0.00"
"187270","신화콘텍","3450","85","2.53","337","10.24",,,"7740","0.45","50","1.45"
"095190","신화프리텍","1932","57","3.04",,,,,"1661","1.16","0","0.00"
"004080","신흥","13760","-10","-0.07","311","44.24",,,"12292","1.12","330","2.40"
"243840","신흥에스이씨","6250","410","7.02",,,"360","17.38","7821","0.80","0","0.00"
"257720","실리콘투","34650","-750","-2.12","2756","12.57","3775","9.18","6976","4.97","306","0.88"
"222800","심텍","130100","-3200","-2.40",,,"4612","28.21","15419","8.44","100","0.08"
"036710","심텍홀딩스","4790","-185","-3.72",,,,,"485","9.88","10","0.21"
"444530","심플랫폼","6940","-540","-7.22",,,"374","18.54","2315","3.00","0","0.00"
"234030","싸이닉솔루션","4760","130","2.81","79","60.25",,,"1548","3.07","0","0.00"
"160980","싸이맥스","46500","2950","6.77","1425","32.63",,,"17779","2.62","400","0.86"
"356890","싸이버원","2590","15","0.58",,,,,"3342","0.77","35","1.35"
"217330","싸이토젠","4195","175","4.35",,,,,"1538","2.73","0","0.00"
"004770","써니전자","1676","30","1.82","101","16.59",,,"2388","0.70","35","2.09"
"208640","썸에이지","121","0","0.00",,,,,"93","1.30","0","0.00"
"222420","쎄노텍","1199","19","1.61","30","39.97",,,"815","1.47","0","0.00"
"037760","쎄니트","2400","-40","-1.64",,,,,"2744","0.87","50","2.08"
"081180","쎄크","8110","200","2.53",,,"510","15.91","4016","2.02","0","0.00"
"099320","쎄트렉아이","117800","4100","3.61","1396","84.38","1850","63.67","22735","5.18","100","0.08"
"049960","쎌바이오텍","16570","420","2.60","1479","11.20",,,"19234","0.86","600","3.62"
"088280","쏘닉스","3490","90","2.65",,,,,"2018","1.73","0","0.00"
"403550","쏘카","11120","-80","-0.71",,,"236","47.13","5020","2.22","92","0.83"
"050890","쏠리드","12790","370","2.98","610","20.97","728","17.56","5886","2.17","50","0.39"
"394800","쓰리빌리언","6980","-460","-6.18",,,"28","253.55","743","9.39","0","0.00"
"177900","쓰리에이로직스","5280","30","0.57",,,,,"4924","1.07","0","0.00"
"475400","씨메스로보틱스","26350","1900","7.77",,,,,"5040","5.23","0","0.00"
"109670","씨싸이트","3460","140","4.22",,,,,"9236","0.37","0","0.00"
"066790","씨씨에스","1493","0","0.00",,,,,"420","3.55","0","0.00"
"222080","씨아이에스","10730","430","4.17","371","28.92",,,"6562","1.64","0","0.00"
"004920","씨아이테크","1121","141","14.39","290","3.87",,,"1403","0.80","0","0.00"
"352480","씨앤씨인터내셔널","18830","-1270","-6.32","1329","14.17","1420","13.26","26036","0.72","0","0.00"
"264660","씨앤지하이테크","15050","580","4.01","2078","7.24","2027","7.43","15198","0.99","550","3.65"
"352700","씨앤투스","1524","12","0.79",,,,,"6082","0.25","50","3.28"
"458870","씨어스","29500","250","0.85","427","69.09","1789","16.49","1042","28.31","0","0.00"
"297090","씨에스베어링","4380","55","1.27","412","10.63","568","7.71","3703","1.18","0","0.00"
"112610","씨에스윈드","41500","950","2.34","837","49.58","4914","8.44","27826","1.49","1000","2.41"
"359090","씨엔알리서치","550","0","0.00","45","12.22",,,"860","0.64","10","1.82"
"115530","씨엔플러스","1780","28","1.60",,,,,"1000","1.78","0","0.00"
"388210","씨엠티엑스","118600","7300","6.56",,,"7535","15.74","19207","6.17","0","0.00"
"115480","씨유메디칼","1914","-1","-0.05","70","27.34",,,"4930","0.39","0","0.00"
"376290","씨유테크","2390","90","3.91","77","31.04",,,"6479","0.37","24","1.00"
"189330","씨이랩","8630","410","4.99",,,,,"2678","3.22","0","0.00"
"096530","씨젠","28050","-100","-0.36","1047","26.79","1868","15.01","22020","1.27","1000","3.57"
"480370","씨케이솔루션","1724","94","5.77",,,,,"2264","0.76","0","0.00"
"101240","씨큐브","3370","55","1.66","895","3.77",,,"10637","0.32","0","0.00"
"060590","씨티씨바이오","3200","55","1.75","136","23.53",,,"3042","1.05","0","0.00"
"308170","씨티알모빌리티","3650","-45","-1.22",,,,,"10128","0.36","0","0.00"
"260930","씨티케이","2950","155","5.55",,,,,"7851","0.38","110","3.73"
"413630","씨피시스템","2645","65","2.52","54","48.98",,,"1194","2.22","60","2.27"
"013990","아가방컴퍼니","4120","140","3.52","417","9.88",,,"6452","0.64","0","0.00"
"123860","아나패스","14990","20","0.13","224","66.92",,,"6221","2.41","250","1.67"
"025980","아난티","4620","55","1.20",,,,,"7660","0.60","0","0.00"
"008700","아남전자","1235","0","0.00","71","17.39",,,"1735","0.71","0","0.00"
"0015N0","아로마티카","6000","260","4.53","442","13.57",,,"3380","1.78","0","0.00"
"261780","아리바이오랩","3020","325","12.06",,,,,"441","6.85","0","0.00"
"125210","아모그린텍","9260","300","3.35","357","25.94","946","9.79","4917","1.88","0","0.00"
"090430","아모레퍼시픽","112000","200","0.18","3416","32.79","5449","20.55","78989","1.42","1240","1.11"
"090435","아모레퍼시픽우","35800","500","1.42",,,,,,,"1245","3.48"
"002790","아모레퍼시픽홀딩스","24650","100","0.41","1361","18.11",,,"38797","0.64","400","1.62"
"00279K","아모레퍼시픽홀딩스3우C","20900","300","1.46",,,,,,,"667","3.19"
"002795","아모레퍼시픽홀딩스우","10780","100","0.94",,,,,,,"405","3.76"
"357580","아모센스","9500","200","2.15","44","215.91","980","9.69","3833","2.48","0","0.00"
"052710","아모텍","27200","-450","-1.63","542","50.18","1201","22.65","10688","2.54","0","0.00"
"074430","아미노로직스","1226","12","0.99","40","30.65",,,"638","1.92","0","0.00"
"092040","아미코젠","1304","9","0.69",,,,,"1703","0.77","0","0.00"
"083930","아바코","13340","510","3.98","1987","6.71",,,"15532","0.86","500","3.75"
"149950","아바텍","13860","-140","-1.00","506","27.39","999","13.88","11122","1.25","200","1.44"
"036010","아비코전자","10600","-60","-0.56","716","14.80","846","12.52","8782","1.21","30","0.28"
"002030","아세아","197900","4600","2.38","18725","10.57",,,"722172","0.27","5600","2.83"
"183190","아세아시멘트","9970","420","4.40","463","21.53","1425","7.00","30144","0.33","250","2.51"
"002310","아세아제지","7940","360","4.75","758","10.47",,,"22004","0.36","250","3.15"
"050860","아세아텍","1821","55","3.11","143","12.73",,,"6756","0.27","50","2.75"
"012170","아센디오","1057","13","1.25",,,,,"667","1.58","0","0.00"
"136410","아셈스","5570","100","1.83","834","6.68",,,"6767","0.82","130","2.33"
"246720","아스타","6070","0","0.00",,,,,"608","9.98","0","0.00"
"450950","아스테라시스","7480","80","1.08","250","29.92","385","19.45","1247","6.00","106","1.42"
"067390","아스트","547","19","3.60",,,,,"761","0.72","0","0.00"
"159010","아스플로","21850","3330","17.98",,,,,"3589","6.09","0","0.00"
"127710","아시아경제","910","0","0.00","92","9.89",,,"2736","0.33","0","0.00"
"267850","아시아나IDT","9350","160","1.74","1138","8.22",,,"15701","0.60","500","5.35"
"020560","아시아나항공","7070","250","3.67",,,,,"3623","1.95","0","0.00"
"154030","아시아종묘","1630","-12","-0.73",,,,,"1998","0.82","0","0.00"
"227610","아우딘퓨쳐스","1021","-37","-3.50",,,,,"1156","0.88","0","0.00"
"331740","아우토크립트","9700","100","1.04",,,,,"3227","3.01","0","0.00"
"143160","아이디스","15550","50","0.32","1745","8.91",,,"24487","0.64","400","2.57"
"054800","아이디스홀딩스","14120","160","1.15","5126","2.75",,,"42672","0.33","300","2.12"
"332370","아이디피","5080","0","0.00","857","5.93",,,"5785","0.88","170","3.35"
"066430","아이로보틱스","4195","765","22.30","43","97.56",,,"1126","3.73","0","0.00"
"122900","아이마켓코리아","7740","110","1.44","666","11.62","1361","5.69","11758","0.66","450","5.81"
"339950","아이비김영","2620","105","4.17","478","5.48","511","5.13","1702","1.54","300","11.45"
"469750","아이비젼웍스","1096","1","0.09",,,,,"1050","1.04","0","0.00"
"460470","아이빔테크놀로지","3700","175","4.96",,,,,"1828","2.02","0","0.00"
"099190","아이센스","16240","-350","-2.11",,,"213","76.08","11419","1.42","100","0.62"
"461300","아이스크림미디어","16400","250","1.55","3893","4.21",,,"16098","1.02","1554","9.48"
"289010","아이스크림에듀","1278","-4","-0.31",,,,,"3052","0.42","0","0.00"
"214430","아이쓰리시스템","74000","800","1.09","2657","27.85",,,"19122","3.87","450","0.61"
"040910","아이씨디","4580","105","2.35",,,,,"6033","0.76","0","0.00"
"368600","아이씨에이치","708","8","1.14",,,,,"1398","0.51","0","0.00"
"456010","아이씨티케이","23600","1000","4.42",,,"788","29.94","3161","7.47","0","0.00"
"052860","아이앤씨","5010","-20","-0.40","281","17.83",,,"2140","2.34","0","0.00"
"464500","아이언디바이스","2365","20","0.85",,,,,"1908","1.24","0","0.00"
"010780","아이에스동서","25650","1050","4.27",,,"3855","6.65","41857","0.61","500","1.95"
"212710","아이에스티이","11460","1310","12.91",,,,,"2184","5.25","0","0.00"
"038880","아이에이","670","0","0.00",,,,,"1420","0.47","0","0.00"
"307180","아이엘","6690","510","8.25",,,,,"645","10.37","0","0.00"
"101390","아이엠","396","0","0.00",,,,,"352","1.13","0","0.00"
"493280","아이엠바이오로직스","27950","1050","3.90","128","218.36",,,"5770","4.84","0","0.00"
"461030","아이엠비디엑스","4635","275","6.31",,,,,"1795","2.58","0","0.00"
"451220","아이엠티","14280","1210","9.26","124","115.16",,,"3921","3.64","0","0.00"
"078860","아이오케이이엔엠","3505","-170","-4.63",,,,,"11490","0.31","0","0.00"
"090150","아이윈","607","-5","-0.82","217","2.80",,,"1162","0.52","0","0.00"
"031310","아이즈비전","1115","35","3.24","382","2.92",,,"6097","0.18","0","0.00"
"462980","아이지넷","1491","58","4.05","142","10.50",,,"1212","1.23","0","0.00"
"185490","아이진","1432","0","0.00",,,,,"1322","1.08","0","0.00"
"059100","아이컴포넌트","4830","30","0.63","922","5.24",,,"6864","0.70","150","3.11"
"262840","아이퀘스트","3110","120","4.01","552","5.63",,,"5212","0.60","140","4.50"
"175250","아이큐어","2170","0","0.00",,,,,"705","3.08","0","0.00"
"052460","아이크래프트","2965","95","3.31","842","3.52",,,"3826","0.77","100","3.37"
"119830","아이텍","6450","230","3.70",,,,,"7422","0.87","0","0.00"
"052770","아이톡시","312","0","0.00",,,,,"305","1.02","0","0.00"
"124500","아이티센글로벌","43700","300","0.69","2010","21.74",,,"5404","8.09","0","0.00"
"031820","아이티센씨티에스","6110","160","2.69","4360","1.40",,,"18920","0.32","0","0.00"
"010280","아이티센엔텍","5970","180","3.11","1772","3.37","2952","2.02","7642","0.78","0","0.00"
"232830","아이티센피엔에스","2710","30","1.12",,,,,"962","2.82","0","0.00"
"372800","아이티아이즈","3085","190","6.56",,,,,"1507","2.05","0","0.00"
"084850","아이티엠반도체","11100","520","4.91",,,"611","18.18","4375","2.54","0","0.00"
"309710","아이티켐","21000","0","0.00",,,,,"5224","4.02","0","0.00"
"114840","아이패밀리에스씨","9120","80","0.88","1273","7.16","1539","5.93","6134","1.49","299","3.28"
"027360","아주IB투자","8210","-640","-7.23","70","117.29",,,"2227","3.69","70","0.85"
"139990","아주스틸","2185","55","2.58",,,,,"3813","0.57","0","0.00"
"032080","아즈텍WB","1140","27","2.43","44","25.91",,,"5109","0.22","0","0.00"
"013310","아진산업","3060","110","3.73","598","5.12",,,"8952","0.34","100","3.27"
"059120","아진엑스텍","7120","180","2.59","46","154.78",,,"2254","3.16","0","0.00"
"009320","아진전자부품","928","18","1.98","88","10.55",,,"676","1.37","0","0.00"
"0007C0","아크릴","24350","1000","4.28",,,"822","29.63","5448","4.47","0","0.00"
"203690","아크솔루션스","4425","0","0.00",,,,,"1299","3.41","0","0.00"
"158430","아톤","5240","220","4.38","66","79.39","533","9.83","4089","1.28","50","0.95"
"200350","아티스트스튜디오","3145","130","4.31",,,,,"4955","0.63","0","0.00"
"321820","아티스트컴퍼니","3320","210","6.75","86","38.60",,,"2619","1.27","0","0.00"
"001540","안국약품","11360","280","2.53","658","17.26",,,"14551","0.78","633","5.57"
"053800","안랩","57300","400","0.70","5714","10.03",,,"41556","1.38","1400","2.44"
"065660","안트로젠","25700","1050","4.26",,,,,"8739","2.94","0","0.00"
"297570","알로이스","1181","31","2.70","143","8.26",,,"1339","0.88","0","0.00"
"001780","알루코","2025","100","5.19","160","12.66",,,"3371","0.60","0","0.00"
"260660","알리코제약","2585","85","3.40",,,,,"5209","0.50","75","2.90"
"354320","알멕","57400","600","1.06",,,"2104","27.28","23535","2.44","0","0.00"
"361570","알비더블유","1740","92","5.58",,,,,"2086","0.83","0","0.00"
"131370","알서포트","1700","40","2.41","34","50.00",,,"1857","0.92","10","0.59"
"140670","알에스오토메이션","13340","1850","16.10",,,,,"4565","2.92","0","0.00"
"096610","알에프세미","2965","0","0.00","98","30.26",,,"829","3.58","0","0.00"
"061040","알에프텍","7090","440","6.62",,,,,"30621","0.23","0","0.00"
"148250","알엔투테크놀로지","2760","0","0.00",,,,,"4160","0.66","0","0.00"
"123010","알엔티엑스","2240","-10","-0.44",,,,,"815","2.75","0","0.00"
"476830","알지노믹스","92300","-500","-0.54",,,,,"4225","21.85","0","0.00"
"347860","알체라","1727","7","0.41",,,,,"578","2.99","0","0.00"
"196170","알테오젠","337000","-10000","-2.88","2653","127.03","6667","50.55","8257","40.81","371","0.11"
"123750","알톤","1650","19","1.16","17","97.06",,,"1593","1.04","0","0.00"
"459550","알트","1799","-1","-0.06","223","8.07",,,"1928","0.93","0","0.00"
"085810","알티캐스트","1484","31","2.13",,,,,"4130","0.36","0","0.00"
"043100","알파AI","520","0","0.00",,,,,"1540","0.34","0","0.00"
"117670","알파칩스","12730","-150","-1.16",,,,,"6356","2.00","0","0.00"
"314140","알피바이오","5530","-50","-0.90","541","10.22",,,"12393","0.45","50","0.90"
"291650","압타머사이언스","848","-22","-2.53",,,,,"686","1.24","0","0.00"
"293780","압타바이오","5020","-100","-1.95",,,,,"1680","2.99","0","0.00"
"018250","애경산업","12100","400","3.42","604","20.03","735","16.47","15841","0.76","200","1.65"
"161000","애경케미칼","10910","440","4.20",,,,,"14790","0.74","140","1.28"
"310200","애니플러스","2215","-25","-1.12","250","8.86",,,"2310","0.96","93","4.20"
"179530","애드바이오텍","2315","-65","-2.73",,,,,"937","2.47","0","0.00"
"397810","애드포러스","5260","230","4.57",,,,,"8705","0.60","250","4.75"
"0011A0","액스비스","13960","670","5.04","734","19.02",,,"4036","3.46","0","0.00"
"052790","액토즈소프트","4300","95","2.26","2899","1.48",,,"23519","0.18","0","0.00"
"290740","액트로","11790","220","1.90","802","14.70",,,"7978","1.48","100","0.85"
"238090","앤디포스","2635","210","8.66","230","11.46",,,"4190","0.63","0","0.00"
"138360","앤로보틱스","2500","145","6.16","136","18.38",,,"1110","2.25","0","0.00"
"092600","앤씨앤","2820","50","1.81","2545","1.11",,,"7975","0.35","0","0.00"
"129890","앱코","970","13","1.36","141","6.88",,,"1364","0.71","174","17.94"
"174900","앱클론","29800","100","0.34",,,,,"2954","10.09","0","0.00"
"109960","앱토크롬","1839","34","1.88",,,,,"27780","0.07","0","0.00"
"270520","앱튼","978","10","1.03",,,,,"4840","0.20","0","0.00"
"255440","야스","8280","0","0.00",,,,,"11182","0.74","0","0.00"
"030960","양지사","5450","-30","-0.55",,,,,"13435","0.41","50","0.92"
"102120","어보브반도체","10870","630","6.15","613","17.73",,,"7205","1.51","200","1.84"
"238120","얼라인드","3190","-125","-3.77","206","15.49",,,"2643","1.21","0","0.00"
"019990","에너토크","6150","170","2.84",,,,,"3958","1.55","100","1.63"
"011090","에넥스","1426","46","3.33",,,,,"3455","0.41","0","0.00"
"435570","에르코스","6700","140","2.13",,,,,"7124","0.94","130","1.94"
"270660","에브리봇","16090","3710","29.97",,,,,"4906","3.28","0","0.00"
"038680","에스넷","3400","35","1.04","249","13.65",,,"5721","0.59","100","2.94"
"137310","에스디바이오센서","7150","10","0.14",,,,,"19476","0.37","200","2.80"
"217480","에스디생명공학","499","0","0.00",,,,,"268","1.86","0","0.00"
"121890","에스디시스템","1934","-18","-0.92","96","20.15",,,"901","2.15","0","0.00"
"304360","에스바이오메딕스","31450","1650","5.54",,,,,"710","44.30","0","0.00"
"389500","에스비비테크","62600","6900","12.39",,,,,"1974","31.71","0","0.00"
"042110","에스씨디","1219","12","0.99","132","9.23",,,"2824","0.43","50","4.10"
"065420","에스아이리소스","178","-12","-6.32",,,,,"135","1.32","0","0.00"
"103230","에스앤더블류","2855","125","4.58","504","5.66",,,"7428","0.38","0","0.00"
"260970","에스앤디","49900","-700","-1.38","7124","7.00",,,"29812","1.67","1790","3.59"
"101490","에스앤에스텍","63900","900","1.43","2797","22.85",,,"14549","4.39","200","0.31"
"095910","에스에너지","1296","-29","-2.19",,,,,"1314","0.99","0","0.00"
"275630","에스에스알","3795","-20","-0.52",,,,,"4696","0.81","0","0.00"
"031330","에스에이엠티","14960","-130","-0.86","777","19.25",,,"4983","3.00","230","1.54"
"060540","에스에이티","1274","8","0.63","30","42.47",,,"3949","0.32","50","3.92"
"056190","에스에프에이","26700","1700","6.80","1916","13.94","2818","9.48","32160","0.83","950","3.56"
"0008Z0","에스엔시스","26500","500","1.92","2169","12.22","2278","11.63","18298","1.45","478","1.80"
"005850","에스엘","67700","2800","4.31","6749","10.03","8666","7.81","55423","1.22","2770","4.09"
"246250","에스엘에스바이오","1969","0","0.00",,,,,"507","3.88","0","0.00"
"041510","에스엠","83600","-5200","-5.86","15166","5.51","6399","13.06","43793","1.91","1620","1.94"
"010580","에스엠벡셀","2065","-25","-1.20","15","137.67",,,"631","3.27","0","0.00"
"460870","에스엠씨지","2480","0","0.00","73","33.97",,,"2138","1.16","0","0.00"
"464080","에스오에스랩","12150","1870","18.19",,,,,"1486","8.18","0","0.00"
"109610","에스와이","2215","150","7.26",,,,,"3640","0.61","50","2.26"
"365330","에스와이스틸텍","2300","215","10.31",,,,,"1912","1.20","0","0.00"
"012750","에스원","88700","12000","15.65","5281","16.80","4666","19.01","51947","1.71","3200","3.61"
"306040","에스제이그룹","2185","60","2.82",,,,,"13079","0.17","0","0.00"
"398120","에스지헬스케어","2360","5","0.21","86","27.44",,,"2179","1.08","0","0.00"
"472230","에스케이증권제11호스팩","2080","-5","-0.24",,,,,,,"0","0.00"
"473000","에스케이증권제12호스팩","2050","5","0.24",,,,,,,"0","0.00"
"473950","에스케이증권제13호스팩","2040","5","0.25",,,,,,,"0","0.00"
"475660","에스켐","3895","-265","-6.37",,,,,"4552","0.86","0","0.00"
"096630","에스코넥","2410","50","2.12","2285","1.05",,,"5660","0.43","0","0.00"
"069510","에스텍","12170","180","1.50","4949","2.46",,,"27942","0.44","850","6.98"
"488280","에스투더블유","15840","780","5.18",,,"420","37.73","2170","7.30","0","0.00"
"234300","에스트래픽","2950","65","2.25","180","16.39",,,"3783","0.78","140","4.75"
"039440","에스티아이","32350","2450","8.19","1045","30.96","6339","5.10","18772","1.72","150","0.46"
"098660","에스티오","1651","94","6.04",,,,,"1846","0.89","0","0.00"
"052020","에스티큐브","11000","-260","-2.31",,,,,"1062","10.36","0","0.00"
"237690","에스티팜","122000","-1200","-0.97","2706","45.08","3925","31.08","28666","4.26","500","0.41"
"458350","에스팀","4860","250","5.42","304","15.99",,,"2256","2.15","0","0.00"
"050760","에스폴리텍","1133","35","3.19",,,,,"3653","0.31","0","0.00"
"288620","에스프리즘","7000","290","4.32",,,,,"6556","1.07","0","0.00"
"443670","에스피소프트","3630","130","3.71","155","23.42",,,"2772","1.31","0","0.00"
"317830","에스피시스템스","6940","710","11.40",,,,,"4982","1.39","0","0.00"
"058610","에스피지","94700","3300","3.61","412","229.85","842","112.51","11633","8.14","250","0.26"
"043340","에쎈테크","826","25","3.12","8","103.25",,,"546","1.51","0","0.00"
"023960","에쓰씨엔지니어링","969","25","2.65",,,,,"1242","0.78","0","0.00"
"163280","에어레인","4280","150","3.63","206","20.78",,,"5063","0.85","0","0.00"
"298690","에어부산","1647","62","3.91",,,,,"1383","1.19","0","0.00"
"200710","에이디테크놀로지","40400","3000","8.02","278","145.32","2179","18.54","10456","3.86","0","0.00"
"475580","에이럭스","8340","490","6.24",,,,,"3399","2.45","0","0.00"
"096690","에이루트","5150","-30","-0.58",,,,,"24775","0.21","0","0.00"
"078520","에이블씨엔씨","10700","-180","-1.65","548","19.53",,,"3450","3.10","437","4.08"
"298380","에이비엘바이오","91100","-2000","-2.15",,,,,"2807","32.45","0","0.00"
"203400","에이비온","1225","-8","-0.65",,,,,"759","1.61","0","0.00"
"195990","에이비프로바이오","945","28","3.05",,,,,"1900","0.50","0","0.00"
"003800","에이스침대","32600","-100","-0.31","5302","6.15",,,"70896","0.46","2300","7.06"
"088800","에이스테크","2725","70","2.64",,,,,"914","2.98","0","0.00"
"241840","에이스토리","3100","70","2.31",,,,,"5334","0.58","0","0.00"
"364950","에이아이코리아","4420","195","4.62",,,,,"6879","0.64","0","0.00"
"453860","에이에스텍","12950","1860","16.77","382","33.90",,,"10500","1.23","500","3.86"
"312610","에이에프더블류","614","2","0.33",,,,,"2323","0.26","0","0.00"
"015260","에이엔피","550","25","4.76",,,,,"455","1.21","0","0.00"
"172670","에이엘티","13500","940","7.48",,,,,"10470","1.29","0","0.00"
"481070","에이유브랜즈","13500","430","3.29","615","21.95",,,"4838","2.79","0","0.00"
"060900","에이전트AI","4990","10","0.20",,,,,"9460","0.53","0","0.00"
"445090","에이직랜드","29500","2450","9.06",,,,,"5085","5.80","0","0.00"
"295310","에이치브이엠","103400","-6500","-5.91","1060","97.55","1645","62.87","7571","13.66","0","0.00"
"072990","에이치시티","3675","100","2.80","442","8.31",,,"6604","0.56","45","1.22"
"044990","에이치엔에스하이텍","14160","880","6.63","1216","11.64",,,"14317","0.99","250","1.77"
"239610","에이치엘사이언스","5610","-50","-0.88",,,,,"16220","0.35","0","0.00"
"036170","에이치엠넥스","4340","75","1.76","181","23.98",,,"2239","1.94","0","0.00"
"477340","에이치엠씨제7호스팩","2035","5","0.25",,,,,,,"0","0.00"
"148930","에이치와이티씨","2870","30","1.06","355","8.08",,,"6659","0.43","15","0.52"
"044780","에이치케이","1211","5","0.41","249","4.86",,,"3438","0.35","0","0.00"
"357230","에이치피오","2300","40","1.77","204","11.27",,,"3681","0.62","70","3.04"
"355690","에이텀","4455","-5","-0.11",,,,,"415","10.73","0","0.00"
"071670","에이테크솔루션","6300","380","6.42","46","136.96",,,"8845","0.71","0","0.00"
"045660","에이텍","8460","-20","-0.24","63","134.29",,,"13373","0.63","350","4.14"
"224110","에이텍모빌리티","8150","-30","-0.37","135","60.37",,,"13687","0.60","300","3.68"
"021080","에이티넘인베스트","2915","130","4.67","545","5.35",,,"4446","0.66","140","4.80"
"200470","에이팩트","11500","1330","13.08","123","93.50",,,"1657","6.94","0","0.00"
"262260","에이프로","5910","-10","-0.17",,,,,"4901","1.21","50","0.85"
"007460","에이프로젠","3300","205","6.62",,,,,"7695","0.43","0","0.00"
"003060","에이프로젠바이오로직스","2575","75","3.00",,,,,"15780","0.16","0","0.00"
"397030","에이프릴바이오","41450","-1650","-3.83",,,,,"4150","9.99","0","0.00"
"244920","에이플러스에셋","10110","240","2.43","979","10.33",,,"7506","1.35","300","2.97"
"278470","에이피알","394000","-16500","-4.02","7765","50.74","16781","23.48","11910","33.08","5090","1.29"
"0009K0","에임드바이오","27200","0","0.00","108","251.85",,,"3002","9.06","0","0.00"
"230240","에치에프알","26400","1900","7.76",,,"3531","7.48","10988","2.40","0","0.00"
"159910","에코글로우","3270","300","10.10",,,,,"1890","1.73","0","0.00"
"230360","에코마케팅","16000","0","0.00","529","30.25",,,"7482","2.14","620","3.88"
"097780","에코볼트","664","0","0.00",,,,,"3093","0.21","0","0.00"
"038870","에코심플렉스","1999","70","3.63",,,,,"5507","0.36","0","0.00"
"448280","에코아이","8930","230","2.64","60","148.83",,,"4227","2.11","70","0.78"
"101360","에코앤드림","10560","-310","-2.85",,,,,"12165","0.87","0","0.00"
"128540","에코캡","1480","59","4.15",,,,,"4162","0.36","0","0.00"
"086520","에코프로","115700","6900","6.34",,,,,"14563","7.94","150","0.13"
"450080","에코프로머티","56000","3300","6.26","345","162.32",,,"15125","3.70","0","0.00"
"247540","에코프로비엠","170000","5700","3.47","403","421.84","714","238.09","17677","9.62","100","0.06"
"383310","에코프로에이치엔","28200","1050","3.87","631","44.69","1600","17.63","14535","1.94","200","0.71"
"038110","에코플라스틱","2290","10","0.44","50","45.80",,,"8738","0.26","50","2.18"
"073540","에프알텍","2660","15","0.57","183","14.54",,,"5300","0.50","75","2.82"
"064850","에프앤가이드","24600","450","1.86","866","28.41","2673","9.20","6042","4.07","260","1.06"
"036810","에프에스티","33200","1600","5.06",,,"627","52.92","11763","2.82","0","0.00"
"173940","에프엔씨엔터","2975","30","1.02",,,,,"1303","2.28","0","0.00"
"083500","에프엔에스테크","20050","1740","9.50","1125","17.82","1859","10.79","10847","1.85","340","1.70"
"317530","에피소드컴퍼니","2920","-110","-3.63",,,,,"1525","1.91","0","0.00"
"054940","엑사이엔씨","635","34","5.66","19","33.42",,,"2078","0.31","0","0.00"
"373110","엑셀세라퓨틱스","1450","98","7.25",,,,,"413","3.51","0","0.00"
"205100","엑셈","1663","-60","-3.48","92","18.08",,,"1717","0.97","42","2.53"
"356680","엑스게이트","16410","140","0.86","136","120.66",,,"1692","9.70","0","0.00"
"070300","엑스큐어","1697","-13","-0.76","16","106.06",,,"1365","1.24","0","0.00"
"317770","엑스페릭스","2625","50","1.94",,,,,"2444","1.07","0","0.00"
"373200","엑스플러스","3005","355","13.40",,,,,"935","3.21","0","0.00"
"069920","엑시온그룹","1275","68","5.63",,,,,"4110","0.31","0","0.00"
"092870","엑시콘","30800","3150","11.39","715","43.08",,,"15111","2.04","100","0.32"
"019490","엑시큐어하이트론","541","0","0.00",,,,,"162","3.34","0","0.00"
"317870","엔바이오니아","5390","-40","-0.74",,,,,"3508","1.54","0","0.00"
"067570","엔브이에이치코리아","1790","3","0.17",,,,,"4978","0.36","150","8.38"
"0004V0","엔비알모션","9570","-380","-3.82",,,"544","17.58","3306","2.89","0","0.00"
"236810","엔비티","1322","23","1.77",,,,,"1289","1.03","0","0.00"
"333620","엔시스","5490","200","3.78",,,,,"4968","1.11","40","0.73"
"101400","엔시트론","2200","160","7.84",,,,,"3154","0.70","0","0.00"
"475230","엔알비","10750","380","3.66",,,,,"8135","1.32","0","0.00"
"481890","엔에이치스팩31호","2065","-10","-0.48",,,,,,,"0","0.00"
"0054V0","엔에이치스팩32호","2020","-10","-0.49",,,,,,,"0","0.00"
"0130H0","엔에이치스팩33호","2000","3","0.15",,,,,,,"0","0.00"
"265740","엔에프씨","5150","70","1.38","563","9.15","940","5.48","3660","1.41","60","1.17"
"354200","엔젠바이오","851","-41","-4.60",,,,,"917","0.93","0","0.00"
"455900","엔젤로보틱스","25100","3150","14.35",,,,,"2144","11.71","0","0.00"
"419080","엔젯","4200","15","0.36",,,,,"3449","1.22","0","0.00"
"183490","엔지켐생명과학","990","0","0.00",,,,,"1837","0.54","0","0.00"
"085310","엔케이","9930","580","6.20",,,,,"23370","0.42","100","1.01"
"182400","엔케이젠바이오텍코리아","3670","0","0.00",,,,,"99","37.07","0","0.00"
"348370","엔켐","34950","50","0.14",,,,,"21543","1.62","0","0.00"
"069410","엔텔스","3860","5","0.13","321","12.02",,,"5643","0.68","0","0.00"
"227950","엔투텍","1260","78","6.60","670","1.88",,,"3700","0.34","0","0.00"
"291230","엔피","555","-9","-1.60",,,,,"594","0.93","0","0.00"
"048830","엔피케이","829","40","5.07","60","13.82",,,"2473","0.34","30","3.62"
"096870","엘디티","1788","-8","-0.45","149","12.00",,,"2426","0.74","0","0.00"
"290650","엘앤씨바이오","76900","-7500","-8.89",,,"1433","53.66","8128","9.46","50","0.07"
"066970","엘앤에프","134000","8200","6.52",,,"648","206.94","17482","7.67","0","0.00"
"156100","엘앤케이바이오","5250","20","0.38",,,,,"2087","2.52","0","0.00"
"0041J0","엘에스스팩1호","1995","-1","-0.05",,,,,,,"0","0.00"
"073110","엘엠에스","6690","230","3.56",,,,,"10013","0.67","220","3.29"
"083310","엘오티베큠","11930","1140","10.57",,,,,"15352","0.78","0","0.00"
"037950","엘컴텍","2705","115","4.44","145","18.66",,,"4885","0.55","0","0.00"
"489500","엘케이켐","30850","2450","8.63","708","43.57","1884","16.38","9491","3.25","0","0.00"
"170920","엘티씨","56600","-1200","-2.08","501","112.97","3076","18.40","12514","4.52","100","0.18"
"058630","엠게임","4320","45","1.05","861","5.02",,,"7129","0.61","222","5.14"
"226590","엠디바이스","15990","570","3.70","1035","15.45",,,"4452","3.59","0","0.00"
"058970","엠로","21450","350","1.66","238","90.13","461","46.52","7728","2.78","0","0.00"
"169330","엠브레인","1727","12","0.70",,,,,"1471","1.17","80","4.63"
"097520","엠씨넥스","21250","50","0.24","3145","6.76","2833","7.50","23796","0.89","1000","4.71"
"373170","엠아이큐브솔루션","2225","0","0.00","108","20.60",,,"1571","1.42","200","8.99"
"179290","엠아이텍","4955","110","2.27","628","7.89",,,"3891","1.27","120","2.42"
"484870","엠앤씨솔루션","89500","17500","24.31","4980","17.97","7964","11.24","21270","4.21","2491","2.78"
"009780","엠에스씨","6230","70","1.14","1307","4.77",,,"10750","0.58","130","2.09"
"123040","엠에스오토텍","1909","64","3.47",,,,,"3331","0.57","0","0.00"
"432980","엠에프씨","2855","25","0.88","103","27.72",,,"3722","0.77","0","0.00"
"007820","엠엑스로보틱스","3395","85","2.57",,,,,"2686","1.26","0","0.00"
"347890","엠엑스온","5010","120","2.45","105","47.71","572","8.76","4551","1.10","60","1.20"
"413390","엠오티","6770","210","3.20","300","22.57",,,"5203","1.30","100","1.48"
"032790","엠젠솔루션","1434","30","2.14",,,,,"1316","1.09","0","0.00"
"033160","엠케이전자","27300","-700","-2.50","63","433.33","2139","12.76","17572","1.55","120","0.44"
"033310","엠투엔","1398","1","0.07",,,,,"3477","0.40","0","0.00"
"259630","엠플러스","12160","430","3.67","1735","7.01",,,"8620","1.41","200","1.64"
"105550","엣지파운드리","537","-7","-1.29","224","2.40",,,"1792","0.30","0","0.00"
"060850","영림원소프트랩","5640","180","3.30","795","7.09",,,"6752","0.84","120","2.13"
"014440","영보화학","4605","70","1.54","863","5.34",,,"9810","0.47","350","7.60"
"143540","영우디에스피","1084","84","8.40","127","8.54",,,"703","1.54","0","0.00"
"111770","영원무역","82900","2100","2.60","11558","7.17","13499","6.14","96154","0.86","2100","2.53"
"009970","영원무역홀딩스","186500","1200","0.65","31684","5.89",,,"259821","0.72","6576","3.53"
"003520","영진약품","1265","24","1.93",,,,,"500","2.53","0","0.00"
"000670","영풍","47200","600","1.29",,,,,"195772","0.24","5","0.01"
"012280","영화금속","841","1","0.12","245","3.43",,,"1647","0.51","35","4.16"
"265560","영화테크","7680","180","2.40","1822","4.22",,,"8856","0.87","130","1.69"
"012160","영흥","376","0","0.00",,,,,"1994","0.19","0","0.00"
"036000","예림당","3020","5","0.17","5479","0.55",,,"11107","0.27","0","0.00"
"250930","예선테크","425","23","5.72",,,,,"470","0.90","0","0.00"
"053280","예스24","2895","55","1.94",,,,,"6912","0.42","250","8.64"
"122640","예스티","29700","2150","7.80",,,,,"6379","4.66","0","0.00"
"476040","오가노이드사이언스","12110","270","2.28",,,,,"3745","3.23","0","0.00"
"045060","오공","2015","35","1.77","329","6.12",,,"7198","0.28","50","2.48"
"192410","오늘이엔엠","4620","-110","-2.33",,,,,"136","33.97","0","0.00"
"080520","오디텍","3010","60","2.03","86","35.00",,,"11389","0.26","100","3.32"
"007310","오뚜기","329500","-10500","-3.09","20279","16.25",,,"603102","0.55","9000","2.73"
"039830","오로라","17800","480","2.77","2279","7.81",,,"18082","0.98","600","3.37"
"322310","오로스테크놀로지","30950","2750","9.75",,,"1228","25.21","6873","4.50","0","0.00"
"046120","오르비텍","7110","100","1.43","29","245.17",,,"2282","3.12","0","0.00"
"475830","오름테라퓨틱","67900","-3200","-4.50",,,,,"6165","11.01","0","0.00"
"014940","오리엔탈정공","5480","240","4.58","420","13.05",,,"2752","1.99","0","0.00"
"002630","오리엔트바이오","984","6","0.61",,,,,"1212","0.81","0","0.00"
"065500","오리엔트정공","1464","32","2.23","57","25.68",,,"1248","1.17","0","0.00"
"271560","오리온","135500","-2600","-1.88","9682","14.00","12725","10.65","96352","1.41","3500","2.58"
"001800","오리온홀딩스","25900","-2050","-7.33","2011","12.88",,,"40953","0.63","1100","4.25"
"010470","오리콤","4910","180","3.81","666","7.37",,,"11173","0.44","270","5.50"
"417860","오브젠","11730","-320","-2.66",,,,,"2290","5.12","0","0.00"
"352910","오비고","4345","110","2.60",,,,,"2676","1.62","0","0.00"
"053980","오상자이엘","2785","125","4.70","548","5.08",,,"5750","0.48","150","5.39"
"036220","오상헬스케어","6600","200","3.13","226","29.20",,,"20439","0.32","200","3.03"
"052420","오성첨단소재","9000","800","9.76","3720","2.42",,,"30910","0.29","0","0.00"
"052300","오션인더블유","1557","-4","-0.26",,,,,"16246","0.10","0","0.00"
"039200","오스코텍","39100","-1500","-3.69","1368","28.58","1973","19.81","4739","8.25","0","0.00"
"226400","오스테오닉","4550","10","0.22","374","12.17","535","8.51","3363","1.35","0","0.00"
"031510","오스템","1162","-23","-1.94","37","31.41",,,"2674","0.43","20","1.72"
"342870","오아","4960","45","0.92",,,,,"8487","0.58","0","0.00"
"368970","오에스피","2990","-40","-1.32",,,,,"6938","0.43","0","0.00"
"138080","오이솔루션","32600","2000","6.54",,,"899","36.28","5774","5.65","0","0.00"
"080580","오킨스전자","18780","310","1.68","424","44.29","1575","11.92","2506","7.49","0","0.00"
"067170","오텍","2795","75","2.76",,,,,"4600","0.61","0","0.00"
"353590","오토앤","2020","65","3.32",,,,,"1444","1.40","0","0.00"
"173130","오파스넷","7830","390","5.24","971","8.06",,,"4962","1.58","250","3.19"
"440320","오픈놀","3010","85","2.91",,,,,"3524","0.85","0","0.00"
"049480","오픈베이스","2135","5","0.23","266","8.03",,,"3142","0.68","25","1.17"
"394280","오픈엣지테크놀로지","14740","1340","10.00",,,"146","101.18","683","21.58","0","0.00"
"476060","온코닉테라퓨틱스","15710","-170","-1.07","359","43.76","685","22.94","1619","9.70","0","0.00"
"382150","온코크로스","4800","120","2.56",,,,,"1112","4.32","0","0.00"
"005320","온타이드","1084","-26","-2.34",,,,,"2778","0.39","0","0.00"
"244460","올리패스","1651","0","0.00",,,,,"208","7.94","0","0.00"
"226950","올릭스","115200","-9100","-7.32",,,,,"6738","17.10","0","0.00"
"057540","옴니시스템","721","95","15.18",,,,,"1847","0.39","0","0.00"
"131030","옵투스제약","6290","500","8.64","731","8.60",,,"9824","0.64","0","0.00"
"082210","옵트론텍","1473","-4","-0.27",,,,,"1841","0.80","0","0.00"
"109080","옵티시스","10570","-40","-0.38","936","11.29",,,"12530","0.84","250","2.37"
"380540","옵티코어","8450","0","0.00",,,,,"944","8.95","0","0.00"
"153710","옵티팜","4635","55","1.20",,,,,"1731","2.68","0","0.00"
"432430","와이랩","3570","140","4.08",,,,,"1674","2.13","0","0.00"
"338840","와이바이오로직스","13990","440","3.25",,,,,"1752","7.99","0","0.00"
"122990","와이솔","7530","90","1.21",,,,,"11034","0.68","500","6.64"
"232140","와이씨","15980","1030","6.89","239","66.86","515","31.04","4490","3.56","0","0.00"
"112290","와이씨켐","13690","390","2.93","229","59.78",,,"2432","5.63","0","0.00"
"065530","와이어블","1380","50","3.76","95","14.53",,,"1631","0.85","50","3.62"
"067900","와이엔텍","6430","160","2.55","1681","3.83",,,"19155","0.34","100","1.56"
"007530","와이엠","2080","-55","-2.58","117","17.78",,,"2585","0.80","20","0.96"
"155650","와이엠씨","3300","0","0.00","75","44.00",,,"6461","0.51","75","2.27"
"273640","와이엠텍","6830","240","3.64","311","21.96",,,"5590","1.22","100","1.46"
"251370","와이엠티","14500","410","2.91",,,,,"10941","1.33","0","0.00"
"209640","와이제이링크","5100","-360","-6.59",,,,,"2619","1.95","0","0.00"
"096250","와이즈넛","6500","-700","-9.72","134","48.51",,,"5170","1.26","85","1.31"
"273060","와이즈버즈","1113","17","1.55","37","30.08",,,"989","1.13","0","0.00"
"019210","와이지-원","15930","1670","11.71","736","21.64",,,"11486","1.39","190","1.19"
"122870","와이지엔터테인먼트","45900","1400","3.15","1990","23.07","3081","14.90","27689","1.66","300","0.65"
"011690","와이투솔루션","4340","70","1.64",,,,,"2706","1.60","0","0.00"
"079000","와토스코리아","4940","-10","-0.20",,,,,"11179","0.44","403","8.16"
"403490","우듬지팜","746","-21","-2.74",,,,,"815","0.92","0","0.00"
"316140","우리금융지주","31150","1000","3.32","4052","7.69","4484","6.95","49068","0.63","1360","4.37"
"032820","우리기술","17570","4050","29.96","5","3514.00",,,"755","23.27","0","0.00"
"041190","우리기술투자","5480","240","4.58","1420","3.86",,,"9971","0.55","0","0.00"
"115440","우리넷","11010","1310","13.51","354","31.10","1228","8.97","9217","1.19","50","0.45"
"046970","우리로","6460","360","5.90",,,,,"903","7.15","0","0.00"
"082850","우리바이오","1419","32","2.31",,,,,"4337","0.33","20","1.41"
"215360","우리산업","7170","240","3.46","1536","4.67",,,"13224","0.54","200","2.79"
"072470","우리산업홀딩스","2800","0","0.00","582","4.81",,,"7488","0.37","60","2.14"
"073560","우리손에프앤지","1602","23","1.46","344","4.66",,,"4805","0.33","150","9.36"
"037400","우리엔터프라이즈","789","-9","-1.13",,,,,"5603","0.14","20","2.53"
"153490","우리이앤엘하루틴","693","-2","-0.29",,,,,"1750","0.40","20","2.89"
"101170","우림피티에스","9830","470","5.02","181","54.31",,,"6273","1.57","50","0.51"
"006980","우성","17600","90","0.51","5039","3.49",,,"82793","0.21","1300","7.39"
"011300","우성머티리얼스","2535","40","1.60",,,,,"2010","1.26","0","0.00"
"017370","우신시스템","4710","130","2.84","985","4.78","1291","3.65","10957","0.43","30","0.64"
"103840","우양","2190","-10","-0.45","137","15.99",,,"2836","0.77","0","0.00"
"101970","우양에이치씨","8610","340","4.11",,,,,"12468","0.69","0","0.00"
"046940","우원개발","3475","145","4.35","2654","1.31",,,"8672","0.40","120","3.45"
"215380","우정바이오","2500","-40","-1.57",,,,,"1402","1.78","0","0.00"
"065680","우주일렉트로","42100","2400","6.05","2684","15.69",,,"32705","1.29","350","0.83"
"105840","우진","18070","520","2.96","441","40.98","817","22.12","9841","1.84","300","1.66"
"018620","우진비앤지 [락]","2590","-25","-0.96",,,,,"4446","0.58","0","0.00"
"010400","우진아이엔에스","3760","90","2.45","1127","3.34",,,"11981","0.31","150","3.99"
"457550","우진엔텍","21750","750","3.57","572","38.02",,,"5483","3.97","150","0.69"
"049800","우진플라임","1987","127","6.83","114","17.43",,,"5492","0.36","50","2.52"
"016880","웅진","2000","85","4.44","1554","1.29",,,"2289","0.87","0","0.00"
"095720","웅진씽크빅","1370","63","4.82",,,,,"4654","0.29","170","12.41"
"396470","워트","6940","350","5.31","221","31.40",,,"4097","1.69","70","1.01"
"005820","원림","14250","650","4.78","1812","7.86",,,"61531","0.23","460","3.23"
"307280","원바이오젠","6300","20","0.32","933","6.75",,,"6072","1.04","140","2.22"
"032940","원익","8430","1230","17.08","632","13.34",,,"15605","0.54","0","0.00"
"240810","원익IPS","183300","42300","30.00","1727","106.14","4047","45.30","19936","9.19","200","0.11"
"074600","원익QnC","42150","5950","16.44","856","49.24","2810","15.00","18524","2.28","130","0.31"
"104830","원익머트리얼즈","47600","4000","9.17","3863","12.32","5552","8.57","41679","1.14","500","1.05"
"014190","원익큐브","1461","125","9.36","79","18.49",,,"3111","0.47","0","0.00"
"217820","원익피앤이","2255","115","5.37","45","50.11",,,"2304","0.98","0","0.00"
"030530","원익홀딩스","31000","2450","8.58","359","86.35",,,"13088","2.37","0","0.00"
"012620","원일특강","7220","100","1.40","1866","3.87",,,"37896","0.19","270","3.74"
"136150","원일티엔아이","11900","700","6.25",,,,,"5853","2.03","0","0.00"
"382840","원준","7130","270","3.94",,,,,"6969","1.02","0","0.00"
"336570","원텍","7050","-380","-5.11","393","17.94","575","12.25","1749","4.03","50","0.71"
"376980","원티드랩","2430","150","6.58","143","16.99",,,"4291","0.57","0","0.00"
"008370","원풍","4975","65","1.32","646","7.70",,,"8872","0.56","450","9.05"
"008290","원풍물산","534","3","0.56",,,,,"716","0.75","0","0.00"
"101160","월덱스","27500","1800","7.00","2482","11.08",,,"20992","1.31","100","0.36"
"336060","웨이버스","663","-18","-2.64","57","11.63",,,"890","0.74","0","0.00"
"095270","웨이브일렉트로","4200","-85","-1.98","116","36.21",,,"4249","0.99","0","0.00"
"289930","웨이비스","11440","770","7.22","143","80.00",,,"4091","2.80","0","0.00"
"065950","웰크론","1093","53","5.10",,,,,"1488","0.73","20","1.83"
"076080","웰크론한텍","829","-25","-2.93",,,,,"619","1.34","0","0.00"
"043590","웰킵스하이텍","997","-1","-0.10",,,,,"2610","0.38","0","0.00"
"196700","웹스","1236","42","3.52","286","4.32",,,"2809","0.44","0","0.00"
"069080","웹젠","10920","260","2.44","824","13.25","1190","9.18","23519","0.46","700","6.41"
"053580","웹케시","6600","-40","-0.60","984","6.71","1048","6.30","8851","0.75","200","3.03"
"479960","위너스일렉","7730","380","5.17","704","10.98",,,"5948","1.30","500","6.47"
"044340","위닉스","3845","250","6.95",,,,,"9240","0.42","100","2.60"
"330350","위더스제약","6660","70","1.06","376","17.71",,,"7425","0.90","0","0.00"
"348350","위드텍","8920","520","6.19","659","13.54",,,"12943","0.69","200","2.24"
"112040","위메이드","17940","50","0.28",,,"1694","10.59","12033","1.49","295","1.64"
"101730","위메이드맥스","3390","25","0.74",,,,,"5563","0.61","0","0.00"
"123420","위메이드플레이","6300","210","3.45","1812","3.48",,,"25565","0.25","0","0.00"
"065370","위세아이텍","3760","200","5.62","211","17.82",,,"4468","0.84","150","3.99"
"038620","위즈코프","1926","106","5.82","305","6.31",,,"6355","0.30","0","0.00"
"299900","위지윅스튜디오","305","1","0.33",,,,,"749","0.41","0","0.00"
"036090","위지트","1384","3","0.22","198","6.99",,,"3681","0.38","0","0.00"
"459100","위츠","5310","110","2.12","152","34.93",,,"3373","1.57","300","5.65"
"136540","윈스테크넷","10460","100","0.97","1694","6.17",,,"17202","0.61","800","7.65"
"097800","윈팩","2315","-120","-4.93",,,,,"2305","1.00","0","0.00"
"192390","윈하이텍","1845","5","0.27",,,,,"6571","0.28","0","0.00"
"008600","윌비스","2620","0","0.00",,,,,"7650","0.34","0","0.00"
"335870","윙스풋","1433","19","1.34",,,,,"1882","0.76","0","0.00"
"033270","유나이티드제약","18500","250","1.37","2614","7.08","2772","6.67","28664","0.65","610","3.30"
"014830","유니드","69100","-3900","-5.34","9830","7.03","13673","5.05","162961","0.42","2000","2.89"
"446070","유니드비티플러스","2435","160","7.03",,,,,"18087","0.13","0","0.00"
"036200","유니셈","12470","1650","15.25","305","40.89","1011","12.33","8275","1.51","80","0.64"
"018000","유니슨","950","56","6.26",,,,,"431","2.20","0","0.00"
"000910","유니온","3150","50","1.61","1496","2.11",,,"6907","0.46","125","3.97"
"047400","유니온머티리얼","1104","24","2.22","59","18.71",,,"467","2.36","0","0.00"
"203450","유니온바이오메트릭스","2545","60","2.41","167","15.24",,,"3466","0.73","90","3.54"
"011330","유니켐","396","0","0.00",,,,,"1441","0.27","0","0.00"
"077500","유니퀘스트","7990","820","11.44","955","8.37",,,"11427","0.70","200","2.50"
"011320","유니크","3960","-135","-3.30","559","7.08",,,"7054","0.56","60","1.52"
"086390","유니테스트","16580","1480","9.80",,,"1656","10.01","4773","3.47","0","0.00"
"241690","유니테크노","2910","120","4.30",,,,,"5612","0.52","17","0.58"
"142210","유니트론텍","6820","50","0.74","640","10.66",,,"6717","1.02","165","2.42"
"389680","유디엠텍","2325","-170","-6.81",,,,,"1265","1.84","0","0.00"
"088340","유라클","8640","240","2.86",,,,,"4922","1.76","0","0.00"
"048430","유라테크","6280","50","0.80","964","6.51",,,"13417","0.47","200","3.18"
"206650","유바이오로직스","9460","320","3.50","1127","8.39",,,"4782","1.98","0","0.00"
"089850","유비벨록스","4230","75","1.81",,,,,"9085","0.47","0","0.00"
"084440","유비온","1056","34","3.33","68","15.53",,,"385","2.74","0","0.00"
"264450","유비쿼스","11710","110","0.95","1627","7.20",,,"13350","0.88","470","4.01"
"078070","유비쿼스홀딩스","10350","250","2.48","1234","8.39",,,"16069","0.64","240","2.32"
"002920","유성기업","1694","30","1.80",,,,,"10023","0.17","0","0.00"
"024800","유성티엔에스","4635","135","3.00","1687","2.75",,,"15883","0.29","0","0.00"
"000700","유수홀딩스","5630","70","1.26","643","8.76",,,"12843","0.44","350","6.22"
"054930","유신","19350","750","4.03","3507","5.52",,,"51711","0.37","900","4.65"
"069330","유아이디","853","49","6.09","97","8.79",,,"1475","0.58","0","0.00"
"049520","유아이엘","3645","5","0.14","715","5.10",,,"6445","0.57","400","10.97"
"473050","유안타제15호스팩","2080","10","0.48",,,,,,,"0","0.00"
"474490","유안타제16호스팩","2060","10","0.49",,,,,,,"0","0.00"
"493790","유안타제17호스팩","2015","0","0.00",,,,,,,"0","0.00"
"003470","유안타증권","4985","190","3.96","443","11.25",,,"9275","0.54","220","4.41"
"003475","유안타증권우","4240","175","4.31",,,,,,,"270","6.37"
"263770","유에스티","1740","57","3.39","104","16.73",,,"3521","0.49","60","3.45"
"072130","유엔젤","5030","-70","-1.37","353","14.25",,,"5122","0.98","100","1.99"
"000220","유유제약","3960","105","2.72","492","8.05",,,"7069","0.56","115","2.90"
"000225","유유제약1우","3865","160","4.32",,,,,,,"125","3.23"
"000227","유유제약2우B","10620","100","0.95",,,,,,,"125","1.18"
"388720","유일로보틱스","83500","100","0.12",,,,,"7669","10.89","0","0.00"
"340930","유일에너테크","806","0","0.00",,,,,"730","1.10","0","0.00"
"023410","유진기업","3450","60","1.77",,,,,"12870","0.27","180","5.22"
"056080","유진로봇","19540","560","2.95",,,,,"766","25.51","0","0.00"
"468760","유진스팩10호","2085","5","0.24",,,,,,,"0","0.00"
"488060","유진스팩11호","2030","0","0.00",,,,,,,"0","0.00"
"0105P0","유진스팩12호","1998","3","0.15",,,,,,,"0","0.00"
"084370","유진테크","196100","17800","9.98","1906","102.89","4455","44.01","20320","9.65","230","0.12"
"240600","유진테크놀로지","2110","15","0.72",,,,,"5599","0.38","0","0.00"
"001200","유진투자증권","4695","300","6.83","703","6.68",,,"12331","0.38","180","3.83"
"179900","유티아이","17720","600","3.50",,,,,"3344","5.30","0","0.00"
"263050","유틸렉스","959","0","0.00",,,,,"415","2.31","0","0.00"
"000100","유한양행","77200","800","1.05","2599","29.70","2248","34.34","30855","2.50","600","0.78"
"000105","유한양행우","64000","200","0.31",,,,,,,"610","0.95"
"003460","유화증권","3165","105","3.43","229","13.82",,,"8871","0.36","220","6.95"
"003465","유화증권우","3050","155","5.35",,,,,,,"230","7.54"
"191410","육일씨엔에쓰","1320","63","5.01","152","8.68",,,"1876","0.70","0","0.00"
"372170","윤성에프앤씨","22500","750","3.45",,,,,"22214","1.01","80","0.36"
"146060","율촌","898","1","0.11","136","6.60",,,"2210","0.41","0","0.00"
"008730","율촌화학","18290","590","3.33","168","108.87","1081","16.93","11783","1.55","250","1.37"
"008250","이건산업","2705","70","2.66",,,,,"17234","0.16","100","3.70"
"039020","이건홀딩스","3045","90","3.05",,,,,"8206","0.37","50","1.64"
"025820","이구산업","4640","125","2.77","327","14.19",,,"4355","1.07","90","1.94"
"067920","이글루","5210","0","0.00",,,,,"7266","0.72","210","4.03"
"044960","이글벳","3100","35","1.14","321","9.66",,,"4229","0.73","80","2.58"
"303530","이노뎁","3215","-140","-4.17",,,,,"4859","0.66","0","0.00"
"302430","이노메트리","7680","90","1.19",,,"397","19.36","6059","1.27","0","0.00"
"214320","이노션","21050","450","2.18","2294","9.18","2852","7.38","26618","0.79","1175","5.58"
"462350","이노스페이스","15800","750","4.98",,,,,"2131","7.41","0","0.00"
"274400","이노시뮬레이션","2955","140","4.97",,,,,"3320","0.89","0","0.00"
"296640","이노에이엑스","5990","170","2.92","511","11.72",,,"6757","0.89","220","3.67"
"215790","이노인스트루먼트","1500","-45","-2.91",,,,,"848","1.77","0","0.00"
"344860","이노진","1450","50","3.57","26","55.77",,,"1288","1.13","90","6.21"
"333050","이노테나","5310","10","0.19","465","11.42",,,"4979","1.07","120","2.26"
"469610","이노테크","15190","960","6.75","1110","13.68",,,"6961","2.18","0","0.00"
"088390","이녹스","8900","550","6.59","2469","3.60",,,"18657","0.48","0","0.00"
"272290","이녹스첨단소재","28900","950","3.40","3080","9.38","3189","9.06","20895","1.38","350","1.21"
"053350","이니텍","2490","105","4.40","163","15.28",,,"6900","0.36","0","0.00"
"452400","이닉스","6960","420","6.42","28","248.57",,,"13584","0.51","0","0.00"
"264850","이랜시스","5600","370","7.07","140","40.00",,,"1780","3.15","50","0.89"
"054210","이랜텍","8840","150","1.73","1056","8.37",,,"10776","0.82","100","1.13"
"009730","이렘","209","12","6.09",,,,,"636","0.33","0","0.00"
"065440","이루온","2125","50","2.41","59","36.02",,,"1942","1.09","0","0.00"
"139480","이마트","88600","200","0.23","5084","17.43","8362","10.60","410591","0.22","2500","2.82"
"424870","이뮨온시아","4220","45","1.08",,,,,"368","11.47","0","0.00"
"115610","이미지스","2220","40","1.83",,,,,"901","2.46","0","0.00"
"478110","이베스트스팩6호","2045","10","0.49",,,,,,,"0","0.00"
"131400","이브이첨단소재","1460","4","0.27",,,,,"1723","0.85","0","0.00"
"351330","이삭엔지니어링","5400","220","4.25",,,,,"4151","1.30","0","0.00"
"080010","이상네트웍스","6740","60","0.90","1579","4.27",,,"15272","0.44","200","2.97"
"457190","이수스페셜티케미컬","83300","4100","5.18","26","3203.85",,,"4398","18.94","0","0.00"
"086890","이수앱지스","3380","150","4.64",,,,,"2822","1.20","0","0.00"
"007660","이수페타시스","122400","-800","-0.65","2278","53.73","4253","28.78","10292","11.89","230","0.19"
"005950","이수화학","16700","1480","9.72",,,,,"3655","4.57","0","0.00"
"015020","이스타코","928","0","0.00",,,,,"1882","0.49","0","0.00"
"047560","이스트소프트","9490","-490","-4.91",,,,,"4825","1.97","0","0.00"
"239340","이스트에이드","769","-33","-4.11",,,,,"534","1.44","0","0.00"
"067010","이씨에스","2055","76","3.84","56","36.70",,,"4713","0.44","50","2.43"
"456070","이엔셀","8800","20","0.23",,,,,"3609","2.44","0","0.00"
"102710","이엔에프테크놀로지","52000","5550","11.95","3635","14.31","5065","10.27","31327","1.66","200","0.38"
"074610","이엔플러스","5110","0","0.00","111","46.04",,,"1932","2.64","0","0.00"
"041520","이엘씨","9620","70","0.73","706","13.63",,,"14791","0.65","365","3.79"
"063760","이엘피","2780","-20","-0.71","306","9.08",,,"7586","0.37","100","3.60"
"123570","이엠넷","1771","2","0.11","92","19.25",,,"4480","0.40","60","3.39"
"083470","이엠앤아이","930","97","11.64",,,,,"485","1.92","0","0.00"
"091120","이엠텍","4270","0","0.00",,,,,"12360","0.35","0","0.00"
"102460","이연제약","9900","0","0.00",,,,,"12010","0.82","0","0.00"
"039030","이오테크닉스","612000","108000","21.43","4689","130.52","11018","55.54","55838","10.96","1200","0.20"
"294090","이오플로우","1490","0","0.00",,,,,,,"0","0.00"
"088290","이원컴포텍","2260","165","7.88",,,,,"1195","1.89","0","0.00"
"084680","이월드","1270","52","4.27",,,,,"1515","0.84","0","0.00"
"353810","이지바이오","6730","160","2.44","840","8.01","1273","5.29","3240","2.08","250","3.71"
"261520","이지스","4760","220","4.85",,,,,"5008","0.95","0","0.00"
"099750","이지케어텍","7670","200","2.68","171","44.85",,,"2727","2.81","0","0.00"
"377330","이지트로닉스","2920","70","2.46",,,,,"4829","0.60","0","0.00"
"035810","이지홀딩스","4420","140","3.27","415","10.65",,,"10821","0.41","1361","30.79"
"092130","이크레더블","14270","280","2.00","1069","13.35","1204","11.85","3547","4.02","850","5.96"
"134060","이퓨쳐","4790","195","4.24","326","14.69",,,"6177","0.78","250","5.22"
"001840","이화공영","2215","0","0.00","131","16.91",,,"550","4.03","0","0.00"
"000760","이화산업","12580","50","0.40",,,,,"47844","0.26","0","0.00"
"014990","인디에프","480","0","0.00",,,,,"505","0.95","0","0.00"
"041830","인바디","44350","-1850","-4.00","2423","18.30","3562","12.45","23830","1.86","600","1.35"
"352940","인바이오","2030","25","1.25","93","21.83",,,"3898","0.52","0","0.00"
"101140","인바이오젠","6960","160","2.35",,,,,"15788","0.44","0","0.00"
"079950","인베니아","1017","35","3.56",,,,,"2234","0.46","0","0.00"
"0007J0","인벤테라","11180","380","3.52",,,,,"2145","5.21","0","0.00"
"389470","인벤티지랩","44850","450","1.01",,,,,"5163","8.69","0","0.00"
"277410","인산가","833","17","2.08","17","49.00",,,"1729","0.48","20","2.40"
"060150","인선이엔티","3445","125","3.77",,,,,"7036","0.49","0","0.00"
"033230","인성정보","1266","21","1.69",,,,,"1738","0.73","0","0.00"
"450520","인스웨이브","2240","85","3.94",,,,,"2755","0.81","0","0.00"
"006490","인스코비","303","6","2.02",,,,,"121","2.50","0","0.00"
"465480","인스피언","4380","135","3.18","264","16.59",,,"5526","0.79","100","2.28"
"037330","인지디스플레","1124","44","4.07","145","7.75",,,"4182","0.27","35","3.11"
"100030","인지소프트","17600","100","0.57","8108","2.17",,,"26761","0.66","1126","6.40"
"023800","인지컨트롤스","5840","180","3.18","1043","5.60",,,"14627","0.40","270","4.62"
"034590","인천도시가스","26200","250","0.96","4650","5.63",,,"57765","0.45","1375","5.25"
"211050","인카금융서비스","9800","-30","-0.31","1480","6.62",,,"4391","2.23","370","3.78"
"083640","인콘","1275","3","0.24",,,,,"4835","0.26","0","0.00"
"064090","인크레더블버즈","798","0","0.00",,,,,"1343","0.59","0","0.00"
"216050","인크로스","5830","10","0.17","993","5.87",,,"10770","0.54","298","5.11"
"049070","인탑스","19320","1120","6.15","1023","18.89","1901","10.16","42138","0.46","200","1.04"
"119610","인터로조","17620","-330","-1.84","1007","17.50","2192","8.04","12297","1.43","650","3.69"
"017250","인터엠","1039","16","1.56","101","10.29",,,"2085","0.50","0","0.00"
"129260","인터지스","2010","59","3.02","348","5.78",,,"10387","0.19","100","4.98"
"051370","인터플렉스","9480","230","2.49","1410","6.72","1461","6.49","13306","0.71","0","0.00"
"064290","인텍플러스","42400","-1600","-3.64",,,"1266","33.49","3765","11.26","0","0.00"
"189300","인텔리안테크","104800","800","0.77","724","144.75","4173","25.11","26101","4.02","200","0.19"
"287840","인투셀","22350","-1500","-6.29",,,,,"1650","13.55","0","0.00"
"048530","인트론바이오","2590","35","1.37",,,,,"2210","1.17","0","0.00"
"070590","인티큐브","1611","-49","-2.95","58","27.78",,,"954","1.69","0","0.00"
"023810","인팩","5520","230","4.35","1196","4.62",,,"13223","0.42","180","3.26"
"115310","인포바인","7850","90","1.16","893","8.79",,,"12978","0.60","240","3.06"
"039290","인포뱅크","3000","25","0.84",,,,,"7795","0.38","0","0.00"
"071200","인피니트헬스케어","7630","220","2.97","1083","7.05",,,"7866","0.97","100","1.31"
"101930","인화정공","9020","290","3.32","553","16.31",,,"7394","1.22","300","3.33"
"249420","일동제약","19270","700","3.77","942","20.46","1524","12.64","7821","2.46","200","1.04"
"000230","일동홀딩스","7220","220","3.14","967","7.47",,,"14623","0.49","100","1.39"
"013360","일성건설","1258","56","4.66","51","24.67",,,"1354","0.93","0","0.00"
"003120","일성아이에스","19970","370","1.89","170","117.47",,,"53943","0.37","1200","6.01"
"333430","일승","3915","80","2.09","243","16.11",,,"1494","2.62","0","0.00"
"068330","일신바이오","1123","24","2.18","115","9.77",,,"1555","0.72","10","0.89"
"003200","일신방직","10940","270","2.53","1555","7.04",,,"42582","0.26","400","3.66"
"007110","일신석재","1077","49","4.77",,,,,"758","1.42","0","0.00"
"007570","일양약품","8530","330","4.02","375","22.75",,,"12934","0.66","155","1.82"
"007575","일양약품우","8120","480","6.28",,,,,,,"180","2.22"
"178780","일월지엠엘","2235","-50","-2.19","298","7.50",,,"2249","0.99","250","11.19"
"008500","일정실업","806","54","7.18","2775","0.29",,,"3224","0.25","100","12.41"
"019540","일지테크","6170","160","2.66","3457","1.78",,,"14517","0.43","150","2.43"
"081000","일진다이아","10660","460","4.51","483","22.07",,,"29014","0.37","300","2.81"
"020760","일진디스플","902","0","0.00",,,,,"555","1.63","0","0.00"
"103590","일진전기","81800","4000","5.14","2179","37.54","3481","23.50","12347","6.63","500","0.61"
"094820","일진파워","14200","940","7.09","1250","11.36",,,"9773","1.45","360","2.54"
"271940","일진하이솔루스","13510","1210","9.84",,,,,"8677","1.56","0","0.00"
"015860","일진홀딩스","7010","290","4.32","765","9.16",,,"11438","0.61","200","2.85"
"226320","잇츠한불","9770","50","0.51","949","10.30",,,"22121","0.44","275","2.81"
"049550","잉크테크","3100","55","1.81","128","24.22",,,"3991","0.78","0","0.00"
"389020","자람테크놀로지","32650","1300","4.15",,,"74","439.73","5756","5.67","0","0.00"
"254120","자비스","1003","41","4.26",,,,,"811","1.24","0","0.00"
"043910","자연과환경","3015","35","1.17",,,,,"7300","0.41","0","0.00"
"234920","자이글","5310","0","0.00",,,,,"1431","3.71","0","0.00"
"289220","자이언트스텝","1720","-29","-1.66",,,,,"2337","0.74","0","0.00"
"317400","자이에스앤디","3680","265","7.76","895","4.11","1040","3.54","11817","0.31","150","4.08"
"033240","자화전자","35050","50","0.14","2284","15.35","3746","9.36","21665","1.62","0","0.00"
"049630","재영솔루텍","9100","-60","-0.66","440","20.68",,,"4370","2.08","0","0.00"
"417840","저스템","17500","2310","15.21","163","107.36","1436","12.18","2503","6.99","0","0.00"
"000950","전방","27200","550","2.06","26160","1.04",,,"199651","0.14","1000","3.68"
"079900","전진건설로봇","57200","6500","12.82","2172","26.34","2414","23.70","10701","5.35","1389","2.43"
"110020","전진바이오팜","1807","9","0.50",,,,,"1922","0.94","0","0.00"
"208140","정다운","2255","15","0.67","186","12.12",,,"3997","0.56","200","8.87"
"040420","정상제이엘에스","5720","40","0.70","444","12.88","529","10.80","5585","1.02","530","9.27"
"045510","정원엔시스","837","32","3.98","36","23.25",,,"1433","0.58","0","0.00"
"217190","제너셈","5880","440","8.09","71","82.82",,,"3826","1.54","50","0.85"
"095700","제넥신","3005","-15","-0.50",,,,,"5426","0.55","0","0.00"
"122310","제노레이","3500","5","0.14","61","57.38",,,"6636","0.53","150","4.29"
"361390","제노코","17370","650","3.89",,,"369","47.04","5883","2.95","0","0.00"
"225220","제놀루션","1444","-16","-1.10",,,,,"3786","0.38","0","0.00"
"123330","제닉","22250","-50","-0.22","2414","9.22","3294","6.75","5246","4.24","0","0.00"
"381620","제닉스로보틱스","8740","560","6.85",,,,,"3730","2.34","0","0.00"
"159580","제로투세븐","2600","15","0.58","172","15.12",,,"4161","0.62","50","1.92"
"147830","제룡산업","7650","220","2.96","600","12.75",,,"4503","1.70","300","3.92"
"033100","제룡전기","51800","1000","1.97","3655","14.17",,,"14901","3.48","1100","2.12"
"079370","제우스","12120","570","4.94",,,,,"10867","1.12","50","0.41"
"054950","제이브이엠","22200","200","0.91","2461","9.02","2944","7.54","20312","1.09","650","2.93"
"090470","제이스로보틱스","6040","620","11.44",,,,,"7841","0.77","50","0.83"
"023440","제이스코홀딩스","521","0","0.00",,,,,"616","0.85","0","0.00"
"137950","제이씨케미칼","2975","-95","-3.09",,,,,"6691","0.44","50","1.68"
"033320","제이씨현시스템","3275","35","1.08","462","7.09",,,"6135","0.53","50","1.53"
"417500","제이아이테크","3565","170","5.01","215","16.58",,,"2405","1.48","100","2.81"
"204270","제이앤티씨","16420","140","0.86",,,"1735","9.47","4333","3.79","0","0.00"
"127120","제이에스링크","32950","100","0.30",,,,,"2147","15.35","0","0.00"
"194370","제이에스코퍼레이션","11490","-210","-1.79","2692","4.27","3763","3.05","18174","0.63","600","5.22"
"026040","제이에스티나","2030","83","4.26","125","16.24",,,"2999","0.68","100","4.93"
"452160","제이엔비","4290","360","9.16",,,,,"4084","1.05","100","2.33"
"126880","제이엔케이글로벌","3115","30","0.97","126","24.72",,,"6844","0.46","50","1.61"
"322510","제이엘케이","5210","920","21.45",,,,,"1631","3.19","0","0.00"
"033050","제이엠아이","865","-3","-0.35","108","8.01",,,"1841","0.47","0","0.00"
"094970","제이엠티","2940","115","4.07","853","3.45",,,"8646","0.34","60","2.04"
"418550","제이오","5890","230","4.06",,,,,"5708","1.03","0","0.00"
"060230","제이케이시냅스","296","18","6.47",,,,,"1657","0.18","0","0.00"
"420570","제이투케이바이오","7340","-10","-0.14","459","15.99",,,"5775","1.27","250","3.41"
"089790","제이티","5060","420","9.05",,,,,"6972","0.73","0","0.00"
"0010V0","제이피아이헬스케어","8400","310","3.83","1232","6.82",,,"12444","0.68","250","2.98"
"030000","제일기획","20450","1140","5.90","2049","9.98","2024","10.10","15525","1.32","1230","6.01"
"271980","제일약품","10230","80","0.79","1605","6.37",,,"14485","0.71","0","0.00"
"412540","제일엠앤에스","3935","0","0.00",,,,,,,"0","0.00"
"001560","제일연마","9840","40","0.41","2042","4.82",,,"16369","0.60","721","7.33"
"199820","제일일렉트릭","9700","400","4.30","298","32.55",,,"7066","1.37","100","1.03"
"038010","제일테크노스","5980","200","3.46","1194","5.01",,,"16307","0.37","120","2.01"
"002620","제일파마홀딩스","7150","50","0.70","953","7.50",,,"20763","0.34","70","0.98"
"080220","제주반도체","102500","5500","5.67","1173","87.38",,,"6742","15.20","0","0.00"
"006220","제주은행","12290","20","0.16","226","54.38",,,"17124","0.72","100","0.81"
"089590","제주항공","4340","190","4.58",,,,,"3415","1.27","0","0.00"
"216080","제테마","4855","15","0.31",,,"247","19.69","1818","2.67","0","0.00"
"337930","젝시믹스","3475","50","1.46","400","8.69",,,"3915","0.89","200","5.76"
"229000","젠큐릭스","2035","-30","-1.45",,,,,"939","2.17","0","0.00"
"082270","젬백스","13240","330","2.56",,,,,"1351","9.80","0","0.00"
"004910","조광페인트","3540","40","1.14",,,,,"20669","0.17","200","5.65"
"004700","조광피혁","62600","1800","2.96","3248","19.27",,,"162644","0.38","0","0.00"
"001550","조비","10700","310","2.98","380","28.16",,,"10535","1.02","0","0.00"
"462520","조선내화","14490","280","1.97","188","77.07",,,"18686","0.78","1000","6.90"
"120030","조선선재","89100","2100","2.41","9974","8.93",,,"176087","0.51","500","0.56"
"034940","조아제약","655","10","1.55",,,,,"807","0.81","0","0.00"
"067000","조이시티","1196","11","0.93",,,,,"1240","0.96","0","0.00"
"309930","조이웍스앤코","1541","36","2.39",,,,,"1029","1.50","0","0.00"
"018470","조일알미늄","1139","36","3.26","63","18.08",,,"1655","0.69","0","0.00"
"002600","조흥","137500","100","0.07","13470","10.21",,,"252447","0.54","6000","4.36"
"018700","졸스","1292","-44","-3.29",,,,,"2319","0.56","0","0.00"
"185750","종근당","70800","1000","1.43","5882","12.04","4890","14.48","76180","0.93","500","0.71"
"063160","종근당바이오","15950","360","2.31",,,,,"23156","0.69","0","0.00"
"001630","종근당홀딩스","41550","700","1.71","8493","4.89",,,"133813","0.31","1400","3.37"
"033340","좋은사람들","838","24","2.95",,,,,"592","1.42","0","0.00"
"036930","주성엔지니어링","231000","-14500","-5.91","781","295.77","2138","108.05","12922","17.88","53","0.02"
"109070","주성코퍼레이션","1500","-12","-0.79","39","38.46",,,"548","2.74","0","0.00"
"044380","주연테크","1498","61","4.24",,,,,"2930","0.51","0","0.00"
"072020","중앙백신","9810","400","4.25","656","14.95",,,"11383","0.86","200","2.04"
"000440","중앙에너비스","15510","-190","-1.21",,,,,"11730","1.32","353","2.28"
"051980","중앙첨단소재","1348","-12","-0.88",,,,,"936","1.44","0","0.00"
"221800","지구홀딩스","8410","150","1.82",,,,,"3123","2.69","100","1.19"
"228760","지노믹트리","12600","330","2.69",,,,,"4790","2.63","0","0.00"
"314130","지놈앤컴퍼니","5400","-230","-4.09",,,,,"2402","2.25","0","0.00"
"013890","지누스","9610","250","2.67",,,,,"29617","0.32","90","0.94"
"389030","지니너스","2825","-55","-1.91",,,,,"273","10.35","0","0.00"
"263860","지니언스","14130","130","0.93","867","16.30","1371","10.30","7171","1.97","300","2.12"
"303030","지니틱스","1999","81","4.22",,,,,"1205","1.66","0","0.00"
"208350","지란지교시큐리티","2890","40","1.40","234","12.35",,,"6382","0.45","0","0.00"
"446840","지슨","1008","0","0.00",,,"132","7.63","138","7.30","0","0.00"
"144510","지씨셀","16830","140","0.84",,,,,"12404","1.36","0","0.00"
"340450","지씨지놈","5330","130","2.50","185","28.81",,,"3310","1.61","0","0.00"
"306620","지아이에스","2490","-10","-0.40",,,,,"1025","2.43","0","0.00"
"358570","지아이이노베이션","11870","-1950","-14.11",,,,,"1824","6.51","0","0.00"
"382480","지아이텍","2050","98","5.02","17","120.59",,,"2160","0.95","11","0.54"
"382800","지앤비에스 에코","6300","100","1.61","199","31.66","857","7.35","3701","1.70","120","1.90"
"051160","지어소프트","7330","160","2.23","915","8.01",,,"10737","0.68","0","0.00"
"053050","지에스이","2000","17","0.86","129","15.50",,,"3237","0.62","40","2.00"
"388610","지에프씨생명과학","6810","320","4.93","115","59.22",,,"4541","1.50","0","0.00"
"493330","지에프아이","12630","180","1.45",,,,,"7719","1.64","0","0.00"
"119850","지엔씨에너지","22000","750","3.53","2565","8.58",,,"13535","1.63","150","0.68"
"065060","지엔코","4085","-200","-4.67",,,,,"8590","0.48","0","0.00"
"204840","지엘팜텍","890","0","0.00",,,,,"257","3.46","0","0.00"
"013870","지엠비코리아","3990","65","1.66","762","5.24",,,"15206","0.26","250","6.27"
"071320","지역난방공사","71500","1400","2.00","28102","2.54","20242","3.53","198762","0.36","6157","8.61"
"311320","지오엘리먼트","7310","140","1.95","433","16.88","488","14.99","4668","1.57","60","0.82"
"456160","지투지바이오","45350","-850","-1.84",,,,,"3553","12.76","0","0.00"
"388050","지투파워","8660","190","2.24","297","29.16",,,"2252","3.85","100","1.15"
"088790","진도","2620","85","3.35","330","7.94",,,"8950","0.29","150","5.73"
"018120","진로발효","17250","340","2.01","1835","9.40",,,"13837","1.25","1250","7.25"
"109820","진매트릭스","1633","12","0.74",,,,,"875","1.87","0","0.00"
"086060","진바이오텍","3890","-5","-0.13","440","8.84",,,"6387","0.61","50","1.29"
"036890","진성티이씨","15360","310","2.06","1633","9.41",,,"14795","1.04","330","2.15"
"363250","진시스템","3760","55","1.48",,,,,"1151","3.27","0","0.00"
"003780","진양산업","5350","50","0.94","534","10.02",,,"5164","1.04","358","6.69"
"007370","진양제약","4100","130","3.27","1828","2.24",,,"11310","0.36","150","3.66"
"010640","진양폴리","2215","15","0.68","138","16.05",,,"2702","0.82","150","6.77"
"100250","진양홀딩스","2955","10","0.34","313","9.44",,,"6483","0.46","200","6.77"
"051630","진양화학","2180","-90","-3.96","42","51.90",,,"1873","1.16","0","0.00"
"272450","진에어","5510","240","4.55",,,"79","69.79","4355","1.27","0","0.00"
"285800","진영","1066","-13","-1.20",,,,,"2011","0.53","0","0.00"
"011000","진원생명과학","918","0","0.00",,,,,"480","1.91","0","0.00"
"002780","진흥기업","896","22","2.52",,,,,"1644","0.55","0","0.00"
"002787","진흥기업2우B","7540","-480","-5.99",,,,,,,"0","0.00"
"002785","진흥기업우B","3140","140","4.67",,,,,,,"0","0.00"
"025620","차AI헬스케어","6420","110","1.74","181","35.47",,,"4147","1.55","0","0.00"
"085660","차바이오텍","11880","140","1.19",,,,,"3732","3.18","0","0.00"
"351870","차이커뮤니케이션","2620","-75","-2.78","108","24.26",,,"4809","0.54","0","0.00"
"009310","참엔지니어링","5330","0","0.00",,,,,"18778","0.28","0","0.00"
"094850","참좋은여행","4475","175","4.07","807","5.55",,,"7354","0.61","150","3.35"
"004650","창해에탄올","9220","100","1.10","1749","5.27",,,"18768","0.49","600","6.51"
"0011T0","채비","8860","520","6.24",,,,,"1822","4.86","0","0.00"
"278280","천보","42550","-300","-0.70",,,"123","344.90","36443","1.17","0","0.00"
"000650","천일고속","195000","-700","-0.36",,,,,"6716","29.04","0","0.00"
"362320","청담글로벌","4450","380","9.34","93","47.85",,,"4268","1.04","0","0.00"
"066360","체리부로","777","-22","-2.75","496","1.57",,,"2100","0.37","0","0.00"
"033250","체시스","4420","110","2.55","985","4.49",,,"7090","0.62","0","0.00"
"047820","초록뱀미디어","4295","495","13.03","115","37.35",,,"11069","0.39","0","0.00"
"094360","칩스앤미디어","14620","880","6.40","291","50.24","487","30.00","4120","3.55","116","0.79"
"0082N0","카나프테라퓨틱스","19520","-30","-0.15",,,,,"1135","17.20","0","0.00"
"016920","카스","854","14","1.67",,,,,"2772","0.31","10","1.17"
"284620","카이노스메드","1087","0","0.00",,,,,"35","31.06","0","0.00"
"035720","카카오","41500","2200","5.60","1118","37.12","1723","24.09","25625","1.62","75","0.18"
"293490","카카오게임즈","8940","230","2.64",,,,,"13314","0.67","0","0.00"
"323410","카카오뱅크","23750","350","1.50","1008","23.56","1284","18.50","14166","1.68","460","1.94"
"377300","카카오페이","44650","-150","-0.33","335","133.28","983","45.42","14062","3.18","0","0.00"
"140430","카티스","2280","135","6.29",,,,,"3790","0.60","0","0.00"
"042000","카페24","19000","-370","-1.91","1615","11.76","1706","11.13","10998","1.73","0","0.00"
"006380","카프로","3660","0","0.00",,,,,"454","8.06","0","0.00"
"313760","캐리","468","0","0.00",,,,,"1920","0.24","0","0.00"
"071850","캐스텍코리아","1475","18","1.24",,,,,"2283","0.65","0","0.00"
"198080","캐프","2775","120","4.52","904","3.07",,,"6111","0.45","0","0.00"
"210120","캔버스엔","930","0","0.00",,,,,"413","2.25","0","0.00"
"050110","캠시스","1204","-30","-2.43",,,,,"3209","0.38","0","0.00"
"452300","캡스톤파트너스","2890","40","1.40","163","17.73",,,"2434","1.19","29","1.00"
"451760","컨텍","13420","130","0.98",,,"550","24.42","5646","2.38","0","0.00"
"078340","컴투스","25450","200","0.79","3192","7.97","2858","8.91","86968","0.29","1300","5.11"
"063080","컴투스홀딩스","14370","800","5.90","1661","8.65",,,"38461","0.37","0","0.00"
"307930","컴퍼니케이","7190","60","0.84","464","15.50",,,"5253","1.37","160","2.23"
"079190","케스피온","800","133","19.94",,,,,"702","1.14","0","0.00"
"263700","케어랩스","1967","67","3.53","989","1.99",,,"3531","0.56","0","0.00"
"214370","케어젠","74800","-7200","-8.78","411","182.00",,,"4348","17.20","437","0.58"
"221980","케이디켐","10140","140","1.40","936","10.83",,,"27391","0.37","500","4.93"
"038530","케이바이오랩스","919","-12","-1.29",,,,,"2305","0.40","0","0.00"
"279570","케이뱅크","6570","350","5.63","294","22.35","362","18.17","5781","1.14","0","0.00"
"001620","케이비아이동국실업","2465","90","3.79","1415","1.74",,,"11830","0.21","0","0.00"
"192250","케이사인","8370","100","1.21","371","22.56",,,"13139","0.64","200","2.39"
"431190","케이쓰리아이","2630","-15","-0.57",,,,,"4544","0.58","0","0.00"
"029460","케이씨","33450","2000","6.36","3947","8.47",,,"77202","0.43","430","1.29"
"115500","케이씨에스","12100","320","2.72","211","57.35",,,"1640","7.38","180","1.49"
"281820","케이씨텍","87100","10700","14.01","2686","32.43",,,"26877","3.24","450","0.52"
"089150","케이씨티","2165","60","2.85","162","13.36",,,"2095","1.03","80","3.70"
"025880","케이씨피드","2570","65","2.59","655","3.92",,,"5071","0.51","165","6.42"
"093320","케이아이엔엑스","125200","10800","9.44","3535","35.42",,,"42214","2.97","600","0.48"
"093640","케이알엠","3295","-30","-0.90",,,,,"2159","1.53","0","0.00"
"073010","케이에스피","3625","135","3.87","164","22.10",,,"2074","1.75","20","0.55"
"105330","케이엔더블유","9220","50","0.55",,,,,"7691","1.20","0","0.00"
"053080","케이엔솔","11680","460","4.10",,,,,"9562","1.22","0","0.00"
"199430","케이엔알시스템","15670","770","5.17",,,,,"2081","7.53","0","0.00"
"432470","케이엔에스","9380","350","3.88",,,,,"6412","1.46","0","0.00"
"272110","케이엔제이","38600","2950","8.27","3271","11.80",,,"12376","3.12","0","0.00"
"039420","케이엘넷","2695","35","1.32","449","6.00",,,"3233","0.83","100","3.71"
"083550","케이엠","2850","235","8.99","336","8.48",,,"10326","0.28","50","1.75"
"032500","케이엠더블유","27650","1150","4.34",,,"1392","19.87","3211","8.61","0","0.00"
"225430","케이엠제약","2085","-80","-3.70",,,,,"5070","0.41","0","0.00"
"102370","케이옥션","2695","50","1.89",,,,,"4059","0.66","0","0.00"
"068100","케이웨더","2285","15","0.66",,,,,"1162","1.97","0","0.00"
"106080","케이이엠텍","1650","0","0.00",,,,,"5205","0.32","0","0.00"
"455180","케이지에이","1887","126","7.16",,,,,"3014","0.63","0","0.00"
"381970","케이카","9520","1000","11.74","1050","9.07","1126","8.45","4587","2.08","1200","12.61"
"036030","케이티알파","4605","-5","-0.11","890","5.17",,,"6183","0.74","280","6.08"
"064820","케이프","10230","290","2.92","2008","5.09",,,"9768","1.05","700","6.84"
"024880","케이피에프","4350","135","3.20","1000","4.35",,,"13491","0.32","701","16.11"
"042040","케이피엠테크","749","0","0.00",,,,,"2850","0.26","0","0.00"
"054410","케이피티유","2920","5","0.17","386","7.56",,,"9569","0.31","0","0.00"
"288180","케이피항공산업","14250","1980","16.14",,,,,,,"0","0.00"
"258610","케일럼","1029","23","2.29",,,,,"1239","0.83","0","0.00"
"274090","켄코아에어로스페이스","20700","-400","-1.90",,,,,"12229","1.69","0","0.00"
"089010","켐트로닉스","30350","1050","3.58","667","45.50","2504","12.12","14012","2.17","220","0.72"
"220260","켐트로스","4750","190","4.17",,,,,"2061","2.30","0","0.00"
"052400","코나아이","49950","100","0.20","5176","9.65","7958","6.28","17996","2.78","1200","2.40"
"402030","코난테크놀로지","14040","-310","-2.16",,,,,"2361","5.95","0","0.00"
"391710","코닉오토메이션","1683","91","5.72",,,,,"577","2.92","0","0.00"
"046070","코다코","10280","0","0.00",,,,,"885","11.62","0","0.00"
"047770","코데즈컴바인","2760","110","4.15","117","23.59",,,"1855","1.49","0","0.00"
"080530","코디","2440","95","4.05","520","4.69",,,"5300","0.46","0","0.00"
"104540","코렌텍","4155","5","0.12","489","8.50",,,"5844","0.71","0","0.00"
"027050","코리아나","1483","38","2.63",,,,,"2600","0.57","0","0.00"
"007815","코리아써우","27450","1450","5.58",,,,,,,"105","0.38"
"007810","코리아써키트","134400","-4800","-3.45","1726","77.87","5123","26.23","16070","8.36","100","0.07"
"00781K","코리아써키트2우B","22900","1050","4.81",,,,,,,"105","0.46"
"190650","코리아에셋투자증권","7400","390","5.56","1210","6.12",,,"15266","0.48","550","7.43"
"123410","코리아에프티","6290","230","3.80","1577","3.99",,,"9358","0.67","200","3.18"
"003690","코리안리","13580","90","0.67","1587","8.56","2209","6.15","20843","0.65","570","4.20"
"036690","코맥스","2885","0","0.00",,,,,"633","4.56","0","0.00"
"049430","코메론","18200","200","1.11","2510","7.25","2575","7.07","28066","0.65","700","3.85"
"183300","코미코","124900","-14300","-10.27","2514","49.68","3702","33.74","13654","9.15","1400","1.12"
"041960","코미팜","8560","190","2.27",,,,,"967","8.85","0","0.00"
"089890","코세스","37900","150","0.40","827","45.83",,,"4635","8.18","0","0.00"
"360350","코셈","8990","-450","-4.77",,,,,"3533","2.54","0","0.00"
"082660","코스나인","480","0","0.00",,,,,"222","2.16","0","0.00"
"043710","코스리거글로벌","4055","115","2.92",,,,,"2065","1.96","0","0.00"
"192820","코스맥스","168600","2700","1.63","10847","15.54","14173","11.90","49196","3.43","3300","1.96"
"044820","코스맥스비티아이","17760","-30","-0.17","3056","5.81",,,"28837","0.62","780","4.39"
"222040","코스맥스엔비티","6670","-230","-3.33",,,"987","6.76","2152","3.10","0","0.00"
"241710","코스메카코리아","68800","-1600","-2.27","4255","16.17","6901","9.97","23663","2.91","370","0.54"
"439960","코스모로보틱스","19330","-660","-3.30",,,,,"524","36.89","0","0.00"
"005070","코스모신소재","45050","2200","5.13",,,"569","79.15","15288","2.95","0","0.00"
"005420","코스모화학","12970","700","5.70",,,,,"5730","2.26","0","0.00"
"355150","코스텍시스","33900","500","1.50",,,"1501","22.59","3033","11.18","0","0.00"
"071950","코아스","2085","-370","-15.07",,,,,"2919","0.71","0","0.00"
"166480","코아스템켐온","2515","-15","-0.59",,,,,"1147","2.19","0","0.00"
"045970","코아시아","3940","390","10.99",,,,,"3100","1.27","0","0.00"
"196450","코아시아씨엠","1001","41","4.27","71","14.10",,,"1300","0.77","0","0.00"
"384470","코어라인소프트","3560","260","7.88",,,,,"989","3.60","0","0.00"
"002020","코오롱","51400","-200","-0.39",,,"5758","8.93","132503","0.39","550","1.07"
"003070","코오롱글로벌","9280","180","1.98",,,"3115","2.98","26910","0.34","400","4.31"
"003075","코오롱글로벌우","13600","90","0.67",,,,,,,"450","3.31"
"102940","코오롱생명과학","49600","400","0.81","2001","24.79",,,"45249","1.10","0","0.00"
"002025","코오롱우","24300","350","1.46",,,,,,,"600","2.47"
"120110","코오롱인더","73800","1900","2.64","225","328.00","6652","11.09","129709","0.57","1300","1.76"
"120115","코오롱인더우","25750","700","2.79",,,,,,,"1350","5.24"
"021240","코웨이","89000","-3000","-3.26","8630","10.31","10633","8.37","51065","1.74","1957","2.20"
"056360","코위버","7230","390","5.70","379","19.08",,,"17332","0.42","50","0.69"
"282880","코윈테크","12560","330","2.70","148","84.86","1372","9.15","15009","0.84","200","1.59"
"121850","코이즈","1715","87","5.34",,,,,"395","4.34","0","0.00"
"448710","코츠테크놀로지","13720","370","2.77","1627","8.43","1939","7.07","11871","1.16","150","1.09"
"126730","코칩","21500","500","2.38","357","60.22",,,"7001","3.07","400","1.86"
"015710","코콤","3015","25","0.84","343","8.79",,,"7612","0.40","150","4.98"
"052330","코텍","11460","240","2.14","2221","5.16",,,"27942","0.41","300","2.62"
"322780","코퍼스코리아","2150","-5","-0.23",,,,,"2990","0.72","0","0.00"
"036420","콘텐트리중앙","4995","555","12.50",,,,,"7612","0.66","0","0.00"
"200130","콜마비앤에이치","9220","-170","-1.81",,,,,"12503","0.74","75","0.81"
"024720","콜마홀딩스","8210","20","0.24","683","12.02",,,"17926","0.46","270","3.29"
"294570","쿠콘","22400","750","3.46","2127","10.53","2239","10.00","16970","1.32","300","1.34"
"192400","쿠쿠홀딩스","25850","-150","-0.58","4685","5.52",,,"42527","0.61","1550","6.00"
"284740","쿠쿠홈시스","22500","-50","-0.22","5330","4.22",,,"48373","0.47","1200","5.33"
"464490","쿼드메디슨","7800","20","0.26",,,,,"2716","2.87","0","0.00"
"317690","퀀타매트릭스","2935","55","1.91",,,,,"1998","1.47","0","0.00"
"432720","퀄리타스반도체","14210","1010","7.65",,,,,"2568","5.53","0","0.00"
"365270","큐라클","12000","150","1.27",,,,,"1765","6.80","0","0.00"
"348080","큐라티스","464","19","4.27",,,,,"541","0.86","0","0.00"
"060280","큐렉소","11000","430","4.07","67","164.18","182","60.48","2342","4.70","0","0.00"
"372320","큐로셀","28800","200","0.70",,,,,"348","82.76","0","0.00"
"051780","큐로홀딩스","3800","50","1.33",,,,,"3620","1.05","0","0.00"
"115180","큐리언트","25400","-1550","-5.75",,,,,"904","28.10","0","0.00"
"494120","큐리오시스","27300","300","1.11",,,,,"3703","7.37","0","0.00"
"445680","큐리옥스바이오시스템즈","68900","-500","-0.72",,,,,"3084","22.34","0","0.00"
"182360","큐브엔터","6990","630","9.91",,,,,"10823","0.65","0","0.00"
"405100","큐알티","15950","810","5.35","247","64.57","1207","13.22","7641","2.09","480","3.01"
"066310","큐에스아이","10000","340","3.52","282","35.46",,,"9645","1.04","100","1.00"
"377460","큐에이드","4080","0","0.00","206","19.81",,,"915","4.46","0","0.00"
"016600","큐캐피탈","3945","-185","-4.48","175","22.54",,,"10119","0.39","0","0.00"
"355390","크라우드웍스","2880","-230","-7.40",,,,,"1265","2.28","0","0.00"
"264900","크라운제과","8420","390","4.86","964","8.73",,,"17790","0.47","280","3.33"
"26490K","크라운제과우","8200","140","1.74",,,,,,,"282","3.44"
"005740","크라운해태홀딩스","5870","160","2.80","1224","4.80",,,"23555","0.25","130","2.21"
"005745","크라운해태홀딩스우","6200","290","4.91",,,,,,,"135","2.18"
"259960","크래프톤","237000","4000","1.72","16454","14.40","25587","9.26","157747","1.50","2240","0.95"
"096240","크레버스","9440","260","2.83","702","13.45",,,"5570","1.69","800","8.47"
"040350","크레오에스지","11610","-340","-2.85",,,,,"2430","4.78","0","0.00"
"110790","크리스에프앤씨","3280","-5","-0.15","615","5.33",,,"17440","0.19","320","9.76"
"045520","크린앤사이언스","2915","435","17.54",,,,,"2757","1.06","0","0.00"
"214150","클래시스","43950","-2900","-6.19","2017","21.79","3108","14.14","8487","5.18","1000","2.28"
"466100","클로봇","36450","400","1.11",,,,,"2415","15.09","0","0.00"
"237880","클리오","10740","200","1.90","755","14.23","1188","9.04","13864","0.77","250","2.33"
"139670","키네마스터","1650","10","0.61","242","6.82",,,"1790","0.92","0","0.00"
"020120","키다리스튜디오","3315","65","2.00","179","18.52",,,"5485","0.60","0","0.00"
"475430","키스트론","4445","130","3.01","551","8.07",,,"10628","0.42","50","1.12"
"487720","키움제10호스팩","2030","0","0.00",,,,,,,"0","0.00"
"489480","키움제11호스팩","2030","5","0.25",,,,,,,"0","0.00"
"039490","키움증권","363500","22000","6.44","44379","8.19","58651","6.20","254008","1.43","11500","3.16"
"466690","키움히어로제1호스팩","2000","0","0.00",,,,,,,"0","0.00"
"0131D0","키움히어로제2호스팩","1980","-1","-0.05",,,,,,,"0","0.00"
"054780","키이스트","1621","95","6.23",,,,,"1995","0.81","0","0.00"
"256940","킵스파마","6290","-10","-0.16",,,,,"3088","2.04","0","0.00"
"219130","타이거일렉","78700","4200","5.64","835","94.25",,,"9226","8.53","0","0.00"
"336680","탑런토탈솔루션","3055","35","1.16","169","18.08",,,"4656","0.66","75","2.45"
"360070","탑머티리얼","12690","920","7.82",,,,,"13681","0.93","0","0.00"
"065130","탑엔지니어링","3350","0","0.00",,,,,"10304","0.33","0","0.00"
"134580","탑코미디어","1250","28","2.29",,,,,"661","1.89","0","0.00"
"014580","태경비케이","4100","135","3.40","866","4.73",,,"8538","0.48","150","3.66"
"015890","태경산업","4795","110","2.35","801","5.99",,,"10506","0.46","250","5.21"
"006890","태경케미컬","6460","80","1.25","770","8.39",,,"14876","0.43","180","2.79"
"023160","태광","29600","3500","13.41","2469","11.99","2251","13.15","24145","1.23","535","1.81"
"003240","태광산업","946000","44000","4.88","96033","9.85",,,"4669556","0.20","1750","0.18"
"011280","태림포장","2050","128","6.66",,,,,"4398","0.47","0","0.00"
"323280","태성","53600","1700","3.28",,,,,"4199","12.76","0","0.00"
"053620","태양","6790","10","0.15","1489","4.56",,,"24397","0.28","400","5.89"
"004100","태양금속","3130","100","3.30","94","33.30",,,"4175","0.75","10","0.32"
"004105","태양금속우","3875","225","6.16",,,,,,,"15","0.39"
"009410","태영건설","1770","25","1.43","191","9.27",,,"2037","0.87","0","0.00"
"009415","태영건설우","10300","1940","23.21",,,,,,,"0","0.00"
"044490","태웅","32300","850","2.70","271","119.19","1772","18.23","30459","1.06","0","0.00"
"124560","태웅로직스","2110","15","0.72",,,,,"6137","0.34","130","6.16"
"001420","태원물산","2350","80","3.52",,,,,"5683","0.41","200","8.51"
"191420","테고사이언스","8100","200","2.53",,,,,"6308","1.28","0","0.00"
"073640","테라사이언스","654","0","0.00",,,,,"283","2.31","0","0.00"
"066700","테라젠이텍스","2375","0","0.00","296","8.02",,,"3789","0.63","0","0.00"
"095610","테스","182200","11600","6.80","3244","56.17","5297","34.40","22090","8.25","850","0.47"
"055490","테이팩스","17790","680","3.97","423","42.06",,,"32645","0.54","200","1.12"
"064520","테크엘","1610","40","2.55",,,,,"4232","0.38","0","0.00"
"089030","테크윙","65300","4200","6.87","263","248.29","2715","24.05","6018","10.85","130","0.20"
"054450","텔레칩스","13070","740","6.00",,,"1268","10.30","9686","1.35","0","0.00"
"078000","텔코웨어","14280","300","2.15","1195","11.95",,,"21758","0.66","640","4.48"
"200230","텔콘RF제약","360","0","0.00",,,,,"1584","0.23","0","0.00"
"214420","토니모리","5630","190","3.49","466","12.08","769","7.32","4938","1.14","50","0.89"
"393210","토마토시스템","3020","105","3.60",,,,,"1683","1.79","0","0.00"
"475960","토모큐브","37600","-900","-2.34",,,"362","103.74","2912","12.91","0","0.00"
"215480","토박스코리아","2080","106","5.37",,,,,"3520","0.59","0","0.00"
"051360","토비스","17560","60","0.34","2857","6.15",,,"18607","0.94","350","1.99"
"045340","토탈소프트","6870","-90","-1.29","997","6.89",,,"4272","1.61","100","1.46"
"108230","톱텍","3530","60","1.73",,,,,"10549","0.33","100","2.83"
"079970","투비소프트","596","0","0.00","88","6.77",,,"1747","0.34","0","0.00"
"199800","툴젠","44750","550","1.24",,,,,"6229","7.18","0","0.00"
"417790","트루엔","6320","0","0.00","1156","5.47",,,"10450","0.60","200","3.16"
"091810","트리니티항공","789","49","6.62",,,,,"148","5.33","0","0.00"
"290090","트윔","4980","60","1.22",,,,,"8992","0.55","0","0.00"
"026150","특수건설","4300","200","4.88",,,,,"4922","0.87","29","0.67"
"464280","티디에스팜","6500","130","2.04","808","8.04",,,"8090","0.80","0","0.00"
"117730","티로보틱스","16660","950","6.05",,,,,"2304","7.23","0","0.00"
"033830","티비씨","400","0","0.00","40","10.00",,,"1389","0.29","14","3.50"
"057680","티사이언티픽","2220","-60","-2.63",,,,,"11950","0.19","0","0.00"
"204610","티쓰리","2540","80","3.25","308","8.25","277","9.17","1835","1.38","140","5.51"
"125020","티씨머티리얼즈","6830","-190","-2.71","51","133.92",,,"2222","3.07","0","0.00"
"064760","티씨케이","290000","12500","4.50","6138","47.25","10595","27.37","46452","6.24","1430","0.49"
"246710","티앤알바이오팹","2165","35","1.64",,,,,"485","4.46","0","0.00"
"340570","티앤엘","58200","-1000","-1.69","4725","12.32","6879","8.46","25091","2.32","1500","2.58"
"043220","티에스넥스젠","1710","0","0.00",,,,,"1101","1.55","0","0.00"
"277880","티에스아이","3995","145","3.77","61","65.49",,,"5136","0.78","0","0.00"
"131290","티에스이","270500","10500","4.04","3526","76.72","12284","22.02","35375","7.65","450","0.17"
"019180","티에이치엔","7210","330","4.80","3815","1.89",,,"12483","0.58","120","1.66"
"425420","티에프이","57100","-200","-0.35","1586","36.00","3147","18.15","9411","6.07","0","0.00"
"484810","티엑스알로보틱스","14400","2290","18.91",,,,,"3578","4.02","0","0.00"
"131100","티엔엔터테인먼트","869","57","7.02","11","79.00",,,"2077","0.42","0","0.00"
"356860","티엘비","100200","-5900","-5.56","1857","53.96","4671","21.45","12299","8.15","450","0.45"
"217590","티엠씨","21700","-550","-2.47",,,"291","74.69","4647","4.67","50","0.23"
"363280","티와이홀딩스","2040","100","5.15",,,,,"22503","0.09","0","0.00"
"36328K","티와이홀딩스우","3100","80","2.65",,,,,,,"0","0.00"
"321550","티움바이오","4950","-220","-4.26",,,,,"1302","3.80","0","0.00"
"004870","티웨이홀딩스","279","12","4.49",,,,,"832","0.34","0","0.00"
"425040","티이엠씨","19400","2430","14.32","759","25.56","1123","17.28","9438","2.06","150","0.77"
"241790","티이엠씨씨엔에스","6320","520","8.97","438","14.43",,,"11871","0.53","70","1.11"
"022220","티케이지애강","715","3","0.42",,,,,"1673","0.43","0","0.00"
"104480","티케이케미칼","1766","57","3.34","1282","1.38",,,"13505","0.13","0","0.00"
"081150","티플랙스","2860","95","3.44","137","20.88",,,"6922","0.41","50","1.75"
"130740","티피씨글로벌","2220","75","3.50",,,,,"5794","0.38","0","0.00"
"084730","팅크웨어","7250","100","1.40",,,,,"16025","0.45","0","0.00"
"440110","파두","101000","1700","1.71",,,"1696","59.55","391","258.31","0","0.00"
"034230","파라다이스","15000","240","1.63","1087","13.80","1161","12.92","19694","0.76","150","1.00"
"290560","파라택시스이더리움","1090","22","2.06","179","6.09",,,"1438","0.76","0","0.00"
"288330","파라택시스코리아","416","0","0.00",,,,,"412","1.01","0","0.00"
"033540","파라텍","791","32","4.22",,,,,"2142","0.37","0","0.00"
"388870","파로스아이바이오","6010","-160","-2.59",,,,,"1076","5.59","0","0.00"
"043200","파루","754","-5","-0.66",,,,,"574","1.31","0","0.00"
"214450","파마리서치","289000","500","0.17","15893","18.18","20713","13.95","59603","4.85","3700","1.28"
"005690","파미셀","14690","880","6.37","671","21.89","1136","12.93","2064","7.12","50","0.34"
"177830","파버나인","2580","50","1.98",,,,,"6459","0.40","80","3.10"
"037070","파세코","6760","260","4.00","185","36.54",,,"4285","1.58","150","2.22"
"150900","파수AI","3575","85","2.44","235","15.21",,,"3303","1.08","100","2.80"
"037030","파워넷","5410","210","4.04","652","8.30",,,"6040","0.90","0","0.00"
"047310","파워로직스","4015","110","2.82",,,,,"5394","0.74","0","0.00"
"368770","파이버프로","15320","130","0.86","285","53.75",,,"1398","10.96","86","0.56"
"170790","파이오링크","8400","200","2.44","1160","7.24","1977","4.25","13588","0.62","360","4.29"
"049120","파인디앤씨","2325","-55","-2.31",,,,,"4905","0.47","0","0.00"
"038950","파인디지털","2980","-45","-1.49",,,,,"11183","0.27","50","1.68"
"387570","파인메딕스","6090","40","0.66",,,,,"3499","1.74","0","0.00"
"441270","파인엠텍","7650","390","5.37",,,"831","9.20","4459","1.72","0","0.00"
"106240","파인테크닉스","1260","-19","-1.49",,,,,"3362","0.37","0","0.00"
"131760","파인텍","2370","-35","-1.46",,,,,"3245","0.73","0","0.00"
"065690","파커스","1131","54","5.01","502","2.25",,,"4416","0.26","0","0.00"
"140860","파크시스템스","339500","75500","28.60","4963","68.41","8437","40.24","32386","10.48","500","0.15"
"091700","파트론","6510","220","3.50","674","9.66","684","9.51","10321","0.63","310","4.76"
"032800","판타지오","1850","-10","-0.54",,,,,"5345","0.35","0","0.00"
"318010","팜스빌","3510","-45","-1.27","374","9.39",,,"8596","0.41","200","5.70"
"036580","팜스코","2670","100","3.89","1169","2.28",,,"5917","0.45","50","1.87"
"027710","팜스토리","1065","20","1.91","272","3.92",,,"2550","0.42","100","9.39"
"004720","팜젠사이언스","3195","75","2.40",,,,,"6677","0.48","0","0.00"
"225590","패션플랫폼","3800","-70","-1.81","535","7.10",,,"15130","0.25","0","0.00"
"054300","팬스타엔터프라이즈","846","14","1.68",,,,,"1540","0.55","0","0.00"
"068050","팬엔터테인먼트","1114","17","1.55",,,,,"2546","0.44","0","0.00"
"028670","팬오션","5190","195","3.90","564","9.20","757","6.85","10707","0.48","150","2.89"
"222110","팬젠","4830","230","5.00","154","31.36",,,"2218","2.18","0","0.00"
"271830","팸텍","1835","-125","-6.38",,,,,"2108","0.87","0","0.00"
"010820","퍼스텍","7800","140","1.83","303","25.74",,,"1691","4.61","0","0.00"
"016800","퍼시스","26800","-1150","-4.11","3976","6.74",,,"66786","0.40","1000","3.73"
"263750","펄어비스","41150","100","0.24",,,"4074","10.10","13011","3.16","0","0.00"
"251970","펌텍코리아","36850","1800","5.14","2778","13.26","3612","10.20","23753","1.55","450","1.22"
"187660","페니트리움바이오","6270","-70","-1.10",,,,,"393","15.95","0","0.00"
"0015S0","페스카로","10000","440","4.60","305","32.79","744","13.45","6312","1.58","0","0.00"
"001020","페이퍼코리아","2335","70","3.09",,,,,"7410","0.32","0","0.00"
"168360","펨트론","25600","2450","10.58",,,,,"1216","21.05","50","0.20"
"087010","펩트론","230000","-7500","-3.16",,,,,"6110","37.64","0","0.00"
"090080","평화산업","899","39","4.53","286","3.14",,,"1132","0.79","0","0.00"
"010770","평화홀딩스","4280","-30","-0.70","2414","1.77",,,"8854","0.48","150","3.50"
"064800","포니링크","2615","25","0.97","630","4.15",,,"8570","0.31","0","0.00"
"119500","포메탈","3015","65","2.20","182","16.57",,,"4336","0.70","60","1.99"
"389140","포바이포","6600","210","3.29",,,,,"2799","2.36","0","0.00"
"105760","포스뱅크","4300","250","6.17","392","10.97",,,"8078","0.53","0","0.00"
"022100","포스코DX","27950","850","3.14","343","81.49",,,"3752","7.45","125","0.45"
"058430","포스코스틸리온","5610","420","8.09","285","19.68","617","9.10","6401","0.88","109","1.94"
"009520","포스코엠텍","14980","850","6.02","34","440.59",,,"2744","5.46","10","0.07"
"047050","포스코인터내셔널","59400","1300","2.24","3603","16.49","5118","11.61","39358","1.51","1850","3.11"
"003670","포스코퓨처엠","199400","14700","7.96","51","3909.80","558","357.24","45731","4.36","250","0.13"
"189690","포시에스","1765","27","1.55","178","9.92",,,"2850","0.62","50","2.83"
"318020","포인트모바일","2550","115","4.72","232","10.99",,,"4286","0.59","100","3.92"
"256630","포인트엔지니어링","4705","5","0.11",,,,,"5860","0.80","50","1.06"
"331380","포커스에이아이","1820","12","0.66",,,,,"742","2.45","0","0.00"
"208710","포톤","2455","-15","-0.61",,,,,"3611","0.68","0","0.00"
"472850","폰드그룹","4585","115","2.57","600","7.64",,,"4078","1.12","280","6.11"
"039980","폴라리스AI","6480","110","1.73",,,,,"6604","0.98","0","0.00"
"041910","폴라리스AI파마","5350","70","1.33","464","11.53",,,"10233","0.52","0","0.00"
"234100","폴라리스세원","3010","120","4.15","30","100.33",,,"13095","0.23","0","0.00"
"041020","폴라리스오피스","3280","-105","-3.10","98","33.47",,,"1798","1.82","0","0.00"
"114630","폴라리스우노","1775","7","0.40","145","12.24",,,"7450","0.24","0","0.00"
"487580","폴레드","3735","-130","-3.36","379","9.85",,,"1660","2.25","0","0.00"
"290720","푸드나무","3400","185","5.75","75","45.33",,,"1019","3.34","0","0.00"
"005670","푸드웰","6250","60","0.97","1094","5.71",,,"10889","0.57","160","2.56"
"094940","푸른로보틱스","7170","130","1.85",,,,,"4670","1.54","0","0.00"
"007330","푸른저축은행","10650","200","1.91","1696","6.28",,,"27355","0.39","770","7.23"
"017810","풀무원","10060","230","2.34","84","119.76","1266","7.95","8405","1.20","102","1.01"
"093380","풍강","2495","55","2.25","84","29.70",,,"7332","0.34","80","3.21"
"023900","풍국주정","7760","230","3.05","812","9.56",,,"13637","0.57","200","2.58"
"103140","풍산","73900","4000","5.72","5388","13.72","8889","8.31","84137","0.88","1700","2.30"
"005810","풍산홀딩스","37300","1750","4.92","5389","6.92","5173","7.21","84683","0.44","1600","4.29"
"371950","풍원정밀","8000","650","8.84",,,,,"542","14.76","0","0.00"
"298060","풍전약품","2855","-55","-1.89","30","95.17",,,"4080","0.70","0","0.00"
"370090","퓨런티어","9230","680","7.95",,,,,"4810","1.92","0","0.00"
"445180","퓨릿","9890","520","5.55","893","11.08","1134","8.72","6252","1.58","120","1.21"
"220100","퓨쳐켐","11370","-230","-1.98",,,,,"2432","4.68","0","0.00"
"035200","프럼파스트","3035","35","1.17","125","24.28",,,"4849","0.63","80","2.64"
"334970","프레스티지바이오로직스","1907","18","0.95",,,,,"1739","1.10","0","0.00"
"227100","프로브잇","612","0","0.00",,,,,"159","3.85","0","0.00"
"321260","프로이천","2960","20","0.68","144","20.56",,,"1575","1.88","60","2.03"
"053610","프로텍","89300","4800","5.68","5293","16.87","6971","12.81","38739","2.31","400","0.45"
"468530","프로티나","34200","1050","3.17",,,,,"2594","13.18","0","0.00"
"303360","프로티아","4175","120","2.96","347","12.03",,,"2384","1.75","0","0.00"
"377220","프롬바이오","798","66","9.02",,,,,"990","0.81","0","0.00"
"335810","프리시젼바이오","1769","110","6.63",,,,,"1825","0.97","0","0.00"
"053160","프리엠스","8000","330","4.30","168","47.62",,,"13288","0.60","130","1.63"
"405000","플라즈맵","4930","510","11.54",,,,,"1491","3.31","0","0.00"
"041590","플래스크","2370","0","0.00","6","395.00",,,"845","2.80","0","0.00"
"367000","플래티어","2965","85","2.95",,,,,"4005","0.74","0","0.00"
"075130","플랜티넷","1981","1","0.05","145","13.66",,,"4580","0.43","100","5.05"
"009810","플레이그램","1902","13","0.69",,,,,"4598","0.41","0","0.00"
"237820","플레이디","3170","115","3.76","458","6.92",,,"7089","0.45","190","5.99"
"023770","플레이위드","2535","-10","-0.39",,,,,"2003","1.27","0","0.00"
"019570","플루토스","329","3","0.92","43","7.65",,,"609","0.54","0","0.00"
"300080","플리토","8250","710","9.42","391","21.10",,,"1043","7.91","0","0.00"
"033790","피노","9210","-360","-3.76",,,,,"1447","6.36","0","0.00"
"032580","피델릭스","5640","260","4.83",,,,,"1353","4.17","0","0.00"
"0117P0","피스피스스튜디오","9390","-200","-2.09","1139","8.24",,,"9418","1.00","0","0.00"
"051380","피씨디렉트","1600","77","5.06","174","9.20",,,"2741","0.58","70","4.38"
"241820","피씨엘","6040","0","0.00",,,,,"2400","2.52","0","0.00"
"452450","피아이이","4670","330","7.60",,,,,"1566","2.98","0","0.00"
"237750","피앤씨테크","4125","-60","-1.43",,,,,"6740","0.61","100","2.42"
"460940","피앤에스로보틱스","5640","370","7.02","212","26.60","198","28.53","3261","1.73","40","0.71"
"319660","피에스케이","169900","20100","13.42","2712","62.65","5406","31.43","18606","9.13","680","0.40"
"031980","피에스케이홀딩스","152300","18400","13.74","4252","35.82","6662","22.86","23484","6.49","1080","0.71"
"002230","피에스텍","5620","20","0.36","559","10.05",,,"8061","0.70","250","4.45"
"043370","피에이치에이","12490","630","5.31","2369","5.27","2643","4.73","43257","0.29","400","3.20"
"239890","피엔에이치테크","4075","265","6.96","289","14.10",,,"5596","0.73","200","4.91"
"347740","피엔케이피부임상연구센타","1940","43","2.27","162","11.98","265","7.32","2792","0.69","50","2.58"
"137400","피엔티","41650","1800","4.52","3200","13.02",,,"27402","1.52","200","0.48"
"257370","피엔티엠에스","2390","85","3.69",,,,,"1721","1.39","0","0.00"
"147760","피엠티","7260","260","3.71",,,,,"670","10.84","0","0.00"
"128660","피제이메탈","2865","65","2.32","307","9.33",,,"2977","0.96","170","5.93"
"006140","피제이전자","5030","60","1.21","629","8.00",,,"9377","0.54","200","3.98"
"376180","피코그램","1828","54","3.04",,,,,"2162","0.85","100","5.47"
"304840","피플바이오","1008","8","0.80",,,,,"1315","0.77","0","0.00"
"087600","픽셀플러스","4680","0","0.00",,,,,"12982","0.36","0","0.00"
"291810","핀텔","1292","13","1.02",,,,,"1512","0.85","0","0.00"
"378340","필에너지","13920","1170","9.18",,,,,"5893","2.36","0","0.00"
"161580","필옵틱스","42300","1200","2.92",,,,,"4970","8.51","0","0.00"
"347770","핌스","1150","-10","-0.86",,,"258","4.46","2043","0.56","0","0.00"
"163730","핑거","14020","-70","-0.50","32","438.13",,,"4960","2.83","100","0.71"
"417180","핑거스토리","4865","165","3.51","1021","4.76",,,"8876","0.55","0","0.00"
"469880","하나30호스팩","2100","5","0.24",,,,,,,"0","0.00"
"469900","하나31호스팩","2075","0","0.00",,,,,,,"0","0.00"
"475240","하나32호스팩","2085","10","0.48",,,,,,,"0","0.00"
"475250","하나33호스팩","2070","0","0.00",,,,,,,"0","0.00"
"484130","하나34호스팩","2030","10","0.50",,,,,,,"0","0.00"
"0041L0","하나35호스팩","2005","10","0.50",,,,,,,"0","0.00"
"0101C0","하나36호스팩","1996","-1","-0.05",,,,,,,"0","0.00"
"086790","하나금융지주","121000","6200","5.40","13954","8.67","16402","7.38","164776","0.73","4105","3.39"
"299030","하나기술","18270","800","4.58",,,"1632","11.19","12570","1.45","0","0.00"
"067310","하나마이크론","48950","1000","2.09","637","76.84","2561","19.11","6007","8.15","70","0.14"
"166090","하나머티리얼즈","73100","5300","7.82","1984","36.84","4467","16.36","24038","3.04","300","0.41"
"293480","하나제약","9160","260","2.92","507","18.07","1277","7.17","17808","0.51","260","2.84"
"039130","하나투어","35750","1250","3.62","2062","17.34","3777","9.46","9807","3.65","1200","3.36"
"136480","하림","2850","-25","-0.87","363","7.85",,,"3065","0.93","40","1.40"
"003380","하림지주","10410","140","1.36","2360","4.41",,,"32613","0.32","120","1.15"
"450330","하스","5130","175","3.53","194","26.44",,,"5666","0.91","60","1.17"
"101670","하이드로리튬","1370","42","3.16",,,,,"1115","1.23","0","0.00"
"365590","하이딥","1482","342","30.00",,,,,"72","20.58","0","0.00"
"149980","하이로닉","5610","60","1.08","215","26.09",,,"4348","1.29","0","0.00"
"013030","하이록코리아","34300","1150","3.47","4211","8.15","4669","7.35","38609","0.89","1350","3.94"
"352820","하이브","225000","7000","3.21",,,"7049","31.92","76643","2.94","500","0.22"
"126700","하이비젼시스템","11580","50","0.43",,,"1891","6.12","19368","0.60","80","0.69"
"071090","하이스틸","3175","165","5.48",,,,,"7121","0.45","0","0.00"
"160190","하이젠알앤엠","27700","1800","6.95",,,,,"3657","7.57","0","0.00"
"221840","하이즈항공","2115","35","1.68","110","19.23",,,"2213","0.96","0","0.00"
"106190","하이텍팜","13990","-410","-2.85","1079","12.97",,,"12290","1.14","150","1.07"
"000080","하이트진로","16340","-90","-0.55","596","27.42","1436","11.38","16066","1.02","700","4.28"
"000087","하이트진로2우B","12890","70","0.55",,,,,,,"750","5.82"
"000140","하이트진로홀딩스","8470","420","5.22",,,,,"25367","0.33","350","4.13"
"000145","하이트진로홀딩스우","9520","120","1.28",,,,,,,"400","4.20"
"065650","하이퍼코퍼레이션","2130","-15","-0.70",,,,,"2308","0.92","0","0.00"
"066130","하츠","3500","75","2.19","755","4.64",,,"9710","0.36","140","4.00"
"004590","한국가구","5580","210","3.91","1029","5.42",,,"13102","0.43","205","3.67"
"036460","한국가스공사","36200","450","1.26","1463","24.74","10599","3.42","123774","0.29","1154","3.19"
"039340","한국경제TV","4740","45","0.96","169","28.05",,,"9011","0.53","150","3.16"
"005430","한국공항","87900","8700","10.98","13258","6.63",,,"132482","0.66","1000","1.14"
"071050","한국금융지주","240500","10500","4.57","34592","6.95","42517","5.66","205667","1.17","8690","3.61"
"071055","한국금융지주우","164000","2800","1.74",,,,,,,"8752","5.34"
"034950","한국기업평가","100000","-100","-0.10","5656","17.68",,,"29647","3.37","8009","8.01"
"010040","한국내화","1610","103","6.83",,,,,"4239","0.38","0","0.00"
"025540","한국단자","72900","-3200","-4.20","10428","6.99","12299","5.93","114828","0.63","3200","4.39"
"222980","한국맥널티","1950","66","3.50",,,,,"3086","0.63","0","0.00"
"010100","한국무브넥스","3860","200","5.46","685","5.64",,,"13184","0.29","100","2.59"
"256840","한국비엔씨","2875","45","1.59","42","68.45",,,"3417","0.84","70","2.43"
"219750","한국비티비","571","0","0.00",,,,,"372","1.53","0","0.00"
"004090","한국석유","12140","-20","-0.16","412","29.47","1178","10.31","16160","0.75","120","0.99"
"025550","한국선재","2650","45","1.73","13","203.85",,,"5127","0.52","0","0.00"
"002200","한국수출포장","2545","45","1.80",,,,,"8011","0.32","80","3.14"
"002960","한국쉘석유","515000","21000","4.25","37098","13.88",,,"107971","4.77","36000","6.99"
"017890","한국알콜","11970","400","3.46","1507","7.94",,,"26443","0.45","110","0.92"
"000240","한국앤컴퍼니","27300","1450","5.61","3666","7.45","4394","6.21","50477","0.54","1100","4.03"
"080720","한국유니온제약","2725","0","0.00",,,,,,,"0","0.00"
"123890","한국자산신탁","2295","-100","-4.18","404","5.68",,,"8853","0.26","150","6.54"
"015760","한국전력","37650","1750","4.87","13311","2.83","10270","3.67","75035","0.50","1542","4.10"
"041460","한국전자인증","3455","260","8.14","252","13.71",,,"3523","0.98","96","2.78"
"006200","한국전자홀딩스","2485","110","4.63",,,,,"16590","0.15","100","4.02"
"101680","한국정밀기계","2160","35","1.65",,,,,"4043","0.53","0","0.00"
"039740","한국정보공학","3735","165","4.62","268","13.94",,,"6488","0.58","0","0.00"
"053300","한국정보인증","5530","100","1.84","654","8.46",,,"5107","1.08","200","3.62"
"025770","한국정보통신","7790","300","4.01","1038","7.50",,,"9544","0.82","290","3.72"
"464440","한국제13호스팩","2115","5","0.24",,,,,,,"0","0.00"
"479880","한국제15호스팩","2055","10","0.49",,,,,,,"0","0.00"
"027970","한국제지","615","-5","-0.81",,,,,"2136","0.29","0","0.00"
"023350","한국종합기술","4530","170","3.90","821","5.52",,,"16398","0.28","150","3.31"
"025890","한국주강","2070","126","6.48",,,,,"2986","0.69","0","0.00"
"000970","한국주철관","6750","70","1.05","789","8.56",,,"16819","0.40","400","5.93"
"104700","한국철강","8750","230","2.70",,,"439","19.93","23878","0.37","750","8.57"
"062970","한국첨단소재","1983","26","1.33",,,,,"319","6.22","0","0.00"
"017960","한국카본","31750","500","1.60","2043","15.54","2506","12.67","11519","2.76","320","1.01"
"023760","한국캐피탈","748","10","1.36","289","2.59",,,"2410","0.31","40","5.35"
"054040","한국컴퓨터","4980","45","0.91","1555","3.20",,,"12463","0.40","300","6.02"
"161890","한국콜마","86400","300","0.35","5299","16.30","7832","11.03","38566","2.24","864","1.00"
"021650","한국큐빅","2075","30","1.47","284","7.31",,,"6024","0.34","100","4.82"
"161390","한국타이어앤테크놀로지","72000","900","1.27","8931","8.06","11282","6.38","99234","0.73","2300","3.19"
"034830","한국토지신탁","1251","41","3.39","97","12.90",,,"4754","0.26","70","5.60"
"007280","한국특강","2180","40","1.87","104","20.96",,,"7479","0.29","400","18.35"
"032300","한국파마","8950","300","3.47",,,,,"6307","1.42","50","0.56"
"037230","한국팩키지","1571","14","0.90","191","8.23",,,"3754","0.42","50","3.18"
"448900","한국피아이엠","84800","7300","9.42",,,,,"9488","8.94","0","0.00"
"047810","한국항공우주","140900","-1000","-0.70","1907","73.89","4388","32.11","18776","7.50","500","0.35"
"123690","한국화장품","6980","270","4.02","70","99.71",,,"2088","3.34","0","0.00"
"003350","한국화장품제조","8290","70","0.85","1510","5.49",,,"5776","1.44","60","0.72"
"030520","한글과컴퓨터","19900","10","0.05","1427","13.95","1866","10.67","15357","1.30","400","2.01"
"052600","한네트","3105","25","0.81","316","9.83",,,"3435","0.90","180","5.80"
"011500","한농화성","16730","840","5.29","253","66.13",,,"11152","1.50","40","0.24"
"002390","한독","7880","80","1.03",,,,,"21292","0.37","200","2.54"
"256150","한독크린텍","4765","40","0.85","354","13.46",,,"7500","0.64","250","5.25"
"092460","한라IMS","18470","60","0.33","1511","12.22",,,"11613","1.59","620","3.36"
"125490","한라캐스트","13630","940","7.41","128","106.48","293","46.50","2892","4.71","0","0.00"
"053690","한미글로벌","19340","1560","8.77","1826","10.59","2609","7.41","21462","0.90","400","2.07"
"042700","한미반도체","361000","70000","24.05","2256","160.02","4517","79.92","7278","49.60","800","0.22"
"008930","한미사이언스","30100","300","1.01","1748","17.22",,,"14205","2.12","300","1.00"
"128940","한미약품","411000","0","0.00","13372","30.74","16057","25.60","98560","4.17","2000","0.49"
"452190","한빛레이저","5200","270","5.48","104","50.00",,,"1311","3.97","0","0.00"
"047080","한빛소프트","1459","-51","-3.38","210","6.95",,,"696","2.10","0","0.00"
"009240","한샘","33200","900","2.79","2808","11.82","1325","25.05","24081","1.38","0","0.00"
"452280","한선엔지니어링","19720","-2880","-12.74","518","38.07",,,"3957","4.98","0","0.00"
"020000","한섬","22600","400","1.80","2153","10.50","3954","5.72","66913","0.34","750","3.32"
"003680","한성기업","4590","55","1.21","30","153.00",,,"11921","0.39","0","0.00"
"066980","한성크린텍","1792","48","2.75","2","896.00","33","54.75","1161","1.54","0","0.00"
"105630","한세실업","8690","200","2.36","1454","5.98","1584","5.49","18656","0.47","600","6.90"
"069640","한세엠케이","1074","88","8.92",,,,,"890","1.21","0","0.00"
"016450","한세예스24홀딩스","4500","200","4.65",,,,,"11650","0.39","500","11.11"
"009180","한솔로지스틱스","2825","75","2.73","563","5.02","817","3.46","5100","0.55","200","7.08"
"114810","한솔아이원스","16190","790","5.13","1029","15.73","1745","9.28","7607","2.13","0","0.00"
"213500","한솔제지","6500","180","2.85","163","39.88","1398","4.65","29322","0.22","500","7.69"
"014680","한솔케미칼","282500","-13500","-4.56","13428","21.04","17217","16.41","99420","2.84","2600","0.92"
"004710","한솔테크닉스","12130","590","5.11",,,,,"9050","1.34","100","0.82"
"004150","한솔홀딩스","3530","15","0.43",,,"311","11.36","13574","0.26","130","3.68"
"025750","한솔홈데코","1993","113","6.01",,,,,"6180","0.32","0","0.00"
"042520","한스바이오메드","25400","-350","-1.36",,,"1487","17.08","2492","10.19","0","0.00"
"004960","한신공영","10700","470","4.59","5174","2.07",,,"72296","0.15","150","1.40"
"011700","한신기계","2770","85","3.17",,,,,"2703","1.02","20","0.72"
"430690","한싹","3075","20","0.65",,,,,"3001","1.02","0","0.00"
"078350","한양디지텍","28300","1400","5.20","1025","27.61",,,"11658","2.43","0","0.00"
"045100","한양이엔지","33150","1750","5.57","2541","13.05",,,"38303","0.87","0","0.00"
"001750","한양증권","22850","850","3.86","4383","5.21",,,"44072","0.52","1600","7.00"
"001755","한양증권우","23300","-200","-0.85",,,,,,,"1650","7.08"
"018880","한온시스템","4700","470","11.11",,,"260","18.09","3671","1.28","0","0.00"
"009420","한올바이오파마","51500","-1500","-2.83",,,"57","907.33","3184","16.17","0","0.00"
"320000","한울반도체","11420","60","0.53",,,,,"4998","2.28","0","0.00"
"091440","한울소재과학","1834","-8","-0.43",,,,,"1116","1.64","0","0.00"
"276730","한울앤제주","14940","1060","7.64",,,,,"7220","2.07","0","0.00"
"014130","한익스프레스","2250","0","0.00",,,,,"6976","0.32","0","0.00"
"024740","한일단조","2330","0","0.00","45","51.78",,,"4222","0.55","0","0.00"
"005860","한일사료","2545","-10","-0.39","162","15.71",,,"4159","0.61","75","2.95"
"300720","한일시멘트","14500","570","4.09","1061","13.67","978","14.82","25406","0.57","1000","6.90"
"002220","한일철강","5900","160","2.79",,,,,"6789","0.87","30","0.51"
"003300","한일홀딩스","16630","390","2.40","1024","16.24",,,"54474","0.31","1000","6.01"
"007770","한일화학","7230","140","1.97",,,,,"25319","0.29","0","0.00"
"051600","한전KPS","63900","14600","29.61","2761","23.14","3629","17.61","29906","2.14","1651","2.58"
"052690","한전기술","151300","34900","29.98","2244","67.42","1981","76.39","16428","9.21","1347","0.89"
"130660","한전산업","13510","890","7.05","125","108.08",,,"3167","4.27","377","2.79"
"198940","한주라이트메탈","1984","44","2.27",,,,,"2318","0.86","0","0.00"
"058450","한주에이알티","4680","-70","-1.47",,,,,"2706","1.73","0","0.00"
"107640","한중엔시에스","42500","550","1.31","450","94.44","1525","27.88","10316","4.12","0","0.00"
"002320","한진","16580","520","3.24",,,"1227","13.51","94858","0.17","600","3.62"
"003480","한진중공업홀딩스","5010","70","1.42","2265","2.21",,,"17045","0.29","120","2.40"
"180640","한진칼","119900","1500","1.27","2313","51.84",,,"49668","2.41","360","0.30"
"18064K","한진칼우","28800","300","1.05",,,,,,,"385","1.34"
"005110","한창","1254","0","0.00","3151","0.40",,,"819","1.53","0","0.00"
"079170","한창산업","5370","200","3.87","1273","4.22",,,"14025","0.38","210","3.91"
"009460","한창제지","2290","25","1.10",,,,,"6950","0.33","0","0.00"
"372910","한컴라이프케어","1983","17","0.86",,,"168","11.80","4590","0.43","0","0.00"
"054920","한컴위드","4180","100","2.45","314","13.31",,,"5802","0.72","0","0.00"
"457370","한켐","12100","10","0.08","734","16.49",,,"7581","1.60","200","1.65"
"002680","한탑","412","-1","-0.24","67","6.15",,,"1533","0.27","0","0.00"
"098070","한텍","31750","1550","5.13","2881","11.02",,,"14605","2.17","375","1.18"
"408470","한패스","8380","260","3.20","898","9.33",,,"4459","1.88","0","0.00"
"000880","한화","116300","-1300","-1.11","4072","28.56","11437","10.17","133067","0.87","1100","0.95"
"00088K","한화3우B","40200","0","0.00",,,,,,,"1150","2.86"
"452260","한화갤러리아","2745","205","8.07","17","161.47",,,"4193","0.65","0","0.00"
"45226K","한화갤러리아우","5590","280","5.27",,,,,,,"0","0.00"
"489790","한화비전","75300","5000","7.11","902","83.48","3554","21.19","17188","4.38","0","0.00"
"088350","한화생명","4970","220","4.63","693","7.17","986","5.04","18466","0.27","0","0.00"
"000370","한화손해보험","6500","250","4.00","1858","3.50","2304","2.82","17378","0.37","0","0.00"
"009830","한화솔루션","37000","50","0.14",,,"3382","10.94","52947","0.70","0","0.00"
"009835","한화솔루션우","21900","1050","5.04",,,,,,,"0","0.00"
"272210","한화시스템","96000","7400","8.35","1290","74.42","1746","54.99","25933","3.70","500","0.52"
"012450","한화에어로스페이스","1078000","64000","6.31","28530","37.78","47669","22.61","188244","5.73","7000","0.65"
"082740","한화엔진","53900","3800","7.58","2071","26.03","2965","18.18","6666","8.09","0","0.00"
"042660","한화오션","112700","8200","7.85","4007","28.13","5602","20.12","20138","5.60","0","0.00"
"003530","한화투자증권","5850","370","6.75","467","12.53",,,"9484","0.62","0","0.00"
"003535","한화투자증권우","7070","270","3.97",,,,,,,"0","0.00"
"498390","한화플러스제5호스팩","2050","0","0.00",,,,,,,"0","0.00"
"195870","해성디에스","78500","-2400","-2.97","1401","56.03","5060","15.52","33198","2.36","900","1.15"
"034810","해성산업","6290","130","2.11",,,,,"23076","0.27","250","3.97"
"03481K","해성산업1우","6240","270","4.52",,,,,,,"255","4.09"
"059270","해성에어로보틱스","7920","420","5.60","13","609.23",,,"3551","2.23","0","0.00"
"076610","해성옵틱스","1266","-54","-4.09",,,,,"385","3.29","0","0.00"
"101530","해태제과식품","5850","260","4.65","878","6.66",,,"11639","0.50","250","4.27"
"220180","핸디소프트","1673","3","0.18","39","42.90",,,"3262","0.51","0","0.00"
"143210","핸즈코퍼레이션","1199","0","0.00",,,,,"4306","0.28","0","0.00"
"214180","헥토이노베이션","15610","550","3.65","2427","6.43","3444","4.53","17664","0.88","500","3.20"
"234340","헥토파이낸셜","23400","450","1.96","701","33.38","1723","13.58","12613","1.86","220","0.94"
"084990","헬릭스미스","4765","180","3.93",,,,,"3083","1.55","0","0.00"
"000720","현대건설","157500","34800","28.36","3319","47.45","5589","28.18","73523","2.14","800","0.51"
"000725","현대건설우","55200","2900","5.54",,,,,,,"850","1.54"
"170030","현대공업","5180","110","2.17","793","6.53",,,"10837","0.48","300","5.79"
"453340","현대그린푸드","17780","560","3.25","2654","6.70","3560","4.99","22431","0.79","676","3.80"
"086280","현대글로비스","208500","12700","6.49","23117","9.02","24143","8.64","138016","1.51","5800","2.78"
"064350","현대로템","208500","20100","10.67","7055","29.55","9972","20.91","28211","7.39","600","0.29"
"079430","현대리바트","6450","280","4.54","368","17.53","647","9.97","20785","0.31","130","2.02"
"012330","현대모비스","607000","31000","5.38","40861","14.86","48689","12.47","551325","1.10","6500","1.07"
"319400","현대무벡스","39150","-1650","-4.04","103","380.10","153","256.49","1455","26.91","50","0.13"
"048410","현대바이오","8910","-170","-1.87",,,,,"1153","7.73","0","0.00"
"052260","현대바이오랜드","3750","115","3.16","8","468.75",,,"4538","0.83","70","1.87"
"069960","현대백화점","177300","-9800","-5.24","9572","18.52","13306","13.33","210969","0.84","2150","1.21"
"004560","현대비앤지스틸","14030","1520","12.15","976","14.38",,,"34303","0.41","250","1.78"
"016790","현대사료","994","0","0.00","23","43.22",,,"406","2.45","0","0.00"
"004310","현대약품","5730","0","0.00","96","59.69",,,"3141","1.82","30","0.52"
"041440","현대에버다임","8120","530","6.98","260","31.23",,,"10745","0.76","70","0.86"
"039010","현대에이치티","11270","380","3.49","1367","8.24",,,"13750","0.82","450","3.99"
"017800","현대엘리베이터","79900","500","0.63","7258","11.01","5392","14.82","37450","2.13","14010","17.53"
"307950","현대오토에버","684000","-26000","-3.66","6654","102.80","8837","77.40","67357","10.15","1900","0.28"
"011210","현대위아","76900","5300","7.40","3716","20.69","6595","11.66","135750","0.57","1200","1.56"
"090850","현대이지웰","5380","140","2.67","1035","5.20",,,"4862","1.11","220","4.09"
"004020","현대제철","34950","2800","8.71",,,"2324","15.04","147255","0.24","500","1.43"
"005440","현대지에프홀딩스","13780","520","3.92","2643","5.21","1994","6.91","25658","0.54","300","2.18"
"005380","현대차","607000","10000","1.68","36088","16.82","41322","14.69","439541","1.38","10000","1.65"
"005387","현대차2우B","241000","5500","2.34",,,,,,,"10100","4.19"
"005389","현대차3우B","233000","9000","4.02",,,,,,,"10050","4.31"
"005385","현대차우","241500","7000","2.99",,,,,,,"10050","4.16"
"001500","현대차증권","9310","430","4.84","1009","9.23",,,"23342","0.40","370","3.97"
"011760","현대코퍼레이션","24800","300","1.22","7226","3.43","8360","2.97","57671","0.43","700","2.82"
"227840","현대코퍼레이션홀딩스","12100","100","0.83","4155","2.91",,,"36290","0.33","500","4.13"
"126560","현대퓨처넷","3125","90","2.97","69","45.29",,,"6666","0.47","150","4.80"
"001450","현대해상","39250","1450","3.84","13006","3.02","7897","4.97","65772","0.60","0","0.00"
"057050","현대홈쇼핑","81400","2700","3.43","8806","9.24",,,"210031","0.39","2800","3.44"
"460930","현대힘스","14110","800","6.01","604","23.36",,,"7122","1.98","130","0.92"
"092300","현우산업","3360","-30","-0.88","412","8.16",,,"6129","0.55","70","2.08"
"011080","형지I&C","2470","120","5.11",,,,,"7565","0.33","0","0.00"
"308100","형지글로벌","584","8","1.39",,,,,"2470","0.24","0","0.00"
"093240","형지엘리트","704","18","2.62",,,,,"2049","0.34","0","0.00"
"003010","혜인","5050","350","7.45","1382","3.65",,,"13026","0.39","200","3.96"
"111110","호전실업","6640","130","2.00","1416","4.69","2780","2.39","21402","0.31","400","6.02"
"008770","호텔신라","55500","-200","-0.36",,,"2704","20.52","29223","1.90","0","0.00"
"008775","호텔신라우","32950","650","2.01",,,,,,,"0","0.00"
"064240","홈캐스트","1703","73","4.48","1","1703.00",,,"2458","0.69","0","0.00"
"039610","화성밸브","6660","360","5.71",,,,,"9065","0.73","0","0.00"
"378850","화승알앤에이","3080","55","1.82","960","3.21",,,"8788","0.35","75","2.44"
"241590","화승엔터프라이즈","3715","-20","-0.54",,,"505","7.36","7621","0.49","50","1.35"
"006060","화승인더","2750","15","0.55","395","6.96",,,"6972","0.39","206","7.49"
"013520","화승코퍼레이션","2465","40","1.65","1681","1.47",,,"6040","0.41","75","3.04"
"010690","화신","10330","360","3.61","1920","5.38","2649","3.90","16443","0.63","170","1.65"
"126640","화신정공","4895","285","6.18","294","16.65",,,"3381","1.45","75","1.53"
"133820","화인베스틸","1080","9","0.84",,,,,"1356","0.80","0","0.00"
"127980","화인써키트","3910","165","4.41",,,,,"3205","1.22","170","4.35"
"061250","화일약품","7790","90","1.17",,,,,"24580","0.32","0","0.00"
"010660","화천기계","2895","75","2.66","126","22.98",,,"6446","0.45","20","0.69"
"000850","화천기공","33200","900","2.79","5173","6.42",,,"154300","0.22","1300","3.92"
"016580","환인제약","10220","20","0.20","857","11.93","1183","8.64","22777","0.45","300","2.94"
"032560","황금에스티","5460","10","0.18","1061","5.15",,,"22693","0.24","150","2.75"
"004800","효성","181200","4300","2.43","19734","9.18","20803","8.71","146168","1.24","5000","2.76"
"094280","효성ITX","12240","190","1.58","1299","9.42",,,"6308","1.94","750","6.13"
"097870","효성오앤비","5180","160","3.19","354","14.63",,,"9928","0.52","0","0.00"
"298040","효성중공업","3376000","130000","4.00","55832","60.47","104009","32.46","252555","13.37","7500","0.22"
"298020","효성티앤씨","336500","12000","3.70","2517","133.69","53160","6.33","364612","0.92","10100","3.00"
"298000","효성화학","38900","0","0.00","80426","0.48",,,"98013","0.40","0","0.00"
"093370","후성","19010","3240","20.55","50","380.20","311","61.14","3118","6.10","0","0.00"
"290270","휴네시온","2810","0","0.00","612","4.59",,,"5464","0.51","50","1.78"
"005870","휴니드","5600","20","0.36",,,,,"12438","0.45","0","0.00"
"353190","휴럼","3005","120","4.16","145","20.72",,,"5420","0.55","400","13.31"
"090710","휴림로봇","11730","190","1.65",,,,,"1068","10.98","0","0.00"
"078590","휴림에이텍","2875","165","6.09",,,,,"7050","0.41","0","0.00"
"205470","휴마시스","2685","35","1.32",,,,,"9505","0.28","0","0.00"
"115160","휴맥스","6370","-30","-0.47",,,,,"21030","0.30","0","0.00"
"028080","휴맥스홀딩스","6170","220","3.70",,,,,"14194","0.43","0","0.00"
"175140","휴먼테크놀로지","2385","15","0.63",,,,,"1641","1.45","0","0.00"
"200670","휴메딕스","28300","700","2.54","5017","5.64",,,"26994","1.05","920","3.25"
"079980","휴비스","2035","60","3.04","71","28.66",,,"7534","0.27","0","0.00"
"065510","휴비츠","7120","120","1.71",,,,,"10000","0.71","250","3.51"
"005010","휴스틸","4630","40","0.87",,,,,"18820","0.25","0","0.00"
"263920","휴엠앤씨","3175","70","2.25","160","19.84",,,"4640","0.68","200","6.30"
"243070","휴온스","29450","-100","-0.34","3651","8.07",,,"32090","0.92","920","3.12"
"084110","휴온스글로벌","27350","750","2.82","2367","11.55",,,"44802","0.61","880","3.22"
"145020","휴젤","244500","-1000","-0.41","13061","18.72","16121","15.17","87960","2.78","0","0.00"
"024060","흥구석유","11700","-470","-3.86","11","1063.64",,,"5394","2.17","20","0.17"
"010240","흥국","5440","120","2.26","1099","4.95",,,"10653","0.51","280","5.15"
"189980","흥국에프엔비","1205","-6","-0.50","201","6.00",,,"2514","0.48","130","10.79"
"000540","흥국화재","3650","-5","-0.14","1992","1.83",,,"12842","0.28","0","0.00"
"000545","흥국화재우","6030","-50","-0.82",,,,,,,"0","0.00"
"003280","흥아해운","1811","-40","-2.16","127","14.26",,,"1062","1.71","0","0.00"
"037440","희림","5580","860","18.22","619","9.01","611","9.14","6930","0.81","100","1.79"
"238490","힘스","2565","0","0.00",,,,,"5240","0.49","0","0.00"