종목코드,종목명,시장구분,업종명,종가,대비,등락률,시가총액
"0001A0","덕양에너젠","KOSDAQ","","8850","190","2.19","225400313700"
"000250","삼천당제약","KOSDAQ","","159600","-3900","-2.39","3743812531200"
"000440","중앙에너비스","KOSDAQ","","12720","-250","-1.93","79209093600"
"0004V0","엔비알모션","KOSDAQ","","6530","780","13.57","71897807520"
"0004Y0","디비금융제14호스팩","KOSDAQ","","2000","0","0.00","10630000000"
"0007C0","아크릴","KOSDAQ","","19800","-750","-3.65","159000415200"
"0007J0","인벤테라","KOSDAQ","","10150","-700","-6.45","79836997100"
"0008Z0","에스엔시스","KOSDAQ","","23950","-550","-2.24","226005707800"
"0009K0","에임드바이오","KOSDAQ","","21750","-900","-3.97","1413590376750"
"001000","신라섬유","KOSDAQ","","1876","18","0.97","9108933008"
"0010F0","보원케미칼","KOSDAQ","","2295","-10","-0.43","25574564295"
"0010V0","제이피아이헬스케어","KOSDAQ","","8730","0","0.00","44570142000"
"0011A0","액스비스","KOSDAQ","","12380","50","0.41","115551701200"
"0011T0","채비","KOSDAQ","","5530","-80","-1.43","259631238230"
"0013V0","삼진식품","KOSDAQ","","5200","0","0.00","51577011200"
"001540","안국약품","KOSDAQ","","10290","90","0.88","134206501800"
"0015G0","그린광학","KOSDAQ","","14710","-70","-0.47","172144378110"
"0015N0","아로마티카","KOSDAQ","","13570","170","1.27","170668831540"
"0015S0","페스카로","KOSDAQ","","8580","450","5.54","84656543400"
"0017J0","세미티에스","KOSDAQ","","2580","0","0.00","77789685780"
"001810","무림SP","KOSDAQ","","1177","9","0.77","26055837500"
"001840","이화공영","KOSDAQ","","2215","0","0.00","62588831935"
"002230","피에스텍","KOSDAQ","","5100","-40","-0.78","93947457000"
"002290","삼일기업공사","KOSDAQ","","3310","-30","-0.9","41044000000"
"002680","한탑","KOSDAQ","","2630","60","2.33","16998634170"
"002800","신신제약","KOSDAQ","","4490","25","0.56","68115545000"
"003100","선광","KOSDAQ","","20450","150","0.74","134970000000"
"003310","대주산업","KOSDAQ","","1647","3","0.18","58291200450"
"003380","하림지주","KOSDAQ","","10990","-160","-1.43","1230941774790"
"0037T0","KB제32호스팩","KOSDAQ","","1987","-1","-0.05","12577710000"
"003800","에이스침대","KOSDAQ","","32650","0","0.00","362088500000"
"0039P0","매드업","KOSDAQ","","7700","-220","-2.78","144816980000"
"0041B0","교보18호스팩","KOSDAQ","","2010","10","0.5","10130400000"
"0041J0","엘에스스팩1호","KOSDAQ","","1992","2","0.1","8187120000"
"0041L0","하나35호스팩","KOSDAQ","","1980","-5","-0.25","11939400000"
"0044K0","삼성스팩10호","KOSDAQ","","1977","-11","-0.55","14867040000"
"004590","한국가구","KOSDAQ","","5350","10","0.19","80250000000"
"004650","창해에탄올","KOSDAQ","","9310","0","0.00","85567139350"
"004780","대륙제관","KOSDAQ","","4220","-65","-1.52","67111499780"
"005160","동국산업","KOSDAQ","","3470","-200","-5.45","188228352540"
"005290","동진쎄미켐","KOSDAQ","","41200","300","0.73","2099969191200"
"0054V0","엔에이치스팩32호","KOSDAQ","","2000","-5","-0.25","12433000000"
"005670","푸드웰","KOSDAQ","","6230","40","0.65","62300000000"
"005710","대원산업","KOSDAQ","","11070","430","4.04","221816232000"
"005860","한일사료","KOSDAQ","","2430","-30","-1.22","95750954550"
"005990","매일홀딩스","KOSDAQ","","10790","70","0.65","143488700160"
"006050","국영지앤엠","KOSDAQ","","5700","100","1.79","19890286800"
"006140","피제이전자","KOSDAQ","","4565","15","0.33","67858725000"
"006620","동구바이오제약","KOSDAQ","","3510","0","0.00","99912121920"
"006730","서부T&D","KOSDAQ","","11050","-180","-1.6","710259999150"
"0068Y0","비엔케이제3호스팩","KOSDAQ","","1982","11","0.56","8542420000"
"006910","보성파워텍","KOSDAQ","","7640","320","4.37","375351855360"
"006920","모헨즈","KOSDAQ","","3080","15","0.49","33633600000"
"0071M0","삼성스팩11호","KOSDAQ","","1984","9","0.46","11427840000"
"0072Z0","KB제33호스팩","KOSDAQ","","1965","-4","-0.2","15494025000"
"007330","푸른저축은행","KOSDAQ","","10100","-30","-0.3","152336280000"
"007370","진양제약","KOSDAQ","","3975","-25","-0.63","56184983325"
"007390","네이처셀","KOSDAQ","","24550","-50","-0.2","1581880624800"
"007530","와이엠","KOSDAQ","","1811","26","1.46","40302412341"
"007680","대원","KOSDAQ","","3200","-25","-0.78","42312761600"
"007720","소노스퀘어","KOSDAQ","","1179","42","3.69","23768746110"
"007770","한일화학","KOSDAQ","","8030","10","0.12","28185300000"
"007820","엠엑스로보틱스","KOSDAQ","","3535","15","0.43","82448286165"
"008290","원풍물산","KOSDAQ","","20","-23","-53.49","406936780"
"0082N0","카나프테라퓨틱스","KOSDAQ","","12270","-20","-0.16","163198116600"
"008370","원풍","KOSDAQ","","5300","50","0.95","63600000000"
"008470","부스타","KOSDAQ","","1673","-3","-0.18","28122460800"
"008830","대동기어","KOSDAQ","","6320","70","1.12","121229709120"
"0088D0","메리츠제1호스팩","KOSDAQ","","2060","-5","-0.24","11937700000"
"0088M0","메쥬","KOSDAQ","","12120","30","0.25","119766810000"
"0091W0","신영스팩11호","KOSDAQ","","2030","5","0.25","12318040000"
"009300","삼아제약","KOSDAQ","","14000","0","0.00","89180000000"
"0093G0","미래에셋비전스팩8호","KOSDAQ","","1980","13","0.66","12672000000"
"009520","포스코엠텍","KOSDAQ","","12670","-10","-0.08","527613047010"
"009620","삼보산업","KOSDAQ","","4645","345","8.02","16232458805"
"0096B0","삼성스팩12호","KOSDAQ","","1986","2","0.1","13067880000"
"0096D0","미래에셋비전스팩9호","KOSDAQ","","1971","-1","-0.05","10840500000"
"009730","이렘","KOSDAQ","","2165","65","3.1","17266963995"
"009780","엠에스씨","KOSDAQ","","6790","-70","-1.02","119504000000"
"0097F0","미래에셋비전스팩10호","KOSDAQ","","1967","-3","-0.15","12785500000"
"0098T0","교보19호스팩","KOSDAQ","","1976","-7","-0.35","10670400000"
"0099W0","미래에셋비전스팩11호","KOSDAQ","","1980","11","0.56","13860000000"
"0099X0","IBKS제25호스팩","KOSDAQ","","2180","0","0.00","13036400000"
"010170","대한광통신","KOSDAQ","","18320","2190","13.58","2848497291200"
"0101C0","하나36호스팩","KOSDAQ","","1967","0","0.00","15224580000"
"010240","흥국","KOSDAQ","","5250","0","0.00","61456500000"
"010280","아이티센엔텍","KOSDAQ","","5100","-30","-0.58","66426260700"
"010470","오리콤","KOSDAQ","","4895","-35","-0.71","58617869750"
"0105P0","유진스팩12호","KOSDAQ","","1987","1","0.05","11246420000"
"011040","경동제약","KOSDAQ","","5030","-10","-0.2","154766892980"
"011080","형지I&C","KOSDAQ","","647","-14","-2.12","4591281514"
"011320","유니크","KOSDAQ","","3750","20","0.54","72452606250"
"011370","서한","KOSDAQ","","3715","20","0.54","74964884695"
"011560","세보엠이씨","KOSDAQ","","24800","600","2.48","250104825600"
"0115H0","삼성스팩13호","KOSDAQ","","1975","0","0.00","14516250000"
"0117P0","피스피스스튜디오","KOSDAQ","","5580","10","0.18","79062523380"
"012210","삼미금속","KOSDAQ","","11160","-130","-1.15","257255621640"
"012340","뉴인텍","KOSDAQ","","442","-15","-3.28","9743798506"
"012620","원일특강","KOSDAQ","","6890","0","0.00","30316000000"
"012700","리드코프","KOSDAQ","","2920","25","0.86","75904967840"
"012790","신일제약","KOSDAQ","","6100","40","0.66","73117131500"
"012860","모베이스전자","KOSDAQ","","2425","145","6.36","177591133225"
"0129K0","신한제18호스팩","KOSDAQ","","1975","7","0.36","11099500000"
"013030","하이록코리아","KOSDAQ","","36800","1000","2.79","433067699200"
"0130D0","신한제17호스팩","KOSDAQ","","1960","4","0.2","10466400000"
"0130H0","엔에이치스팩33호","KOSDAQ","","1993","17","0.86","15346100000"
"013120","동원개발","KOSDAQ","","2100","0","0.00","190697010000"
"0131D0","키움히어로제2호스팩","KOSDAQ","","1970","0","0.00","12430700000"
"0132G0","교보20호스팩","KOSDAQ","","1992","5","0.25","11892240000"
"013310","아진산업","KOSDAQ","","2290","35","1.55","88867072780"
"0134X0","대신밸런스제20호스팩","KOSDAQ","","1974","1","0.05","13304760000"
"013720","청보","KOSDAQ","","2165","15","0.7","26338584620"
"013810","스페코","KOSDAQ","","1568","8","0.51","22979776960"
"013990","아가방컴퍼니","KOSDAQ","","4770","-20","-0.42","156873546720"
"014100","메디앙스","KOSDAQ","","1572","-122","-7.2","18549600000"
"014190","원익큐브","KOSDAQ","","1300","30","2.36","46013592300"
"014470","부방","KOSDAQ","","1061","-16","-1.49","60529668040"
"014570","고려제약","KOSDAQ","","3415","15","0.44","37565000000"
"014620","성광벤드","KOSDAQ","","32100","-100","-0.31","852491384400"
"014940","오리엔탈정공","KOSDAQ","","4610","-100","-2.12","210094577210"
"014950","삼익제약","KOSDAQ","","9950","-540","-5.15","100172500600"
"014970","삼륭물산","KOSDAQ","","4505","-35","-0.77","66786625000"
"0155E0","해치텍","KOSDAQ","","11740","-260","-2.17","64419141000"
"0156T0","에이치엘지노믹스","KOSDAQ","","8540","-110","-1.27","66459654940"
"015710","코콤","KOSDAQ","","2925","-30","-1.02","51276712500"
"015750","성우하이텍","KOSDAQ","","5970","0","0.00","477600000000"
"016100","리더스코스메틱","KOSDAQ","","1259","0","0.00","24048025546"
"016250","SGC E&C","KOSDAQ","","11890","-80","-0.67","59889763540"
"0164H0","한국제16호스팩","KOSDAQ","","1954","-1","-0.05","13189500000"
"0165X0","메리츠제2호스팩","KOSDAQ","","1946","-2","-0.1","14089040000"
"016600","큐캐피탈","KOSDAQ","","2455","-5","-0.2","34275730455"
"016670","디모아","KOSDAQ","","2480","80","3.33","25281700320"
"016790","현대사료","KOSDAQ","","994","0","0.00","187340898626"
"016920","카스","KOSDAQ","","1064","-31","-2.83","27343450848"
"017000","신원종합개발","KOSDAQ","","2370","0","0.00","27653223990"
"017250","인터엠","KOSDAQ","","1053","10","0.96","22160876751"
"017480","삼현철강","KOSDAQ","","4915","105","2.18","75901804350"
"017510","세명전기","KOSDAQ","","8080","380","4.94","123187680000"
"017650","대림제지","KOSDAQ","","10800","0","0.00","94878000000"
"017890","한국알콜","KOSDAQ","","14240","60","0.42","294390725440"
"018000","유니슨","KOSDAQ","","1285","61","4.98","375107018945"
"018120","진로발효","KOSDAQ","","16700","20","0.12","110572704000"
"018290","브이티","KOSDAQ","","11690","-60","-0.51","408470086220"
"018310","삼목에스폼","KOSDAQ","","14590","-170","-1.15","214473000000"
"018620","우진비앤지","KOSDAQ","","2740","65","2.43","18996370680"
"018680","서울제약","KOSDAQ","","1964","-10","-0.51","22898902516"
"018700","졸스","KOSDAQ","","1301","-13","-0.99","21755660260"
"019010","베뉴지","KOSDAQ","","4860","25","0.52","234252000000"
"019210","와이지-원","KOSDAQ","","13300","150","1.14","494676582400"
"019540","일지테크","KOSDAQ","","5070","0","0.00","68513445000"
"019550","SBI인베스트먼트","KOSDAQ","","980","-4","-0.41","78951714520"
"019570","GMI벤처","KOSDAQ","","2745","-10","-0.36","26201035980"
"019660","글로본","KOSDAQ","","1501","3","0.2","20930443833"
"019770","서연탑메탈","KOSDAQ","","3200","-40","-1.23","37280000000"
"0197V0","엔에이치스팩34호","KOSDAQ","","1925","-5","-0.26","17421250000"
"019990","에너토크","KOSDAQ","","5400","60","1.12","52682875200"
"020180","대신정보통신","KOSDAQ","","4085","25","0.62","31396423555"
"020400","대동금속","KOSDAQ","","2760","-20","-0.72","25042948320"
"020710","시공테크","KOSDAQ","","3770","20","0.53","75580846900"
"021040","대호특수강","KOSDAQ","","1000","95","10.5","21704774000"
"021045","대호특수강우","KOSDAQ","","2405","285","13.44","2040623260"
"021080","에이티넘인베스트","KOSDAQ","","2120","20","0.95","101760000000"
"021320","KCC건설","KOSDAQ","","5980","100","1.7","127972000000"
"021650","한국큐빅","KOSDAQ","","1979","8","0.41","32357764177"
"021880","메이슨캐피탈","KOSDAQ","","1220","-9","-0.73","25886496800"
"0218L0","네오뷰","KOSDAQ","","12490","-100","-0.79","65899425750"
"022220","티케이지애강","KOSDAQ","","836","1","0.12","43300268044"
"023160","태광","KOSDAQ","","26050","-100","-0.38","673841654100"
"023410","유진기업","KOSDAQ","","3265","35","1.08","252419967695"
"023440","제이스코홀딩스","KOSDAQ","","521","0","0.00","46964378481"
"023600","삼보판지","KOSDAQ","","9180","0","0.00","146956194000"
"023760","한국캐피탈","KOSDAQ","","1414","4","0.28","223135970232"
"023770","플레이위드","KOSDAQ","","2620","-40","-1.5","23439816900"
"023790","동일스틸럭스","KOSDAQ","","1465","11","0.76","19147268720"
"023900","풍국주정","KOSDAQ","","7270","-70","-0.95","91602000000"
"023910","대한약품","KOSDAQ","","26400","0","0.00","158400000000"
"024060","흥구석유","KOSDAQ","","12880","-730","-5.36","193200000000"
"024120","KB오토시스","KOSDAQ","","3050","-25","-0.81","35075000000"
"024740","한일단조","KOSDAQ","","2275","-20","-0.87","74840786475"
"024800","유성티엔에스","KOSDAQ","","4665","-30","-0.64","164326351050"
"024830","세원물산","KOSDAQ","","8330","-160","-1.88","69555500000"
"024840","KBI메탈","KOSDAQ","","6500","620","10.54","281393034000"
"024850","HLB이노베이션","KOSDAQ","","13710","-1240","-8.29","435341088240"
"024880","케이피에프","KOSDAQ","","3880","80","2.11","77373501120"
"024910","경창산업","KOSDAQ","","1519","12","0.8","54409068595"
"024940","PN풍년","KOSDAQ","","2105","-30","-1.41","21050000000"
"024950","삼천리자전거","KOSDAQ","","4445","-20","-0.45","55118000000"
"025320","시노펙스","KOSDAQ","","3835","25","0.66","353666587755"
"025440","DH오토웨어","KOSDAQ","","3295","-10","-0.3","32146823980"
"025550","한국선재","KOSDAQ","","2255","20","0.89","57534079020"
"025770","한국정보통신","KOSDAQ","","8030","10","0.12","300677496130"
"025870","신라에스지","KOSDAQ","","1059","0","0.00","4236000000"
"025880","케이씨피드","KOSDAQ","","2340","10","0.43","39115107720"
"025900","동화기업","KOSDAQ","","6890","0","0.00","348339693650"
"025950","동신건설","KOSDAQ","","10040","10","0.1","84336000000"
"025980","아난티","KOSDAQ","","5170","50","0.98","503046118300"
"026040","제이에스티나","KOSDAQ","","2295","70","3.15","37876198050"
"026150","특수건설","KOSDAQ","","4185","155","3.85","73431395235"
"026910","광진실업","KOSDAQ","","3275","20","0.61","25965267650"
"027040","서울전자통신","KOSDAQ","","1701","-36","-2.07","23674125069"
"027050","코리아나","KOSDAQ","","1360","-1","-0.07","54400000000"
"027360","아주IB투자","KOSDAQ","","3865","10","0.26","468226994190"
"027580","상보","KOSDAQ","","1860","100","5.68","22015434300"
"027710","팜스토리","KOSDAQ","","1136","-1","-0.09","126569257600"
"027830","대성창투","KOSDAQ","","829","-4","-0.48","44766000000"
"028080","휴맥스홀딩스","KOSDAQ","","5300","-50","-0.93","12863418000"
"028300","HLB","KOSDAQ","","29650","-2350","-7.34","3949327311950"
"029480","광무","KOSDAQ","","1419","-3","-0.21","84741448308"
"030350","드래곤플라이","KOSDAQ","","973","0","0.00","15171092867"
"030520","한컴","KOSDAQ","","16980","20","0.12","410572053120"
"030530","원익홀딩스","KOSDAQ","","26050","550","2.16","2012049405050"
"030960","양지사","KOSDAQ","","4750","15","0.32","75905000000"
"031310","아이즈비전","KOSDAQ","","994","-3","-0.3","29568171094"
"031330","에스에이엠티","KOSDAQ","","8350","300","3.73","834958809450"
"031510","오스템","KOSDAQ","","1133","14","1.25","31724000000"
"031860","디에이치엑스컴퍼니","KOSDAQ","","6930","0","0.00","18714756060"
"031980","피에스케이홀딩스","KOSDAQ","","159900","-7000","-4.19","3447826960500"
"032080","아즈텍WB","KOSDAQ","","1010","0","0.00","21705939290"
"032190","다우데이타","KOSDAQ","","20250","100","0.5","775575000000"
"032280","삼일","KOSDAQ","","1345","0","0.00","21807278550"
"032300","한국파마","KOSDAQ","","7450","20","0.27","81254922450"
"032500","케이엠더블유","KOSDAQ","","19440","1260","6.93","820206667440"
"032540","TJ미디어","KOSDAQ","","3795","5","0.13","79305682335"
"032580","피델릭스","KOSDAQ","","5780","570","10.94","191503329920"
"032620","GC메디아이","KOSDAQ","","3125","40","1.3","163116059375"
"032680","소프트센","KOSDAQ","","907","14","1.57","20911684067"
"032685","소프트센우","KOSDAQ","","6980","730","11.68","498106760"
"032750","삼진","KOSDAQ","","2985","15","0.51","26957899170"
"032790","엠젠솔루션","KOSDAQ","","1265","0","0.00","32485334090"
"032800","판타지오","KOSDAQ","","1480","8","0.54","22358395520"
"032820","우리기술","KOSDAQ","","13870","540","4.05","2396522568440"
"032850","비트컴퓨터","KOSDAQ","","4150","290","7.51","68986665950"
"032860","더라미","KOSDAQ","","2875","60","2.13","23227619500"
"032940","원익","KOSDAQ","","9610","-270","-2.73","174836469410"
"032960","동일기연","KOSDAQ","","2150","65","3.12","37824896250"
"033050","제이엠아이","KOSDAQ","","840","2","0.24","26745035520"
"033100","제룡전기","KOSDAQ","","48150","1600","3.44","773404993350"
"033130","디지틀조선","KOSDAQ","","1750","-10","-0.57","64951717250"
"033160","엠케이전자","KOSDAQ","","14630","380","2.67","359372168540"
"033170","시그네틱스","KOSDAQ","","2150","145","7.23","36863175450"
"033200","모아텍","KOSDAQ","","2545","25","0.99","23425526305"
"033230","인성정보","KOSDAQ","","1020","3","0.29","51525687600"
"033290","로젠","KOSDAQ","","1522","3","0.2","85469890122"
"033310","엠투엔","KOSDAQ","","1449","-2","-0.14","57920088744"
"033320","제이씨현시스템","KOSDAQ","","3140","70","2.28","60019316480"
"033340","좋은사람들","KOSDAQ","","460","0","0.00","44597256680"
"033500","동성화인텍","KOSDAQ","","16570","-100","-0.6","496925915580"
"033540","파라텍","KOSDAQ","","2750","-60","-2.14","28735481500"
"033560","블루콤","KOSDAQ","","4690","-75","-1.57","80199000000"
"033640","네패스","KOSDAQ","","26700","-50","-0.19","615680693400"
"033790","피노","KOSDAQ","","8000","570","7.67","666575096000"
"033830","티비씨","KOSDAQ","","1696","-16","-0.93","32066492480"
"034810","해성산업","KOSDAQ","","5990","20","0.34","189165110480"
"03481K","해성산업1우","KOSDAQ","","6030","0","0.00","8306041590"
"034940","조아제약","KOSDAQ","","2700","-10","-0.37","16729105500"
"034950","한국기업평가","KOSDAQ","","103300","200","0.19","469035096200"
"035080","그래디언트","KOSDAQ","","12140","-330","-2.65","135653926060"
"035200","프럼파스트","KOSDAQ","","2760","55","2.03","25447147560"
"035290","골드앤에스","KOSDAQ","","384","0","0.00","1830776832"
"035460","기산텔레콤","KOSDAQ","","2650","45","1.73","39538901000"
"035600","KG이니시스","KOSDAQ","","9950","-20","-0.2","274166618300"
"035610","솔본","KOSDAQ","","5260","-30","-0.57","143839944220"
"035620","바른손이앤에이","KOSDAQ","","645","33","5.39","12003397110"
"035760","CJ ENM","KOSDAQ","","36700","-800","-2.13","804799951800"
"035810","이지홀딩스","KOSDAQ","","4630","10","0.22","298709936550"
"035890","서희건설","KOSDAQ","","2340","40","1.74","485757174240"
"035900","JYP Ent.","KOSDAQ","","38500","-100","-0.26","1368000942000"
"036000","예림당","KOSDAQ","","2790","-5","-0.18","64265632830"
"036010","아비코전자","KOSDAQ","","7140","90","1.28","94911548760"
"036030","케이티알파","KOSDAQ","","4970","10","0.2","243625130770"
"036090","위지트","KOSDAQ","","1357","-17","-1.24","57741047498"
"036120","서울평가정보","KOSDAQ","","1675","-6","-0.36","58867875000"
"036170","에이치엠넥스","KOSDAQ","","2640","-60","-2.22","162005252640"
"036190","금화피에스시","KOSDAQ","","34100","-400","-1.16","204600000000"
"036200","유니셈","KOSDAQ","","9100","40","0.44","279044429300"
"036220","오상헬스케어","KOSDAQ","","6760","20","0.3","96731652160"
"036480","대성미생물","KOSDAQ","","6150","10","0.16","23370000000"
"036540","SFA반도체","KOSDAQ","","9020","370","4.28","1483431933060"
"036560","KZ정밀","KOSDAQ","","12210","110","0.91","192307500000"
"036620","감성코퍼레이션","KOSDAQ","","3730","-5","-0.13","335188781120"
"036630","세종텔레콤","KOSDAQ","","7960","-270","-3.28","111440000000"
"036640","HRS","KOSDAQ","","5020","10","0.2","82101096000"
"036670","삼양케이씨아이","KOSDAQ","","5070","50","1.00","54554214000"
"036690","코맥스","KOSDAQ","","2885","0","0.00","125692107675"
"036710","심텍홀딩스","KOSDAQ","","3860","-80","-2.03","203915130440"
"036800","나이스정보통신","KOSDAQ","","8040","60","0.75","365820000000"
"036810","에프에스티","KOSDAQ","","27100","200","0.74","586709281900"
"036830","솔브레인홀딩스","KOSDAQ","","40700","-100","-0.25","834512026700"
"036890","진성티이씨","KOSDAQ","","12210","-80","-0.65","269018326830"
"036930","주성엔지니어링","KOSDAQ","","205500","1500","0.74","9551870365500"
"037030","파워넷","KOSDAQ","","3810","215","5.98","97204499520"
"037070","파세코","KOSDAQ","","6490","30","0.46","129800000000"
"037230","한국팩키지","KOSDAQ","","1402","3","0.21","41780058454"
"037330","인지디스플레","KOSDAQ","","713","-1","-0.14","31290164712"
"037350","성도이엔지","KOSDAQ","","7430","250","3.48","113010300000"
"037370","EG","KOSDAQ","","4520","65","1.46","38984873440"
"037400","우리엔터프라이즈","KOSDAQ","","3660","0","0.00","19195488540"
"037440","희림","KOSDAQ","","4230","10","0.24","58892069250"
"037460","삼지전자","KOSDAQ","","31300","750","2.45","510769738600"
"037760","쎄니트","KOSDAQ","","2340","-35","-1.47","79169035140"
"037950","엘컴텍","KOSDAQ","","2795","10","0.36","47206160885"
"038010","제일테크노스","KOSDAQ","","5090","10","0.2","45810000000"
"038060","루멘스바이오스","KOSDAQ","","689","0","0.00","33143014541"
"038070","서린바이오","KOSDAQ","","4065","0","0.00","37807247940"
"038110","에코플라스틱","KOSDAQ","","2025","0","0.00","83367974250"
"038290","마크로젠","KOSDAQ","","12000","260","2.21","130096800000"
"038390","레드캡투어","KOSDAQ","","10000","-10","-0.1","167208220000"
"038460","바이오스마트","KOSDAQ","","2875","70","2.5","72664308250"
"038500","삼표시멘트","KOSDAQ","","6890","150","2.23","743543348340"
"038530","케이바이오랩스","KOSDAQ","","999","0","0.00","25864231878"
"038540","상상인","KOSDAQ","","1944","-23","-1.17","107558240472"
"038620","위즈코프","KOSDAQ","","1970","71","3.74","29837409210"
"038680","에스넷","KOSDAQ","","3825","5","0.13","76165855650"
"038870","에코심플렉스","KOSDAQ","","1996","16","0.81","27973838204"
"038880","아이에이","KOSDAQ","","3265","-35","-1.06","24534591095"
"038950","파인디지털","KOSDAQ","","2960","-45","-1.5","30223864400"
"039010","현대에이치티","KOSDAQ","","8070","150","1.89","69603750000"
"039020","이건홀딩스","KOSDAQ","","2535","0","0.00","57252237315"
"039030","이오테크닉스","KOSDAQ","","453500","-9000","-1.95","5586915925000"
"039200","오스코텍","KOSDAQ","","36550","-900","-2.4","1398336332800"
"039240","경남스틸","KOSDAQ","","1903","0","0.00","51342186412"
"039290","인포뱅크","KOSDAQ","","3975","-35","-0.87","34558562550"
"039310","세중","KOSDAQ","","1283","33","2.64","23250098761"
"039340","한국경제TV","KOSDAQ","","4940","5","0.1","108680000000"
"039420","케이엘넷","KOSDAQ","","2675","-15","-0.56","61383208950"
"039440","에스티아이","KOSDAQ","","20200","930","4.83","313242349400"
"039560","다산네트웍스","KOSDAQ","","2625","65","2.54","112582228500"
"039610","화성밸브","KOSDAQ","","6140","90","1.49","63919856000"
"039740","한국정보공학","KOSDAQ","","3070","-25","-0.81","24616478790"
"039830","오로라","KOSDAQ","","15300","960","6.69","164672217000"
"039840","디오","KOSDAQ","","9890","-110","-1.1","132682538920"
"039860","나노엔텍","KOSDAQ","","4180","30","0.72","159228961540"
"039980","폴라리스AI","KOSDAQ","","5080","60","1.2","73056567120"
"040160","누리플렉스","KOSDAQ","","6620","130","2.00","78667783620"
"040300","YTN","KOSDAQ","","2305","-85","-3.56","109895438900"
"040350","크레오에스지","KOSDAQ","","4270","420","10.91","84785956920"
"040420","정상제이엘에스","KOSDAQ","","5830","10","0.17","91400128160"
"040610","SG&G","KOSDAQ","","3265","55","1.71","55647347470"
"040910","아이씨디","KOSDAQ","","4105","20","0.49","74605398875"
"041020","폴라리스오피스","KOSDAQ","","3010","-60","-1.95","149548216930"
"041190","우리기술투자","KOSDAQ","","5430","190","3.63","433314000000"
"041440","현대에버다임","KOSDAQ","","6740","50","0.75","120253138880"
"041460","한국전자인증","KOSDAQ","","3470","25","0.73","65930000000"
"041510","에스엠","KOSDAQ","","80700","-1000","-1.22","1847601483000"
"041520","이엘씨","KOSDAQ","","12250","140","1.16","149311942500"
"041590","플래스크","KOSDAQ","","2370","0","0.00","116064014460"
"041830","인바디","KOSDAQ","","57500","-600","-1.03","775150715000"
"041910","폴라리스AI파마","KOSDAQ","","5400","-70","-1.28","71730090000"
"041920","메디아나","KOSDAQ","","8740","470","5.68","162548469020"
"041930","SY동아","KOSDAQ","","4975","0","0.00","75620000000"
"041960","코미팜","KOSDAQ","","9840","390","4.13","734243097840"
"042000","카페24","KOSDAQ","","14890","-490","-3.19","360012936410"
"042040","케이피엠테크","KOSDAQ","","5080","-140","-2.68","44048634280"
"042110","에스씨디","KOSDAQ","","1011","6","0.6","48861189204"
"042370","비츠로테크","KOSDAQ","","11440","0","0.00","299728286000"
"042420","네오위즈홀딩스","KOSDAQ","","23500","-200","-0.84","191343650500"
"042500","링네트","KOSDAQ","","4230","-25","-0.59","94291539120"
"042510","라온시큐어","KOSDAQ","","11550","-260","-2.2","128272313400"
"042520","한스바이오메드","KOSDAQ","","18120","-40","-0.22","258415970040"
"042600","새로닉스","KOSDAQ","","12000","-130","-1.07","149082888000"
"042940","상지건설","KOSDAQ","","5780","40","0.7","39469955360"
"043100","알파AI","KOSDAQ","","520","0","0.00","10457241600"
"043150","바텍","KOSDAQ","","17820","310","1.77","264702841920"
"043200","파루","KOSDAQ","","1192","13","1.1","24915371144"
"043220","티에스넥스젠","KOSDAQ","","1710","0","0.00","28191099330"
"043260","성호전자","KOSDAQ","","26800","5200","24.07","2022109526400"
"043340","에쎈테크","KOSDAQ","","814","-7","-0.85","38665000000"
"043360","디지아이","KOSDAQ","","2430","30","1.25","21870000000"
"043370","피에이치에이","KOSDAQ","","11220","90","0.81","235620000000"
"043590","웰킵스하이텍","KOSDAQ","","1543","14","0.92","20936011883"
"043610","KT지니뮤직","KOSDAQ","","1193","-2","-0.17","69331717534"
"043650","국순당","KOSDAQ","","3590","-40","-1.1","64111311360"
"043710","코스리거글로벌","KOSDAQ","","3110","-45","-1.43","53841881220"
"043910","자연과환경","KOSDAQ","","3250","-30","-0.91","36852221250"
"044180","KD","KOSDAQ","","205","0","0.00","5477148795"
"044340","위닉스","KOSDAQ","","2845","-105","-3.56","50849894125"
"044480","빌리언스","KOSDAQ","","3445","40","1.17","22909880435"
"044490","태웅","KOSDAQ","","37650","100","0.27","753277894650"
"044780","에이치케이","KOSDAQ","","1373","-2","-0.15","25408445551"
"044960","이글벳","KOSDAQ","","3125","10","0.32","39505884375"
"044990","에이치엔에스하이텍","KOSDAQ","","10590","210","2.02","81388650750"
"045060","오공","KOSDAQ","","2120","30","1.44","35916984880"
"045100","한양이엔지","KOSDAQ","","32100","1900","6.29","561750000000"
"045300","성우테크론","KOSDAQ","","2690","30","1.13","28371462280"
"045340","토탈소프트","KOSDAQ","","6780","80","1.19","58023511200"
"045390","대아티아이","KOSDAQ","","3265","-40","-1.21","230095575905"
"045510","정원엔시스","KOSDAQ","","1132","46","4.24","35635311324"
"045520","크린앤사이언스","KOSDAQ","","3270","70","2.19","21255000000"
"045660","에이텍","KOSDAQ","","8760","50","0.57","72357600000"
"045970","코아시아","KOSDAQ","","3460","30","0.87","91049470960"
"046070","코다코","KOSDAQ","","140","-115","-45.1","1973940640"
"046120","오르비텍","KOSDAQ","","5680","-80","-1.39","192298859440"
"046210","HLB파나진","KOSDAQ","","1127","-42","-3.59","51310010920"
"046310","백금T&A","KOSDAQ","","2320","-10","-0.43","38091247120"
"046390","삼화네트웍스","KOSDAQ","","2070","5","0.24","35747188110"
"046440","KG파이낸셜","KOSDAQ","","4080","-30","-0.73","147901574880"
"046890","서울반도체","KOSDAQ","","9850","0","0.00","574308190000"
"046940","우원개발","KOSDAQ","","2815","10","0.36","50879295250"
"046970","우리로","KOSDAQ","","8080","1060","15.1","354105991920"
"047080","한빛소프트","KOSDAQ","","1078","-8","-0.74","26758506236"
"047310","파워로직스","KOSDAQ","","3110","-10","-0.32","113859448050"
"047560","이스트소프트","KOSDAQ","","7850","140","1.82","92261693700"
"047770","코데즈컴바인","KOSDAQ","","3785","155","4.27","143234248570"
"047820","초록뱀미디어","KOSDAQ","","3285","-150","-4.37","80331160050"
"047920","HLB제약","KOSDAQ","","6210","-300","-4.61","203684000760"
"048410","현대바이오","KOSDAQ","","6800","140","2.1","656237889600"
"048430","유라테크","KOSDAQ","","6670","560","9.17","76838400000"
"048470","대동스틸","KOSDAQ","","2730","-45","-1.62","26344500000"
"048530","인트론바이오","KOSDAQ","","2830","-120","-4.07","87423675140"
"048550","SM C&C","KOSDAQ","","1074","-59","-5.21","103871501880"
"048770","TPC로보틱스","KOSDAQ","","4350","90","2.11","68286260850"
"048830","엔피케이","KOSDAQ","","1014","11","1.1","18986057922"
"048870","시너지이노베이션","KOSDAQ","","1505","36","2.45","132600979315"
"048910","대원미디어","KOSDAQ","","6560","150","2.34","82517885760"
"049070","인탑스","KOSDAQ","","18070","-470","-2.54","284463361000"
"049080","기가레인","KOSDAQ","","10380","40","0.39","88108906920"
"049120","파인디앤씨","KOSDAQ","","2890","20","0.7","30638806070"
"049180","셀루메드","KOSDAQ","","1009","0","0.00","83975227728"
"049430","코메론","KOSDAQ","","22550","-400","-1.74","204032400000"
"049470","비트플래닛","KOSDAQ","","2120","15","0.71","49915185880"
"049480","오픈베이스","KOSDAQ","","1980","46","2.38","62216318340"
"049520","유아이엘","KOSDAQ","","3785","0","0.00","116739335625"
"049550","잉크테크","KOSDAQ","","3450","0","0.00","67641655650"
"049630","재영솔루텍","KOSDAQ","","7350","80","1.1","171733771650"
"049720","고려신용정보","KOSDAQ","","9150","20","0.22","130845000000"
"049830","승일","KOSDAQ","","6380","40","0.63","39122874560"
"049950","미래컴퍼니","KOSDAQ","","10620","-10","-0.09","93645928080"
"049960","쎌바이오텍","KOSDAQ","","15500","100","0.65","145700000000"
"050090","비케이홀딩스","KOSDAQ","","853","-14","-1.61","20075128955"
"050110","캠시스","KOSDAQ","","1079","0","0.00","31533584017"
"050120","ES큐브","KOSDAQ","","3190","60","1.92","43269434340"
"050760","에스폴리텍","KOSDAQ","","1202","9","0.75","19634282956"
"050860","아세아텍","KOSDAQ","","1695","-2","-0.12","38137500000"
"050890","쏠리드","KOSDAQ","","9760","420","4.5","592983771840"
"050960","수산아이앤티","KOSDAQ","","8680","-90","-1.03","58598680000"
"051160","지어소프트","KOSDAQ","","12060","80","0.67","186621625800"
"051360","토비스","KOSDAQ","","11850","-80","-0.67","114253765800"
"051370","인터플렉스","KOSDAQ","","6310","90","1.45","147196348320"
"051380","피씨디렉트","KOSDAQ","","1533","-15","-0.97","23516330376"
"051390","YW","KOSDAQ","","3980","-30","-0.75","45194364640"
"051490","나라엠앤디","KOSDAQ","","2620","-70","-2.6","37204000000"
"051500","CJ프레시웨이","KOSDAQ","","21950","200","0.92","260581312700"
"051780","큐로홀딩스","KOSDAQ","","2695","45","1.7","20482064680"
"051980","중앙첨단소재","KOSDAQ","","1035","0","0.00","114979918815"
"052020","에스티큐브","KOSDAQ","","7260","-70","-0.95","493558692660"
"052220","iMBC","KOSDAQ","","1701","-22","-1.28","39123000000"
"052260","현대바이오랜드","KOSDAQ","","3950","-80","-1.99","118500000000"
"052300","오션인더블유","KOSDAQ","","1796","301","20.13","29174453888"
"052330","코텍","KOSDAQ","","10750","-60","-0.56","190937081750"
"052400","코나아이","KOSDAQ","","37950","450","1.2","552676893450"
"052420","오성첨단소재","KOSDAQ","","9800","210","2.19","95471688200"
"052460","아이크래프트","KOSDAQ","","5960","20","0.34","87063298560"
"052600","한네트","KOSDAQ","","2935","10","0.34","33939459500"
"052710","아모텍","KOSDAQ","","17000","1120","7.05","317573600000"
"052770","아이톡시","KOSDAQ","","312","0","0.00","4545457488"
"052790","액토즈소프트","KOSDAQ","","4110","0","0.00","44899888170"
"052860","아이앤씨","KOSDAQ","","6900","20","0.29","123281292600"
"052900","KX하이텍","KOSDAQ","","1036","13","1.27","79428141240"
"053030","바이넥스","KOSDAQ","","5990","-270","-4.31","195778286120"
"053050","지에스이","KOSDAQ","","1888","-34","-1.77","56616583136"
"053060","세동","KOSDAQ","","1240","-14","-1.12","21895199560"
"053080","케이엔솔","KOSDAQ","","8810","-50","-0.56","114528299670"
"053160","프리엠스","KOSDAQ","","9400","-560","-5.62","56400000000"
"053260","금강철강","KOSDAQ","","7160","-340","-4.53","134035200000"
"053270","구영테크","KOSDAQ","","1980","10","0.51","54272601900"
"053280","예스24","KOSDAQ","","2910","25","0.87","72750000000"
"053290","NE능률","KOSDAQ","","1613","-2","-0.12","26656933191"
"053300","한국정보인증","KOSDAQ","","5200","10","0.19","205738759200"
"053350","이니텍","KOSDAQ","","4455","-25","-0.56","98103844575"
"053450","세코닉스","KOSDAQ","","3000","15","0.5","44378409000"
"053580","웹케시","KOSDAQ","","6970","30","0.43","90292418920"
"053610","프로텍","KOSDAQ","","64800","-200","-0.31","583200000000"
"053620","태양","KOSDAQ","","6780","-20","-0.29","58308000000"
"053700","삼보모터스","KOSDAQ","","3905","10","0.26","104325031085"
"053800","안랩","KOSDAQ","","68200","2800","4.28","758827709200"
"053950","경남제약","KOSDAQ","","2180","-100","-4.39","42770834820"
"053980","오상자이엘","KOSDAQ","","2405","10","0.42","45653593115"
"054040","한국컴퓨터","KOSDAQ","","4390","-30","-0.68","70552963100"
"054050","NH농우바이오","KOSDAQ","","7060","20","0.28","113175760660"
"054090","삼진엘앤디","KOSDAQ","","1030","5","0.49","25708008960"
"054180","메디콕스","KOSDAQ","","2295","0","0.00","12686716395"
"054210","이랜텍","KOSDAQ","","6860","60","0.88","173497700600"
"054220","비츠로시스","KOSDAQ","","1720","-13","-0.75","21655859520"
"054300","팬스타엔터프라이즈","KOSDAQ","","1094","16","1.48","63639013830"
"054410","케이피티유","KOSDAQ","","3365","15","0.45","19269484060"
"054450","텔레칩스","KOSDAQ","","9750","270","2.85","147656271750"
"054540","삼영엠텍","KOSDAQ","","6700","40","0.6","87100000000"
"054620","APS","KOSDAQ","","3830","15","0.39","70449866430"
"054670","대한뉴팜","KOSDAQ","","5550","-20","-0.36","79669806000"
"054780","키이스트","KOSDAQ","","1341","35","2.68","26361100413"
"054800","아이디스홀딩스","KOSDAQ","","14990","-110","-0.73","155112862440"
"054920","한컴위드","KOSDAQ","","4930","-140","-2.76","139110209330"
"054930","유신","KOSDAQ","","17870","-110","-0.61","53610000000"
"054940","엑사이엔씨","KOSDAQ","","3815","15","0.39","25311414835"
"054950","제이브이엠","KOSDAQ","","23050","-50","-0.22","278672010600"
"056080","유진로봇","KOSDAQ","","12500","760","6.47","477943575000"
"056090","시지메드텍","KOSDAQ","","1190","0","0.00","122878252840"
"056190","SFA","KOSDAQ","","28000","750","2.75","1005445280000"
"056360","코위버","KOSDAQ","","6200","300","5.08","60740160000"
"056700","신화인터텍","KOSDAQ","","1416","-4","-0.28","41255288856"
"056730","CNT85","KOSDAQ","","1305","47","3.74","19343019285"
"057030","YBM넷","KOSDAQ","","2085","-35","-1.65","34011973245"
"057540","옴니시스템","KOSDAQ","","581","2","0.35","34508069708"
"057680","티사이언티픽","KOSDAQ","","1636","9","0.55","25837199124"
"058110","멕아이씨에스","KOSDAQ","","1545","40","2.66","24798068850"
"058400","KNN","KOSDAQ","","5810","-120","-2.02","76941667320"
"058450","한주에이알티","KOSDAQ","","944","44","4.89","5095685568"
"058470","리노공업","KOSDAQ","","69600","3200","4.82","5304344760000"
"058610","에스피지","KOSDAQ","","99400","900","0.91","2204429584000"
"058630","엠게임","KOSDAQ","","3875","-45","-1.15","72743724250"
"058820","CMG제약","KOSDAQ","","569","3","0.53","84282303364"
"058970","엠로","KOSDAQ","","16460","570","3.59","203491589240"
"059090","미코","KOSDAQ","","19980","-270","-1.33","667667224440"
"059100","아이컴포넌트","KOSDAQ","","6450","-100","-1.53","45607047000"
"059120","아진엑스텍","KOSDAQ","","7250","130","1.83","132747978500"
"059210","메타바이오메드","KOSDAQ","","3790","5","0.13","102979776550"
"059270","해성에어로보틱스","KOSDAQ","","4985","5","0.1","55659015515"
"060150","인선이엔티","KOSDAQ","","2825","-110","-3.75","128717203900"
"060230","제이케이시냅스","KOSDAQ","","1189","0","0.00","23239264202"
"060250","NHN KCP","KOSDAQ","","13000","-180","-1.37","522087943000"
"060260","뉴보텍","KOSDAQ","","913","-37","-3.89","12181571028"
"060280","큐렉소","KOSDAQ","","8030","210","2.69","331316113700"
"060310","3S","KOSDAQ","","1133","1","0.09","60115892320"
"060370","LS마린솔루션","KOSDAQ","","34000","2050","6.42","1776121036000"
"060380","동양에스텍","KOSDAQ","","1270","-33","-2.53","25019000000"
"060480","국일신동","KOSDAQ","","1610","-5","-0.31","17854900000"
"060540","에스에이티","KOSDAQ","","1462","1","0.07","38206349508"
"060560","HC홈센타","KOSDAQ","","1976","13","0.66","50166689976"
"060570","드림어스컴퍼니","KOSDAQ","","5090","110","2.21","75435398260"
"060590","씨티씨바이오","KOSDAQ","","3065","25","0.82","74114826300"
"060720","KH바텍","KOSDAQ","","10960","0","0.00","259504764320"
"060850","영림원소프트랩","KOSDAQ","","4530","5","0.11","36833430000"
"060900","에이전트AI","KOSDAQ","","3110","80","2.64","20351174460"
"061040","알에프텍","KOSDAQ","","7430","140","1.92","67228296890"
"061090","세나테크놀로지","KOSDAQ","","38000","-100","-0.26","207766900000"
"061250","화일약품","KOSDAQ","","6760","-40","-0.59","56902867840"
"061970","LB세미콘","KOSDAQ","","4040","-75","-1.82","283135344240"
"062970","한국첨단소재","KOSDAQ","","2990","-90","-2.92","90066044770"
"063080","컴투스홀딩스","KOSDAQ","","11640","-110","-0.94","76768034880"
"063170","서울옥션","KOSDAQ","","5640","60","1.08","100246865880"
"063440","SM Life Design","KOSDAQ","","1077","-2","-0.19","48808955028"
"063570","NICE인프라","KOSDAQ","","3310","-35","-1.05","113028979680"
"063760","이엘피","KOSDAQ","","2285","15","0.66","21307922050"
"064090","인크레더블버즈","KOSDAQ","","798","0","0.00","39694710510"
"064240","홈캐스트","KOSDAQ","","1791","-19","-1.05","62137403541"
"064260","다날","KOSDAQ","","4445","-55","-1.22","336244056365"
"064290","인텍플러스","KOSDAQ","","46750","-1500","-3.11","605766771500"
"064480","브리지텍","KOSDAQ","","2625","25","0.96","31375312500"
"064520","테크엘","KOSDAQ","","1475","26","1.79","32967816450"
"064550","바이오니아","KOSDAQ","","8820","-380","-4.13","227646766620"
"064760","티씨케이","KOSDAQ","","268500","-3500","-1.29","3001673196000"
"064800","포니링크","KOSDAQ","","2325","105","4.73","59430392175"
"064820","케이프","KOSDAQ","","8000","20","0.25","246881720000"
"064850","에프앤가이드","KOSDAQ","","18050","650","3.74","205956492600"
"065060","지엔코","KOSDAQ","","3325","-55","-1.63","19918033450"
"065130","탑엔지니어링","KOSDAQ","","2730","-40","-1.44","43690920000"
"065150","대산F&B","KOSDAQ","","1269","69","5.75","20225626560"
"065170","비엘팜텍","KOSDAQ","","2270","10","0.44","63364310110"
"065350","신성델타테크","KOSDAQ","","31450","600","1.94","864370164600"
"065370","위세아이텍","KOSDAQ","","2970","-5","-0.17","21930343380"
"065420","에스아이리소스","KOSDAQ","","940","0","0.00","7283384140"
"065440","이루온","KOSDAQ","","1521","51","3.47","41485305420"
"065450","빅텍","KOSDAQ","","2885","25","0.87","85095391655"
"065500","오리엔트정공","KOSDAQ","","1050","-8","-0.76","37530057600"
"065510","휴비츠","KOSDAQ","","6670","10","0.15","72555559650"
"065530","와이어블","KOSDAQ","","1303","46","3.66","62333902977"
"065570","삼영이엔씨","KOSDAQ","","764","0","0.00","12295692232"
"065650","하이퍼코퍼레이션","KOSDAQ","","1491","53","3.69","16320466617"
"065660","안트로젠","KOSDAQ","","15140","-20","-0.13","151492354000"
"065680","우주일렉트로","KOSDAQ","","22200","-550","-2.42","205138456200"
"065690","파커스","KOSDAQ","","1828","-9","-0.49","21962518796"
"065710","서호전기","KOSDAQ","","45400","100","0.22","233810000000"
"065770","CS","KOSDAQ","","940","4","0.43","9884160160"
"065950","웰크론","KOSDAQ","","1158","-22","-1.86","32691847716"
"066130","하츠","KOSDAQ","","3370","-5","-0.15","43136000000"
"066310","큐에스아이","KOSDAQ","","8410","420","5.26","77974332610"
"066360","체리부로","KOSDAQ","","1496","6","0.4","35868106472"
"066410","버킷스튜디오","KOSDAQ","","1153","0","0.00","159637252154"
"066430","아이로보틱스","KOSDAQ","","2070","-25","-1.19","81047695320"
"066590","스모트로닉","KOSDAQ","","2390","-5","-0.21","92440269430"
"066620","국보디자인","KOSDAQ","","25750","400","1.58","193125000000"
"066670","디티씨","KOSDAQ","","3220","5","0.16","60187975960"
"066700","테라젠이텍스","KOSDAQ","","2130","30","1.43","79134560880"
"066790","씨씨에스","KOSDAQ","","2205","0","0.00","97355245995"
"066900","디에이피","KOSDAQ","","1787","62","3.59","40644426861"
"066910","손오공","KOSDAQ","","1816","-3","-0.16","27942123712"
"066980","한성크린텍","KOSDAQ","","1497","16","1.08","80495490891"
"067000","조이시티","KOSDAQ","","1143","16","1.42","79899638778"
"067010","이씨에스","KOSDAQ","","2505","-35","-1.38","27275692500"
"067080","대화제약","KOSDAQ","","11150","-300","-2.62","207575647500"
"067160","SOOP","KOSDAQ","","36700","-600","-1.61","421857948900"
"067170","오텍","KOSDAQ","","2380","-40","-1.65","65356811100"
"067280","멀티캠퍼스","KOSDAQ","","23200","-100","-0.43","137501272800"
"067290","JW신약","KOSDAQ","","3390","-170","-4.78","189965779170"
"067310","하나마이크론","KOSDAQ","","38650","1050","2.79","2569872086850"
"067370","선바이오","KOSDAQ","","5800","0","0.00","70840277800"
"067390","아스트","KOSDAQ","","5880","30","0.51","247640651160"
"067570","엔브이에이치코리아","KOSDAQ","","1638","-5","-0.3","69074460000"
"067630","HLB생명과학","KOSDAQ","","2405","-145","-5.69","293210524490"
"067730","로지시스","KOSDAQ","","2225","25","1.14","21524476450"
"067770","세진티에스","KOSDAQ","","2490","-35","-1.39","20907516570"
"067900","와이엔텍","KOSDAQ","","6000","50","0.84","109197954000"
"067920","이글루","KOSDAQ","","6100","-90","-1.45","67076325900"
"067990","도이치모터스","KOSDAQ","","3795","-5","-0.13","110743982250"
"068050","팬엔터테인먼트","KOSDAQ","","1176","-15","-1.26","32568233376"
"068100","케이웨더","KOSDAQ","","2325","-5","-0.21","27731521200"
"068240","다원시스","KOSDAQ","","2530","0","0.00","96553495610"
"068330","일신바이오","KOSDAQ","","1041","-15","-1.42","46029001740"
"068760","셀트리온제약","KOSDAQ","","39100","-100","-0.26","1736131181200"
"068790","DMS","KOSDAQ","","7310","140","1.95","162165946440"
"068930","디지털대성","KOSDAQ","","8900","-20","-0.22","246310543800"
"068940","셀피글로벌","KOSDAQ","","778","0","0.00","35720093048"
"069080","웹젠","KOSDAQ","","11040","-230","-2.04","341870988000"
"069140","누리플랜","KOSDAQ","","1733","-59","-3.29","26161028332"
"069330","유아이디","KOSDAQ","","1270","-10","-0.78","21529768980"
"069410","엔텔스","KOSDAQ","","2670","-30","-1.11","27353680080"
"069510","에스텍","KOSDAQ","","12940","80","0.62","141175400000"
"069540","빛과전자","KOSDAQ","","4100","5","0.12","462036777700"
"069920","엑시온그룹","KOSDAQ","","1360","116","9.32","30864408480"
"070300","퀀텀레일","KOSDAQ","","1482","1","0.07","52647648378"
"070590","인티큐브","KOSDAQ","","2090","10","0.48","29008198890"
"071200","인피니트헬스케어","KOSDAQ","","12430","-970","-7.24","303247972940"
"071280","로체시스템즈","KOSDAQ","","7050","150","2.17","107841051150"
"071670","에이테크솔루션","KOSDAQ","","4985","35","0.71","49850000000"
"071850","캐스텍코리아","KOSDAQ","","1230","-9","-0.73","29840953740"
"072020","중앙백신","KOSDAQ","","9200","30","0.33","85162385200"
"072470","우리산업홀딩스","KOSDAQ","","2360","5","0.21","44574124760"
"072770","멤레이비티","KOSDAQ","","790","8","1.02","32794557420"
"072870","메가스터디","KOSDAQ","","13190","120","0.92","157237449210"
"072950","빛샘전자","KOSDAQ","","14250","910","6.82","114749692500"
"072990","에이치시티","KOSDAQ","","3145","-65","-2.02","45596857870"
"073010","케이에스피","KOSDAQ","","3455","-135","-3.76","138860768750"
"073110","엘엠에스","KOSDAQ","","5130","0","0.00","45635223150"
"073190","듀오백","KOSDAQ","","1622","0","0.00","19412160880"
"073490","LIG아큐버","KOSDAQ","","32000","0","0.00","243323072000"
"073540","에프알텍","KOSDAQ","","2670","110","4.3","30438000000"
"073560","우리손에프앤지","KOSDAQ","","1540","0","0.00","106625970220"
"073570","리튬포어스","KOSDAQ","","2050","133","6.94","24676522400"
"073640","테라사이언스","KOSDAQ","","654","0","0.00","76111715580"
"074430","아미노로직스","KOSDAQ","","1010","-14","-1.37","90235411920"
"074600","원익QnC","KOSDAQ","","27800","600","2.21","730806400000"
"075130","플랜티넷","KOSDAQ","","2205","-5","-0.23","35549715600"
"075970","동국알앤에스","KOSDAQ","","1622","-4","-0.25","29844800000"
"076080","웰크론한텍","KOSDAQ","","1135","-6","-0.53","25644367060"
"076610","해성옵틱스","KOSDAQ","","1162","-27","-2.27","70782104022"
"077360","덕산하이메탈","KOSDAQ","","11610","390","3.48","527523593220"
"078020","LS증권","KOSDAQ","","6570","40","0.61","364511418300"
"078070","유비쿼스홀딩스","KOSDAQ","","8740","240","2.82","149094287820"
"078130","국일제지","KOSDAQ","","3510","-70","-1.96","395719460370"
"078140","대봉엘에스","KOSDAQ","","7530","200","2.73","83481939870"
"078150","HB테크놀러지","KOSDAQ","","2045","-35","-1.68","194115076910"
"078160","메디포스트","KOSDAQ","","8870","-80","-0.89","347744828610"
"078340","컴투스","KOSDAQ","","33550","-200","-0.59","405663551150"
"078350","한양디지텍","KOSDAQ","","25550","3200","14.32","389493960100"
"078590","휴림에이텍","KOSDAQ","","2980","30","1.02","29765226380"
"078600","대주전자재료","KOSDAQ","","88000","1700","1.97","1381964144000"
"078860","아이오케이이엔엠","KOSDAQ","","3175","730","29.86","19612571900"
"078890","가온그룹","KOSDAQ","","4570","60","1.33","84201989510"
"079000","와토스코리아","KOSDAQ","","4000","50","1.27","28800000000"
"079170","한창산업","KOSDAQ","","6150","30","0.49","31980000000"
"079190","케스피온","KOSDAQ","","1281","-84","-6.15","12283352718"
"079370","제우스","KOSDAQ","","11110","710","6.83","344598758900"
"079650","서산","KOSDAQ","","6370","-70","-1.09","127400000000"
"079810","APS이노베이션","KOSDAQ","","3745","0","0.00","80622712030"
"079940","가비아","KOSDAQ","","40000","900","2.3","536827360000"
"079950","인베니아","KOSDAQ","","1379","-1","-0.07","19028958900"
"079960","동양이엔피","KOSDAQ","","17160","460","2.75","129586451280"
"079970","투비소프트","KOSDAQ","","596","0","0.00","7646223464"
"080010","이상네트웍스","KOSDAQ","","7520","-40","-0.53","73959733920"
"080160","모두투어","KOSDAQ","","8920","-650","-6.79","168588000000"
"080220","제주반도체","KOSDAQ","","73400","900","1.24","2528103942200"
"080420","모다이노칩","KOSDAQ","","1649","-1","-0.06","131460954678"
"080470","성창오토텍","KOSDAQ","","2725","15","0.55","19892500000"
"080520","오디텍","KOSDAQ","","2865","-25","-0.87","32438724705"
"080530","코디","KOSDAQ","","2425","-70","-2.81","26848833700"
"080580","오킨스전자","KOSDAQ","","22200","-200","-0.89","468219201000"
"080720","한국유니온제약","KOSDAQ","","2410","0","0.00","192441519730"
"081150","티플랙스","KOSDAQ","","2620","0","0.00","63583213240"
"081180","쎄크","KOSDAQ","","6090","360","6.28","53747508150"
"081580","성우전자","KOSDAQ","","2300","30","1.32","35668728900"
"082210","옵트론텍","KOSDAQ","","1811","55","3.13","63318590630"
"082270","젬백스","KOSDAQ","","9970","-230","-2.25","453441452390"
"082660","코스나인","KOSDAQ","","1","-1","-50.00","99640869"
"082800","비보존 제약","KOSDAQ","","2925","-10","-0.34","177605023050"
"082850","우리바이오","KOSDAQ","","4650","-75","-1.59","45064614750"
"082920","비츠로셀","KOSDAQ","","29350","150","0.51","1324843649950"
"083310","엘오티베큠","KOSDAQ","","9910","90","0.92","176497427030"
"083450","GST","KOSDAQ","","46300","-250","-0.54","853309000000"
"083470","이엠앤아이","KOSDAQ","","895","19","2.17","19099594455"
"083500","에프엔에스테크","KOSDAQ","","11360","120","1.07","94360442720"
"083550","케이엠","KOSDAQ","","3295","10","0.3","44667563675"
"083640","인콘","KOSDAQ","","5530","40","0.73","25391924040"
"083650","비에이치아이","KOSDAQ","","64300","-300","-0.46","1989723312500"
"083660","CSA 코스믹","KOSDAQ","","1523","-4","-0.26","26536994157"
"083790","CG인바이츠","KOSDAQ","","1000","19","1.94","76894182000"
"083930","아바코","KOSDAQ","","11810","-40","-0.34","173338310690"
"084110","휴온스글로벌","KOSDAQ","","21850","-350","-1.58","276616892200"
"084180","수성웹툰","KOSDAQ","","165","31","23.13","2982256695"
"084370","유진테크","KOSDAQ","","138000","1600","1.17","3162413796000"
"084440","유비온","KOSDAQ","","5520","-460","-7.69","21122191680"
"084650","랩지노믹스","KOSDAQ","","500","0","0.00","37119995000"
"084730","팅크웨어","KOSDAQ","","6770","120","1.8","75210800480"
"084850","아이티엠반도체","KOSDAQ","","7970","-180","-2.21","180782983980"
"084990","헬릭스미스","KOSDAQ","","3050","70","2.35","140583030850"
"085660","차바이오텍","KOSDAQ","","8000","220","2.83","743782768000"
"085670","뉴프렉스","KOSDAQ","","2950","50","1.72","72277244950"
"085810","알티캐스트","KOSDAQ","","1440","-49","-3.29","20357212320"
"085910","네오티스","KOSDAQ","","13250","110","0.84","182781338500"
"086040","바이오톡스텍","KOSDAQ","","2275","-30","-1.3","36305011925"
"086060","진바이오텍","KOSDAQ","","4740","-80","-1.66","40814182380"
"086390","유니테스트","KOSDAQ","","12120","300","2.54","256145607120"
"086450","동국제약","KOSDAQ","","20650","-450","-2.13","934008173000"
"086520","에코프로","KOSDAQ","","81100","-1200","-1.46","11011445927200"
"086670","비엠티","KOSDAQ","","18040","1370","8.22","179062965400"
"086710","선진뷰티사이언스","KOSDAQ","","6790","20","0.3","82860271200"
"086820","바이오솔루션","KOSDAQ","","6470","0","0.00","167728829950"
"086890","이수앱지스","KOSDAQ","","3595","0","0.00","146586089050"
"086900","메디톡스","KOSDAQ","","67300","-300","-0.44","491188848100"
"086960","MDS테크","KOSDAQ","","1978","28","1.44","84121709260"
"086980","쇼박스","KOSDAQ","","1830","2","0.11","114261540000"
"087010","펩트론","KOSDAQ","","156000","8100","5.48","3637506600000"
"087260","모바일어플라이언스","KOSDAQ","","247","0","0.00","8040556667"
"087600","픽셀플러스","KOSDAQ","","3995","55","1.4","32625399210"
"088130","동아엘텍","KOSDAQ","","5870","90","1.56","102638793180"
"088280","쏘닉스","KOSDAQ","","2945","-10","-0.34","50967613050"
"088290","이원컴포텍","KOSDAQ","","2210","-85","-3.7","17627119120"
"088340","유라클","KOSDAQ","","6670","-270","-3.89","29110334560"
"088390","이녹스","KOSDAQ","","8150","70","0.87","76494628600"
"088800","에이스테크","KOSDAQ","","2405","180","8.09","181592973770"
"088910","동우팜투테이블","KOSDAQ","","2015","-10","-0.49","51829354460"
"089010","켐트로닉스","KOSDAQ","","22350","150","0.68","374810103450"
"089030","테크윙","KOSDAQ","","45350","-550","-1.2","1680382800750"
"089140","넥스턴앤롤코리아","KOSDAQ","","2085","10","0.48","31934347890"
"089150","케이씨티","KOSDAQ","","1672","22","1.33","28674800000"
"089230","THE E&M","KOSDAQ","","2035","121","6.32","80222455390"
"089600","KT나스미디어","KOSDAQ","","12940","80","0.62","147600886400"
"089790","제이티","KOSDAQ","","5610","100","1.81","57870027930"
"089850","유비벨록스","KOSDAQ","","4250","-35","-0.82","62603345750"
"089890","코세스","KOSDAQ","","28150","400","1.44","466866680300"
"089970","브이엠","KOSDAQ","","55100","2300","4.36","1450604751500"
"089980","상아프론테크","KOSDAQ","","16840","1820","12.12","269255383080"
"090150","아이윈","KOSDAQ","","6050","-80","-1.31","25334550450"
"090360","로보스타","KOSDAQ","","78800","100","0.13","768300000000"
"090410","덕신이피씨","KOSDAQ","","3485","-45","-1.27","32120614215"
"090470","제이스로보틱스","KOSDAQ","","4245","-10","-0.24","74188141530"
"090710","휴림로봇","KOSDAQ","","6450","320","5.22","771155737050"
"090850","현대이지웰","KOSDAQ","","5020","10","0.2","112839073060"
"091120","이엠텍","KOSDAQ","","5100","50","0.99","87377973600"
"091340","S&K폴리텍","KOSDAQ","","2490","15","0.61","29142265290"
"091440","한울소재과학","KOSDAQ","","2780","-65","-2.28","101165086820"
"091580","상신이디피","KOSDAQ","","23100","1550","7.19","307881858900"
"091590","남화토건","KOSDAQ","","6260","-100","-1.57","73492400000"
"091700","파트론","KOSDAQ","","5110","-140","-2.67","255500000000"
"091970","LSK아이로봇","KOSDAQ","","3700","-105","-2.76","27878686000"
"092040","아미코젠","KOSDAQ","","900","-8","-0.88","63589848300"
"092070","디엔에프","KOSDAQ","","12300","100","0.82","142333853400"
"092130","이크레더블","KOSDAQ","","14310","-100","-0.69","172343916000"
"092190","서울바이오시스","KOSDAQ","","8610","-120","-1.37","394926777630"
"092300","현우산업","KOSDAQ","","2460","30","1.23","49568682660"
"092460","한라IMS","KOSDAQ","","16410","-320","-1.91","280769848800"
"092600","앤씨앤","KOSDAQ","","3670","845","29.91","18411300010"
"092730","네오팜","KOSDAQ","","22850","-100","-0.44","366239548650"
"092870","엑시콘","KOSDAQ","","35400","1700","5.04","461998213800"
"093190","빅솔론","KOSDAQ","","8180","-140","-1.68","157374242900"
"093320","케이아이엔엑스","KOSDAQ","","140000","2600","1.89","683200000000"
"093380","풍강","KOSDAQ","","3105","25","0.81","30675266865"
"093520","매커스","KOSDAQ","","26500","50","0.19","315398680500"
"093640","케이알엠","KOSDAQ","","4580","-60","-1.29","150424219280"
"093920","서원인텍","KOSDAQ","","4825","-45","-0.92","89745000000"
"094170","동운아나텍","KOSDAQ","","27300","-150","-0.55","570841252800"
"094360","칩스앤미디어","KOSDAQ","","10890","290","2.74","232558933860"
"094480","갤럭시아머니트리","KOSDAQ","","5490","300","5.78","215371810620"
"094820","일진파워","KOSDAQ","","12400","0","0.00","186975991600"
"094840","슈프리마에이치큐","KOSDAQ","","12030","-110","-0.91","117967491270"
"094850","참좋은여행","KOSDAQ","","4340","-55","-1.25","60760000000"
"094860","네오리진","KOSDAQ","","1508","-12","-0.79","80089901112"
"094940","푸른로보틱스","KOSDAQ","","6230","120","1.96","52091434780"
"094970","제이엠티","KOSDAQ","","2710","-20","-0.73","45387730400"
"095190","신화프리텍","KOSDAQ","","1886","-7","-0.37","123081231332"
"095270","웨이브일렉트로","KOSDAQ","","4335","95","2.24","62304380010"
"095340","ISC","KOSDAQ","","186300","-1600","-0.85","3949011905400"
"095500","미래나노텍","KOSDAQ","","6640","30","0.45","205906393360"
"095610","테스","KOSDAQ","","138100","1800","1.32","2673616000000"
"095660","네오위즈","KOSDAQ","","17320","-820","-4.52","374743469880"
"095700","제넥신","KOSDAQ","","2900","65","2.29","132067432600"
"095910","에스에너지","KOSDAQ","","586","-1","-0.17","21351867524"
"096240","크레버스","KOSDAQ","","8540","-50","-0.58","87434057200"
"096250","와이즈넛","KOSDAQ","","5470","40","0.74","64627399070"
"096350","대창솔루션","KOSDAQ","","1944","5","0.26","71645657328"
"096530","씨젠","KOSDAQ","","33800","100","0.3","1579622787600"
"096630","에스코넥","KOSDAQ","","1800","16","0.9","28577381400"
"096690","에이루트","KOSDAQ","","6700","20","0.3","26953041400"
"096870","엘디티","KOSDAQ","","2475","95","3.99","20661297525"
"097780","에코볼트","KOSDAQ","","1508","5","0.33","30601978212"
"097800","윈팩","KOSDAQ","","2210","80","3.76","60310999450"
"097870","효성오앤비","KOSDAQ","","4440","-80","-1.77","37695600000"
"098070","한텍","KOSDAQ","","24850","200","0.81","276360353850"
"098120","마이크로컨텍솔","KOSDAQ","","53500","1400","2.69","444732981000"
"098460","고영","KOSDAQ","","27650","-650","-2.3","1885846489450"
"098660","에스티오","KOSDAQ","","1575","-31","-1.93","19689037200"
"099190","아이센스","KOSDAQ","","16190","340","2.15","478796794470"
"099220","SDN","KOSDAQ","","5440","330","6.46","34241726400"
"099320","쎄트렉아이","KOSDAQ","","78600","300","0.38","860770450800"
"099390","브레인즈컴퍼니","KOSDAQ","","3800","40","1.06","31191475400"
"099410","동방선기","KOSDAQ","","3230","10","0.31","45220000000"
"099430","바이오플러스","KOSDAQ","","3350","40","1.21","206496418700"
"099440","스맥","KOSDAQ","","4210","-120","-2.77","287304688740"
"099520","DGI","KOSDAQ","","1284","0","0.00","58141862016"
"099750","이지케어텍","KOSDAQ","","6970","170","2.5","95204435810"
"100030","인지소프트","KOSDAQ","","19950","-300","-1.48","65510094300"
"100120","뷰웍스","KOSDAQ","","25500","600","2.41","228770980500"
"100130","동국S&C","KOSDAQ","","1460","40","2.82","83428780000"
"100590","머큐리","KOSDAQ","","4940","240","5.11","84669352300"
"100660","서암기계공업","KOSDAQ","","3095","45","1.48","38997000000"
"100700","세운메디칼","KOSDAQ","","2425","-15","-0.61","106215000000"
"100790","미래에셋벤처투자","KOSDAQ","","17660","570","3.34","938109407480"
"101000","KS인더스트리","KOSDAQ","","2075","80","4.01","20564260525"
"101160","월덱스","KOSDAQ","","29900","-50","-0.17","493678690700"
"101170","우림피티에스","KOSDAQ","","8800","170","1.97","118800000000"
"101240","씨큐브","KOSDAQ","","3285","-60","-1.79","37307915820"
"101330","모베이스","KOSDAQ","","3600","85","2.42","83329304400"
"101360","에코앤드림","KOSDAQ","","7630","50","0.66","135708049820"
"101400","엔시트론","KOSDAQ","","1660","-101","-5.74","19491368080"
"101490","에스앤에스텍","KOSDAQ","","41700","850","2.08","889664454300"
"101670","하이드로리튬","KOSDAQ","","482","-18","-3.6","27366604134"
"101680","한국정밀기계","KOSDAQ","","2980","15","0.51","25043920000"
"101730","위메이드맥스","KOSDAQ","","4585","-185","-3.88","384238066310"
"101930","인화정공","KOSDAQ","","6460","-30","-0.46","295187574660"
"101970","우양에이치씨","KOSDAQ","","10140","640","6.74","149970691260"
"102120","어보브반도체","KOSDAQ","","7290","200","2.82","129621689370"
"102370","케이옥션","KOSDAQ","","2915","15","0.52","75464365350"
"102710","이엔에프테크놀로지","KOSDAQ","","41000","-350","-0.85","585801276000"
"102940","코오롱생명과학","KOSDAQ","","14040","-130","-0.92","183792066120"
"103230","에스앤더블류","KOSDAQ","","2270","-25","-1.09","16344000000"
"103840","우양","KOSDAQ","","1581","13","0.83","25875322668"
"104040","디에스엠","KOSDAQ","","2445","15","0.62","65559166425"
"104200","NHN벅스","KOSDAQ","","2265","-10","-0.44","33584400750"
"104460","디와이피엔에프","KOSDAQ","","6760","0","0.00","71102362760"
"104480","티케이케미칼","KOSDAQ","","1857","29","1.59","168792820938"
"104540","코렌텍","KOSDAQ","","4065","45","1.12","54501121650"
"104620","노랑풍선","KOSDAQ","","3260","-55","-1.66","54802399520"
"104830","원익머트리얼즈","KOSDAQ","","32600","350","1.09","411020800000"
"105330","케이엔더블유","KOSDAQ","","8230","250","3.13","131840649600"
"105550","엣지파운드리","KOSDAQ","","1694","3","0.18","26530428540"
"105740","디케이락","KOSDAQ","","7930","60","0.76","80636308090"
"105760","포스뱅크","KOSDAQ","","5080","30","0.59","51769705960"
"106080","케이이엠텍","KOSDAQ","","1650","0","0.00","9506998050"
"106190","하이텍팜","KOSDAQ","","10180","0","0.00","108245701140"
"106240","파인테크닉스","KOSDAQ","","1305","132","11.25","34689397770"
"107600","새빗켐","KOSDAQ","","13570","90","0.67","76671232780"
"107640","한중엔시에스","KOSDAQ","","41950","700","1.7","380274484700"
"108230","톱텍","KOSDAQ","","3320","180","5.73","126237173400"
"108380","대양전기공업","KOSDAQ","","19200","250","1.32","183692793600"
"108490","로보티즈","KOSDAQ","","306500","-3500","-1.13","4495444082000"
"108860","셀바스AI","KOSDAQ","","8850","190","2.19","238195891500"
"109080","옵티시스","KOSDAQ","","9780","660","7.24","55120080000"
"109610","에스와이","KOSDAQ","","1907","7","0.37","93266411800"
"109670","씨싸이트","KOSDAQ","","6660","-130","-1.91","38871769320"
"109740","디에스케이","KOSDAQ","","4090","-10","-0.24","105155495100"
"109820","진매트릭스","KOSDAQ","","1590","-5","-0.31","32425887600"
"109860","동일금속","KOSDAQ","","7490","100","1.35","68159000000"
"109960","앱토크롬","KOSDAQ","","1826","11","0.61","27631457458"
"110020","전진바이오팜","KOSDAQ","","2210","65","3.03","20019864020"
"110790","크리스에프앤씨","KOSDAQ","","2940","0","0.00","68887022400"
"110990","디아이티","KOSDAQ","","16810","530","3.26","317709000000"
"111710","남화산업","KOSDAQ","","3220","35","1.1","66293360000"
"112040","위메이드","KOSDAQ","","14930","-390","-2.55","506850851190"
"112290","와이씨켐","KOSDAQ","","10090","10","0.1","204030798100"
"113810","디젠스","KOSDAQ","","3095","25","0.81","20196762950"
"114190","강원에너지","KOSDAQ","","8650","-30","-0.35","225964278700"
"114450","그린생명과학","KOSDAQ","","2215","10","0.45","44300000000"
"114630","폴라리스우노","KOSDAQ","","1625","-11","-0.67","28007278000"
"114810","한솔아이원스","KOSDAQ","","12610","330","2.69","354885424140"
"114840","아이패밀리에스씨","KOSDAQ","","8510","-90","-1.05","141958586350"
"115160","휴맥스","KOSDAQ","","5680","-60","-1.05","24466787440"
"115180","큐리언트","KOSDAQ","","21400","-1000","-4.46","803230831400"
"115310","인포바인","KOSDAQ","","9490","40","0.42","140751400010"
"115440","우리넷","KOSDAQ","","10210","840","8.96","110209721320"
"115450","HLB테라퓨틱스","KOSDAQ","","1918","-132","-6.44","181602557892"
"115480","씨유메디칼","KOSDAQ","","2330","10","0.43","28251042630"
"115500","케이씨에스","KOSDAQ","","10370","310","3.08","124440000000"
"115530","씨엔플러스","KOSDAQ","","2700","100","3.85","23171548500"
"115570","스타플렉스","KOSDAQ","","2875","50","1.77","22955460500"
"115610","이미지스","KOSDAQ","","1657","-19","-1.13","19583700233"
"117670","알파칩스","KOSDAQ","","11530","1170","11.29","76809885260"
"117730","티로보틱스","KOSDAQ","","13340","1040","8.46","300924293620"
"118990","모트렉스","KOSDAQ","","6740","0","0.00","165381880540"
"119500","포메탈","KOSDAQ","","2445","-5","-0.2","28966482240"
"119610","인터로조","KOSDAQ","","13930","10","0.07","158993495710"
"119830","아이텍","KOSDAQ","","6080","-120","-1.94","161354298880"
"119850","지엔씨에너지","KOSDAQ","","54200","2900","5.65","891530867800"
"120240","대정화금","KOSDAQ","","14520","-90","-0.62","104404477320"
"121440","골프존홀딩스","KOSDAQ","","7730","-70","-0.9","331128603140"
"121600","나노신소재","KOSDAQ","","53400","1800","3.49","654800999400"
"121800","비덴트","KOSDAQ","","3320","0","0.00","256309348520"
"121890","에스디시스템","KOSDAQ","","2700","0","0.00","35886904200"
"122310","제노레이","KOSDAQ","","3350","-5","-0.15","48755377400"
"122350","삼기","KOSDAQ","","1621","0","0.00","62148212788"
"122450","KX","KOSDAQ","","2660","35","1.33","119220758440"
"122640","예스티","KOSDAQ","","29450","450","1.55","637631521250"
"122690","서진오토모티브","KOSDAQ","","1620","-29","-1.76","37388248920"
"122870","와이지엔터테인먼트","KOSDAQ","","43850","-250","-0.57","819602498650"
"122990","와이솔","KOSDAQ","","6570","-320","-4.64","168507879030"
"123010","MSDI","KOSDAQ","","2830","-95","-3.25","57210620610"
"123040","엠에스오토텍","KOSDAQ","","1674","-22","-1.3","104839772526"
"123330","제닉","KOSDAQ","","25050","50","0.2","199615434000"
"123410","코리아에프티","KOSDAQ","","5830","80","1.39","162313403120"
"123420","위메이드플레이","KOSDAQ","","6490","50","0.78","67502756090"
"123570","이엠넷","KOSDAQ","","1654","34","2.1","36844633012"
"123750","알톤","KOSDAQ","","1805","-37","-2.01","24943762495"
"123840","뉴온","KOSDAQ","","1926","271","16.37","29955174300"
"123860","아나패스","KOSDAQ","","13650","140","1.04","165484614750"
"124500","아이티센글로벌","KOSDAQ","","29650","750","2.6","688014225550"
"124560","태웅로직스","KOSDAQ","","1985","-13","-0.65","76860809835"
"125020","티씨머티리얼즈","KOSDAQ","","6540","680","11.6","229152117000"
"125210","아모그린텍","KOSDAQ","","6180","-80","-1.28","101950162200"
"125490","한라캐스트","KOSDAQ","","12050","870","7.78","439853341600"
"126340","비나텍","KOSDAQ","","80700","3300","4.26","579459409800"
"126600","BGF에코머티리얼즈","KOSDAQ","","3075","10","0.33","193008214425"
"126640","화신정공","KOSDAQ","","4050","175","4.52","141976435500"
"126700","하이비젼시스템","KOSDAQ","","10770","-40","-0.37","160926546240"
"126730","코칩","KOSDAQ","","23850","-700","-2.85","209167505100"
"126880","제이엔케이글로벌","KOSDAQ","","2530","20","0.8","58615351190"
"127120","제이에스링크","KOSDAQ","","32500","150","0.46","1204598427500"
"127710","아시아경제","KOSDAQ","","1286","98","8.25","56647284060"
"127980","화인써키트","KOSDAQ","","2640","25","0.96","31259405760"
"128540","에코캡","KOSDAQ","","1118","-26","-2.27","29839934280"
"128660","피제이메탈","KOSDAQ","","2875","-10","-0.35","71309685875"
"129890","앱코","KOSDAQ","","943","4","0.43","42949502686"
"129920","대성하이텍","KOSDAQ","","5320","-70","-1.3","86443062720"
"130500","GH신소재","KOSDAQ","","1892","38","2.05","27519238384"
"130580","나이스디앤비","KOSDAQ","","6850","50","0.74","105490000000"
"130740","티피씨글로벌","KOSDAQ","","1962","16","0.82","22124844198"
"131030","옵투스제약","KOSDAQ","","5740","70","1.23","101291426600"
"131090","시큐브","KOSDAQ","","4255","65","1.55","32585730355"
"131100","티엔엔터테인먼트","KOSDAQ","","2385","0","0.00","15381685440"
"131180","딜리","KOSDAQ","","4265","-20","-0.47","25035550000"
"131220","대한과학","KOSDAQ","","3615","5","0.14","26947981350"
"131290","티에스이","KOSDAQ","","243000","-5500","-2.21","2687927247000"
"131370","알서포트","KOSDAQ","","1507","-3","-0.2","80273494081"
"131400","이브이첨단소재","KOSDAQ","","766","0","0.00","45647381612"
"131760","파인텍","KOSDAQ","","1275","10","0.79","11075052900"
"131970","두산테스나","KOSDAQ","","86100","7200","9.13","1664075191800"
"133750","메가엠디","KOSDAQ","","1415","-1","-0.07","33121013955"
"134060","이퓨쳐","KOSDAQ","","5320","-30","-0.56","25372410000"
"134580","탑코미디어","KOSDAQ","","3740","-200","-5.08","184360117260"
"136150","원일티엔아이","KOSDAQ","","8280","440","5.61","69394928400"
"136410","아셈스","KOSDAQ","","3670","15","0.41","40440119020"
"136480","하림","KOSDAQ","","2630","-20","-0.75","279331516260"
"136540","윈스테크넷","KOSDAQ","","10750","-40","-0.37","132007269500"
"137080","나래나노텍","KOSDAQ","","6210","50","0.81","66508783290"
"137400","피엔티","KOSDAQ","","29000","450","1.58","687031112000"
"137940","넥스트아이","KOSDAQ","","1943","-97","-4.75","19064846181"
"137950","제이씨케미칼","KOSDAQ","","3705","-90","-2.37","82502250870"
"138070","신진에스엠","KOSDAQ","","1493","2","0.13","26132283572"
"138080","오이솔루션","KOSDAQ","","27450","450","1.67","339769457100"
"138360","앤로보틱스","KOSDAQ","","1699","13","0.77","149467713866"
"138610","나이벡","KOSDAQ","","14880","580","4.06","169152759840"
"139670","키네마스터","KOSDAQ","","2125","75","3.66","30002471250"
"140070","서플러스글로벌","KOSDAQ","","2155","80","3.86","79709140000"
"140410","메지온","KOSDAQ","","75100","1000","1.35","2299687717400"
"140430","카티스","KOSDAQ","","2805","-160","-5.4","29984067135"
"140520","대창스틸","KOSDAQ","","2030","0","0.00","42851763290"
"140670","알에스오토메이션","KOSDAQ","","10580","460","4.55","135845507200"
"140860","파크시스템스","KOSDAQ","","252000","-7500","-2.89","1764622188000"
"141000","비아트론","KOSDAQ","","9240","40","0.43","111939920400"
"141080","리가켐바이오","KOSDAQ","","82200","-1000","-1.2","3042996159600"
"142210","유니트론텍","KOSDAQ","","6110","130","2.17","126791072330"
"142280","녹십자엠에스","KOSDAQ","","3300","0","0.00","79078002300"
"142760","모아라이프플러스","KOSDAQ","","478","-12","-2.45","10077908220"
"143160","아이디스","KOSDAQ","","15960","20","0.13","171033584400"
"143240","사람인","KOSDAQ","","17280","0","0.00","185461591680"
"143540","영우디에스피","KOSDAQ","","1003","0","0.00","44733694685"
"144510","지씨셀","KOSDAQ","","14690","850","6.14","232107053360"
"144960","뉴파워프라즈마","KOSDAQ","","10280","780","8.21","449160174720"
"145020","휴젤","KOSDAQ","","214000","-17500","-7.56","2678247022000"
"145170","노브랜드","KOSDAQ","","2585","0","0.00","43708226925"
"146060","율촌","KOSDAQ","","1083","-12","-1.1","26008889385"
"146320","비씨엔씨","KOSDAQ","","9840","-30","-0.3","125931562320"
"147760","피엠티","KOSDAQ","","3120","85","2.8","62400000000"
"147830","제룡산업","KOSDAQ","","7200","190","2.71","144000000000"
"148150","세경하이테크","KOSDAQ","","4135","-20","-0.48","146969552430"
"148250","알엔투테크놀로지","KOSDAQ","","2100","-40","-1.87","28582478400"
"148780","비큐AI","KOSDAQ","","3870","0","0.00","24338991150"
"148930","에이치와이티씨","KOSDAQ","","3200","-10","-0.31","32560681600"
"149950","아바텍","KOSDAQ","","11750","650","5.86","160595510250"
"149980","하이로닉","KOSDAQ","","4715","5","0.11","81093501890"
"150900","파수AI","KOSDAQ","","4100","0","0.00","47986080200"
"151860","KG에코솔루션","KOSDAQ","","5610","-40","-0.71","267052841220"
"153460","네이블","KOSDAQ","","5660","-60","-1.05","36959879240"
"153490","우리이앤엘하루틴","KOSDAQ","","3170","5","0.16","32638320000"
"153710","옵티팜","KOSDAQ","","4720","0","0.00","69242201760"
"153890","져스텍","KOSDAQ","","9970","-80","-0.8","120141540850"
"154030","아시아종묘","KOSDAQ","","1685","-11","-0.65","20324245895"
"154040","다산솔루에타","KOSDAQ","","1055","0","0.00","22804472770"
"155650","와이엠씨","KOSDAQ","","3345","115","3.56","63469227510"
"156100","엘앤케이바이오","KOSDAQ","","5940","0","0.00","132765848820"
"158430","아톤","KOSDAQ","","5650","-90","-1.57","138323819800"
"159010","아스플로","KOSDAQ","","22050","850","4.01","294030994950"
"159580","제로투세븐","KOSDAQ","","2130","5","0.24","42669514680"
"159910","에코글로우","KOSDAQ","","3060","-50","-1.61","32029316820"
"160190","하이젠알앤엠","KOSDAQ","","27400","3350","13.93","846331200000"
"160550","NEW","KOSDAQ","","1117","23","2.1","31171120402"
"160980","싸이맥스","KOSDAQ","","24800","-200","-0.8","270921226400"
"161580","필옵틱스","KOSDAQ","","31550","50","0.16","739602892850"
"162300","신스틸","KOSDAQ","","2470","-30","-1.2","102434313540"
"163280","에어레인","KOSDAQ","","3795","-110","-2.82","51623681010"
"163730","핑거","KOSDAQ","","9990","560","5.94","127529512830"
"166090","하나머티리얼즈","KOSDAQ","","55700","1900","3.53","1101616441800"
"166480","코아스템켐온","KOSDAQ","","2080","-30","-1.42","109970382080"
"168330","내츄럴엔도텍","KOSDAQ","","2380","5","0.21","75576662000"
"168360","펨트론","KOSDAQ","","13600","430","3.26","304538775200"
"169330","엠브레인","KOSDAQ","","1414","94","7.12","25900122052"
"170030","현대공업","KOSDAQ","","4800","15","0.31","73632000000"
"170790","파이오링크","KOSDAQ","","8430","-40","-0.47","53929534050"
"170920","엘티씨","KOSDAQ","","33650","800","2.44","355482839900"
"171010","램테크놀러지","KOSDAQ","","2570","-20","-0.77","36747792640"
"171090","선익시스템","KOSDAQ","","72100","800","1.12","730201834600"
"171120","라이온켐텍","KOSDAQ","","1994","15","0.76","71588109440"
"172670","에이엘티","KOSDAQ","","12690","310","2.5","113705686710"
"173130","오파스넷","KOSDAQ","","7160","280","4.07","93412746680"
"173940","에프엔씨엔터","KOSDAQ","","2100","-70","-3.23","32324896800"
"174900","앱클론","KOSDAQ","","19560","-590","-2.93","390263643240"
"175140","아고스","KOSDAQ","","2290","40","1.78","57122339370"
"175250","아이큐어","KOSDAQ","","1584","-68","-4.12","97790326128"
"176750","듀켐바이오","KOSDAQ","","6070","-110","-1.78","172926530400"
"177350","베셀","KOSDAQ","","1540","-1","-0.06","15270410540"
"177830","파버나인","KOSDAQ","","2195","15","0.69","24860554635"
"177900","쓰리에이로직스","KOSDAQ","","3580","15","0.42","34466808000"
"178320","서진시스템","KOSDAQ","","33850","-400","-1.17","2157040102650"
"178780","일월지엠엘","KOSDAQ","","2490","35","1.43","46411595550"
"179290","엠아이텍","KOSDAQ","","4605","-135","-2.85","149043947190"
"179530","애드바이오텍","KOSDAQ","","1809","-68","-3.62","49256427051"
"179900","유티아이","KOSDAQ","","2330","45","1.97","50256513270"
"180400","DXVX","KOSDAQ","","2330","-15","-0.64","229340576560"
"182360","큐브엔터","KOSDAQ","","6480","-70","-1.07","100728917280"
"182400","엔케이젠바이오텍코리아","KOSDAQ","","3670","0","0.00","265496721770"
"183300","코미코","KOSDAQ","","30850","1650","5.65","1584557033750"
"183490","엔지켐생명과학","KOSDAQ","","990","0","0.00","83793832650"
"184230","SGA솔루션즈","KOSDAQ","","2230","95","4.45","41999712960"
"185490","아이진","KOSDAQ","","1931","7","0.36","83476712904"
"186230","그린플러스","KOSDAQ","","3220","-15","-0.46","35163005360"
"187220","디티앤씨","KOSDAQ","","1988","13","0.66","22911566804"
"187270","신화콘텍","KOSDAQ","","3035","-5","-0.16","30786569575"
"187420","HLB제넥스","KOSDAQ","","1733","-47","-2.64","56573693151"
"187660","페니트리움바이오","KOSDAQ","","6530","50","0.77","417699632090"
"187790","나노","KOSDAQ","","3165","0","0.00","97611226950"
"187870","디바이스","KOSDAQ","","10340","180","1.77","143341062480"
"188040","바이오포트","KOSDAQ","","5020","45","0.9","23490126160"
"188260","세니젠","KOSDAQ","","2035","-45","-2.16","28289182130"
"189300","인텔리안테크","KOSDAQ","","68100","-1200","-1.73","731223545700"
"189330","씨이랩","KOSDAQ","","12060","-50","-0.41","113150345040"
"189690","포시에스","KOSDAQ","","1540","-2","-0.13","42075832260"
"189860","서전기전","KOSDAQ","","5280","30","0.57","51209558400"
"189980","흥국에프엔비","KOSDAQ","","1177","7","0.6","47242222379"
"190510","나무가","KOSDAQ","","16400","250","1.55","230999198800"
"190650","코리아에셋투자증권","KOSDAQ","","6450","-80","-1.23","41202600000"
"191410","육일씨엔에쓰","KOSDAQ","","1874","76","4.23","20996773870"
"191420","테고사이언스","KOSDAQ","","7450","-150","-1.97","60410813300"
"192250","케이사인","KOSDAQ","","7890","-80","-1.00","55759616250"
"192390","윈하이텍","KOSDAQ","","1845","22","1.21","22079568870"
"192410","오늘이엔엠","KOSDAQ","","4095","-45","-1.09","103136297355"
"192440","슈피겐코리아","KOSDAQ","","29700","-500","-1.66","184625981100"
"193250","링크드","KOSDAQ","","2065","5","0.24","27606846645"
"194480","데브시스터즈","KOSDAQ","","14420","-150","-1.03","175479143000"
"194700","노바렉스","KOSDAQ","","10300","130","1.28","188024934400"
"195500","마니커에프앤지","KOSDAQ","","1735","11","0.64","27721830000"
"195940","HK이노엔","KOSDAQ","","39000","-100","-0.26","1104865749000"
"195990","루트K","KOSDAQ","","1174","0","0.00","19121964076"
"196170","알테오젠","KOSDAQ","","253500","-500","-0.2","17657576215500"
"196300","HLB펩","KOSDAQ","","4165","-20","-0.48","39542289255"
"196450","코아시아씨엠","KOSDAQ","","3950","115","3.00","35802800000"
"196490","디에이테크놀로지","KOSDAQ","","6090","0","0.00","69131518050"
"196700","웹스","KOSDAQ","","1422","33","2.38","20425812768"
"197140","디지캡","KOSDAQ","","2445","110","4.71","31817161530"
"198080","캐프","KOSDAQ","","2150","-10","-0.46","46300647750"
"198440","강동씨앤엘","KOSDAQ","","1768","-101","-5.4","107727592128"
"198940","한주라이트메탈","KOSDAQ","","1394","-31","-2.18","27754205440"
"199430","케이엔알시스템","KOSDAQ","","18980","30","0.16","212519876140"
"199480","뱅크웨어글로벌","KOSDAQ","","3895","20","0.52","39715710260"
"199550","레이저옵텍","KOSDAQ","","3115","-75","-2.35","46244638965"
"199730","바이오인프라","KOSDAQ","","817","-92","-10.12","3974187839"
"199800","툴젠","KOSDAQ","","31950","-350","-1.08","287474246550"
"199820","제일일렉트릭","KOSDAQ","","8020","390","5.11","178204400000"
"200130","콜마비앤에이치","KOSDAQ","","7740","-100","-1.28","222722818920"
"200230","텔콘RF제약","KOSDAQ","","2205","35","1.61","20908403145"
"200350","아티스트스튜디오","KOSDAQ","","2505","-305","-10.85","25040042625"
"200470","에이팩트","KOSDAQ","","7240","240","3.43","317282545440"
"200670","휴메딕스","KOSDAQ","","24800","-250","-1.00","278502264000"
"200710","에이디테크놀로지","KOSDAQ","","25050","550","2.24","337223275350"
"200780","비씨월드제약","KOSDAQ","","2995","-25","-0.83","31943654695"
"201490","미투온","KOSDAQ","","4220","-415","-8.95","138094123720"
"203400","에이비온","KOSDAQ","","676","0","0.00","60908481504"
"203450","유니온바이오메트릭스","KOSDAQ","","2655","5","0.19","37379763585"
"203650","드림시큐리티","KOSDAQ","","2830","70","2.54","287823689720"
"204020","그리티","KOSDAQ","","1769","1","0.06","34408521808"
"204270","제이앤티씨","KOSDAQ","","23550","1150","5.13","1362331374300"
"204610","티쓰리","KOSDAQ","","3045","5","0.16","169686339900"
"204620","글로벌텍스프리","KOSDAQ","","5860","-20","-0.34","411860313800"
"204840","지엘팜텍","KOSDAQ","","4560","20","0.44","70724692560"
"205100","엑셈","KOSDAQ","","1283","22","1.74","86653016842"
"205470","휴마시스","KOSDAQ","","2715","-120","-4.23","66992627715"
"205500","넥써쓰","KOSDAQ","","1818","0","0.00","151915346946"
"206400","베노티앤알","KOSDAQ","","654","-5","-0.76","24531643332"
"206560","덱스터","KOSDAQ","","905","-5","-0.55","22997621080"
"206640","바디텍메드","KOSDAQ","","9340","-70","-0.74","204619982140"
"206650","유바이오로직스","KOSDAQ","","8410","90","1.08","309086901870"
"207760","미스터블루","KOSDAQ","","2130","-90","-4.05","35391986280"
"208140","정다운","KOSDAQ","","2260","-20","-0.88","73866395960"
"208350","지란지교시큐리티","KOSDAQ","","3060","55","1.83","24790804200"
"208370","셀바스헬스케어","KOSDAQ","","2320","35","1.53","59718108480"
"208640","썸에이지","KOSDAQ","","828","109","15.16","11529092700"
"208710","포톤","KOSDAQ","","2790","-45","-1.59","36772568280"
"208860","다산디엠씨","KOSDAQ","","1303","0","0.00","44236814819"
"209640","와이제이링크","KOSDAQ","","3780","-40","-1.05","107515091880"
"210120","캔버스엔","KOSDAQ","","1750","-7","-0.4","16966234250"
"211050","인카금융서비스","KOSDAQ","","10630","60","0.57","523672673910"
"211270","AP위성","KOSDAQ","","9510","270","2.92","143432711040"
"212560","네오오토","KOSDAQ","","10190","-10","-0.1","137425886120"
"212710","아이에스티이","KOSDAQ","","6790","90","1.34","65964700620"
"213420","덕산네오룩스","KOSDAQ","","29250","-500","-1.68","726311985750"
"214150","클래시스","KOSDAQ","","31300","-150","-0.48","2041876126700"
"214180","헥토이노베이션","KOSDAQ","","13660","40","0.29","177489393220"
"214260","라파스","KOSDAQ","","7500","-80","-1.06","66918472500"
"214270","FSN","KOSDAQ","","1301","-7","-0.54","58872378436"
"214370","케어젠","KOSDAQ","","39900","-900","-2.21","2143228500000"
"214430","아이쓰리시스템","KOSDAQ","","62600","1600","2.62","457431659000"
"214450","파마리서치","KOSDAQ","","327500","-2000","-0.61","3402609720000"
"214610","롤링스톤","KOSDAQ","","2290","0","0.00","19197807380"
"214680","디알텍","KOSDAQ","","3920","5","0.13","65446011120"
"215000","골프존","KOSDAQ","","35250","-300","-0.84","221208378750"
"215090","솔디펜스","KOSDAQ","","1487","57","3.99","34432467907"
"215100","로보로보","KOSDAQ","","4145","80","1.97","84344341830"
"215200","메가스터디교육","KOSDAQ","","34800","-100","-0.29","360709516800"
"215360","우리산업","KOSDAQ","","6180","80","1.31","56436767340"
"215380","콜마바이오텍","KOSDAQ","","2160","40","1.89","36351884160"
"215480","토박스코리아","KOSDAQ","","1986","-19","-0.95","21329640000"
"215600","신라젠","KOSDAQ","","2205","-15","-0.68","305510608620"
"215790","이노인스트루먼트","KOSDAQ","","802","97","13.76","32307085498"
"216050","인크로스","KOSDAQ","","4965","45","0.91","60566158230"
"216080","제테마","KOSDAQ","","6980","210","3.1","260263951020"
"217190","제너셈","KOSDAQ","","7590","390","5.42","99837045990"
"217270","넵튠","KOSDAQ","","2430","-90","-3.57","110940087510"
"217330","싸이토젠","KOSDAQ","","3070","10","0.33","71007709290"
"217480","에스디생명공학","KOSDAQ","","499","0","0.00","54756837359"
"217500","러셀","KOSDAQ","","1519","4","0.26","48322428000"
"217730","강스템바이오텍","KOSDAQ","","2125","-15","-0.7","199865066625"
"217820","원익피앤이","KOSDAQ","","2280","-15","-0.65","108196394520"
"218150","미래생명자원","KOSDAQ","","1940","-25","-1.27","39606655880"
"218410","RFHIC","KOSDAQ","","60100","6700","12.55","1597184064200"
"219130","타이거일렉","KOSDAQ","","72000","200","0.28","454628880000"
"219420","링크제니시스","KOSDAQ","","3395","15","0.44","38938976265"
"219550","디와이디","KOSDAQ","","1149","-1","-0.09","47544712290"
"219750","한국비티비","KOSDAQ","","1630","-6","-0.37","21329164510"
"220100","퓨쳐켐","KOSDAQ","","6130","-170","-2.7","137480084600"
"220180","폴라리스AI핸디","KOSDAQ","","1357","-29","-2.09","32474152594"
"220260","켐트로스","KOSDAQ","","3870","70","1.84","124118852850"
"221800","지구홀딩스","KOSDAQ","","3725","125","3.47","60787719975"
"221840","하이즈항공","KOSDAQ","","2050","5","0.24","38336150050"
"221980","케이디켐","KOSDAQ","","9480","20","0.21","38249904000"
"222040","코스맥스엔비티","KOSDAQ","","7570","140","1.88","156153960000"
"222080","SFA넥셀","KOSDAQ","","7730","90","1.18","601240513120"
"222110","팬젠","KOSDAQ","","4780","10","0.21","64599353020"
"222420","쎄노텍","KOSDAQ","","938","-12","-1.26","45416574574"
"222800","심텍","KOSDAQ","","125700","-2500","-1.95","4773360459600"
"222980","한국맥널티","KOSDAQ","","2200","-5","-0.23","24269262600"
"223250","드림씨아이에스","KOSDAQ","","3135","-45","-1.42","77122391940"
"223310","사토시홀딩스","KOSDAQ","","3080","-5","-0.16","16030297360"
"224060","더코디","KOSDAQ","","5490","-2340","-29.89","28332363780"
"224110","에이텍모빌리티","KOSDAQ","","8660","40","0.46","43996142760"
"225190","LK삼양","KOSDAQ","","821","0","0.00","57854589240"
"225220","제놀루션","KOSDAQ","","1428","-1","-0.07","27403349988"
"225430","케이엠제약","KOSDAQ","","698","0","0.00","4527001150"
"225530","HC보광산업","KOSDAQ","","2110","20","0.96","76674713970"
"225570","넥슨게임즈","KOSDAQ","","11310","-140","-1.22","744878567940"
"225590","패션플랫폼","KOSDAQ","","3260","0","0.00","16695685760"
"226330","신테카바이오","KOSDAQ","","1140","-83","-6.79","27654661500"
"226340","본느","KOSDAQ","","5150","-50","-0.96","43210992600"
"226400","오스테오닉","KOSDAQ","","4250","-60","-1.39","87811804250"
"226590","엠디바이스","KOSDAQ","","13730","900","7.01","147141444320"
"226950","올릭스","KOSDAQ","","111600","-2600","-2.28","2538960152400"
"227610","아우딘퓨쳐스","KOSDAQ","","1050","1","0.1","20343299550"
"227950","엔투텍","KOSDAQ","","1276","11","0.87","44032474684"
"228340","동양파일","KOSDAQ","","3760","-45","-1.18","75200000000"
"228670","레이","KOSDAQ","","4625","35","0.76","72335097125"
"228760","지노믹트리","KOSDAQ","","11960","1770","17.37","297316055920"
"228850","레이언스","KOSDAQ","","8350","1050","14.38","138534966900"
"229000","젠큐릭스","KOSDAQ","","1957","0","0.00","45848918905"
"230240","에치에프알","KOSDAQ","","13640","940","7.4","181534760000"
"232140","와이씨","KOSDAQ","","11910","-20","-0.17","977160118500"
"232680","라온로보틱스","KOSDAQ","","9700","160","1.68","128597750000"
"232830","아이티센피엔에스","KOSDAQ","","3220","-265","-7.6","53238597720"
"234030","싸이닉솔루션","KOSDAQ","","3470","10","0.29","81909350000"
"234100","폴라리스세원","KOSDAQ","","2725","30","1.11","39789458100"
"234300","에스트래픽","KOSDAQ","","3110","105","3.49","84616195800"
"234340","헥토파이낸셜","KOSDAQ","","19700","1070","5.74","275221923200"
"234690","녹십자웰빙","KOSDAQ","","9200","-160","-1.71","165262268000"
"234920","자이글","KOSDAQ","","5310","0","0.00","71849132100"
"235980","메드팩토","KOSDAQ","","2720","-175","-6.04","93228329120"
"236200","슈프리마","KOSDAQ","","51300","0","0.00","357782154300"
"236810","엔비티","KOSDAQ","","1693","-39","-2.25","28739396218"
"237690","에스티팜","KOSDAQ","","92700","800","0.87","1935264342600"
"237750","피앤씨테크","KOSDAQ","","3395","50","1.49","22055957000"
"237820","플레이디","KOSDAQ","","2275","-25","-1.09","29181743500"
"237880","클리오","KOSDAQ","","12340","80","0.65","223000496020"
"238090","앤디포스","KOSDAQ","","1907","-48","-2.46","58145269080"
"238120","얼라인드","KOSDAQ","","3080","45","1.48","43792283920"
"238200","비피도","KOSDAQ","","2685","-70","-2.54","21963300000"
"238490","힘스","KOSDAQ","","2300","55","2.45","26018142800"
"239340","이스트에이드","KOSDAQ","","504","0","0.00","13597735536"
"239610","에이치엘사이언스","KOSDAQ","","5290","-20","-0.38","28524288350"
"239890","피엔에이치테크","KOSDAQ","","3585","50","1.41","35619681675"
"240550","동방메디컬","KOSDAQ","","5830","210","3.74","122044870200"
"240600","유진테크놀로지","KOSDAQ","","1230","30","2.5","10208274300"
"240810","원익IPS","KOSDAQ","","121500","3500","2.97","5963693971500"
"241520","DSC인베스트먼트","KOSDAQ","","8110","140","1.76","215726000000"
"241690","유니테크노","KOSDAQ","","2535","35","1.4","62033239710"
"241710","코스메카코리아","KOSDAQ","","131400","600","0.46","1403352000000"
"241770","메카로","KOSDAQ","","38700","400","1.04","394455168000"
"241790","티이엠씨씨엔에스","KOSDAQ","","6380","-20","-0.31","63816804920"
"241820","피씨엘","KOSDAQ","","6040","0","0.00","16803871920"
"241840","에이스토리","KOSDAQ","","2380","105","4.62","22705185720"
"242040","나무AX","KOSDAQ","","3110","0","0.00","107625481040"
"243070","휴온스","KOSDAQ","","19700","-350","-1.75","235999400500"
"243840","신흥에스이씨","KOSDAQ","","5710","110","1.96","220167521850"
"244460","올리패스","KOSDAQ","","1651","0","0.00","13415218661"
"245620","EDGC","KOSDAQ","","741","0","0.00","167118555474"
"246250","에스엘에스바이오","KOSDAQ","","1969","0","0.00","30220617614"
"246690","TS인베스트먼트","KOSDAQ","","2170","0","0.00","51598637580"
"246710","티앤알바이오팹","KOSDAQ","","2275","5","0.22","108436746600"
"246720","아스타","KOSDAQ","","6070","0","0.00","99434491000"
"246960","SCL사이언스","KOSDAQ","","2335","75","3.32","79429804745"
"247540","에코프로비엠","KOSDAQ","","104900","2200","2.14","10262412526600"
"247660","나노씨엠에스","KOSDAQ","","4490","345","8.32","23486830800"
"250000","보라티알","KOSDAQ","","5690","-50","-0.87","38411670770"
"250060","모비스","KOSDAQ","","3105","25","0.81","99891929970"
"250930","예선테크","KOSDAQ","","1100","-202","-15.51","7260096800"
"251120","바이오에프디엔씨","KOSDAQ","","8710","10","0.11","75739547000"
"251370","와이엠티","KOSDAQ","","7340","140","1.94","132216983420"
"251630","브이원텍","KOSDAQ","","3450","65","1.92","55002956700"
"251970","펌텍코리아","KOSDAQ","","61700","-200","-0.32","765080000000"
"252500","세화피앤씨","KOSDAQ","","2340","45","1.96","19415630520"
"252990","샘씨엔에스","KOSDAQ","","17320","560","3.34","1042973837480"
"253450","스튜디오드래곤","KOSDAQ","","20650","-300","-1.43","620707983700"
"253590","네오셈","KOSDAQ","","12240","0","0.00","536958567360"
"253840","수젠텍","KOSDAQ","","4615","0","0.00","77269868000"
"254120","자비스","KOSDAQ","","968","8","0.83","29770133360"
"254490","미래반도체","KOSDAQ","","15450","190","1.25","223067100000"
"255220","SG","KOSDAQ","","1123","-3","-0.27","123039588146"
"255440","야스","KOSDAQ","","6910","340","5.18","90230780000"
"256150","한독크린텍","KOSDAQ","","4935","5","0.1","41429325000"
"256630","포인트엔지니어링","KOSDAQ","","4370","-15","-0.34","50689439180"
"256840","한국비엔씨","KOSDAQ","","2780","0","0.00","190137783080"
"256940","킵스파마","KOSDAQ","","6050","-60","-0.98","121472789350"
"257370","피엔티엠에스","KOSDAQ","","1804","-4","-0.22","22558769244"
"257720","실리콘투","KOSDAQ","","41550","-400","-0.95","2724693270600"
"258610","케일럼","KOSDAQ","","1188","-1","-0.08","43344254844"
"258790","소프트캠프","KOSDAQ","","6670","580","9.52","33338367520"
"258830","세종메디칼","KOSDAQ","","412","0","0.00","31223976612"
"259630","엠플러스","KOSDAQ","","9300","20","0.22","113668282800"
"260660","알리코제약","KOSDAQ","","2385","-55","-2.25","36554945085"
"260930","씨티케이","KOSDAQ","","2340","30","1.3","45259322940"
"260970","에스앤디","KOSDAQ","","55400","-700","-1.25","160258571600"
"261200","덴티스","KOSDAQ","","2500","-100","-3.85","39524250000"
"261520","이지스","KOSDAQ","","5010","170","3.51","51491778000"
"261780","아리바이오랩","KOSDAQ","","4195","-90","-2.1","121470319320"
"262260","에이프로","KOSDAQ","","4450","35","0.79","67095587000"
"262840","아이퀘스트","KOSDAQ","","2710","0","0.00","28636439920"
"263020","디케이앤디","KOSDAQ","","3110","-10","-0.32","43030414060"
"263050","유틸렉스","KOSDAQ","","959","0","0.00","35324626904"
"263600","덕우전자","KOSDAQ","","3490","-30","-0.85","55596781900"
"263690","디알젬","KOSDAQ","","4925","10","0.2","55778629250"
"263700","케어랩스","KOSDAQ","","2005","28","1.42","38925471000"
"263720","디앤씨미디어","KOSDAQ","","7140","170","2.44","87433305540"
"263750","펄어비스","KOSDAQ","","34850","700","2.05","2190110263500"
"263770","유에스티","KOSDAQ","","1645","-3","-0.18","38986782940"
"263800","데이타솔루션","KOSDAQ","","4855","10","0.21","78774219900"
"263810","상신전자","KOSDAQ","","2585","5","0.19","41165672625"
"263860","지니언스","KOSDAQ","","18070","-780","-4.14","164068372000"
"263920","휴엠앤씨","KOSDAQ","","3220","-35","-1.08","31585063720"
"264450","유비쿼스","KOSDAQ","","10940","580","5.6","160440493420"
"264660","씨앤지하이테크","KOSDAQ","","13320","110","0.83","129486011040"
"264850","이랜시스","KOSDAQ","","5900","300","5.36","178738210800"
"265520","AP시스템","KOSDAQ","","18290","-290","-1.56","275279516090"
"265560","영화테크","KOSDAQ","","6380","-20","-0.31","68203348400"
"265740","엔에프씨","KOSDAQ","","8250","1900","29.92","147374700000"
"267320","나인테크","KOSDAQ","","2225","-10","-0.45","127749031375"
"267790","배럴","KOSDAQ","","3095","-105","-3.28","23798411355"
"267980","매일유업","KOSDAQ","","34100","150","0.44","261330055800"
"270520","앱튼","KOSDAQ","","2880","-20","-0.69","66697672320"
"270660","에브리봇","KOSDAQ","","13650","240","1.79","173226457950"
"270870","뉴트리","KOSDAQ","","3880","75","1.97","34900002480"
"271830","팸텍","KOSDAQ","","1101","6","0.55","32468712402"
"272110","케이엔제이","KOSDAQ","","27050","1050","4.04","217086934750"
"272290","이녹스첨단소재","KOSDAQ","","20300","-400","-1.93","404731432700"
"273060","와이즈버즈","KOSDAQ","","3840","-45","-1.16","37742807040"
"273640","와이엠텍","KOSDAQ","","5180","70","1.37","56803880000"
"274090","켄코아에어로스페이스","KOSDAQ","","13220","1690","14.66","182095016540"
"274400","이노시뮬레이션","KOSDAQ","","2105","-25","-1.17","19127067765"
"275630","에스에스알","KOSDAQ","","4000","0","0.00","21015232000"
"276040","스코넥","KOSDAQ","","327","0","0.00","7073119545"
"276730","한울앤제주","KOSDAQ","","1032","16","1.57","24363435360"
"277070","린드먼아시아","KOSDAQ","","3220","0","0.00","44088240000"
"277410","인산가","KOSDAQ","","5700","20","0.35","21894555000"
"277810","레인보우로보틱스","KOSDAQ","","436000","7500","1.75","8458338088000"
"277880","티에스아이","KOSDAQ","","3570","5","0.14","70840266840"
"278280","천보","KOSDAQ","","36450","-650","-1.75","446622761250"
"278650","HLB바이오스텝","KOSDAQ","","2505","20","0.8","43668151980"
"279600","미디어젠","KOSDAQ","","3915","95","2.49","18340917615"
"281740","레이크머티리얼즈","KOSDAQ","","10690","-90","-0.83","702659558120"
"282620","기도산업","KOSDAQ","","12700","120","0.95","74430978900"
"282720","금양그린파워","KOSDAQ","","7570","120","1.61","91744615000"
"282880","코윈로보틱스","KOSDAQ","","11140","350","3.24","130272073480"
"284620","카이노스메드","KOSDAQ","","1087","0","0.00","35965517911"
"285490","노바텍","KOSDAQ","","12050","60","0.5","127438763550"
"285800","진영","KOSDAQ","","5580","675","13.76","20053303560"
"286750","나노실리칸첨단소재","KOSDAQ","","2515","-15","-0.59","40276286420"
"287840","인투셀","KOSDAQ","","17150","210","1.24","257626614000"
"288180","케이피항공산업","KOSDAQ","","8230","60","0.73","60846546260"
"288330","파라택시스코리아","KOSDAQ","","416","0","0.00","44129674368"
"288620","에스프리즘","KOSDAQ","","4385","-65","-1.46","30604300660"
"288980","모아데이타","KOSDAQ","","270","0","0.00","9822972330"
"289010","아이스크림에듀","KOSDAQ","","1163","15","1.31","16218332728"
"289080","SV인베스트먼트","KOSDAQ","","2700","45","1.69","162373229100"
"289220","자이언트스텝","KOSDAQ","","987","-3","-0.3","22022162127"
"289930","웨이비스","KOSDAQ","","7770","-10","-0.13","102167807700"
"290090","트윔","KOSDAQ","","4360","-20","-0.46","32440876480"
"290120","DH오토리드","KOSDAQ","","2100","-40","-1.87","33232871700"
"290270","휴네시온","KOSDAQ","","2875","-30","-1.03","27622057000"
"290520","신도기연","KOSDAQ","","1605","7","0.44","25256543220"
"290550","디케이티","KOSDAQ","","21200","2480","13.25","424026076000"
"290560","파라택시스이더리움","KOSDAQ","","1238","34","2.82","27685059740"
"290650","엘앤씨바이오","KOSDAQ","","46100","-400","-0.86","1243303354400"
"290660","다이나믹솔루션","KOSDAQ","","1548","20","1.31","66313050624"
"290670","대보마그네틱","KOSDAQ","","5700","-40","-0.7","44788662000"
"290690","아리바이오홀딩스","KOSDAQ","","4000","60","1.52","212291220000"
"290720","푸드나무","KOSDAQ","","2870","10","0.35","109488413510"
"290740","액트로","KOSDAQ","","13690","770","5.96","137790000590"
"291230","컴투스엔","KOSDAQ","","2535","0","0.00","60868470585"
"291650","츌립앤사이언스","KOSDAQ","","1555","33","2.17","47458010655"
"291810","핀텔","KOSDAQ","","1560","-200","-11.36","17735190720"
"293490","카카오게임즈","KOSDAQ","","9160","-440","-4.58","977786627400"
"293580","나우IB","KOSDAQ","","1247","-12","-0.95","118377647650"
"293780","압타바이오","KOSDAQ","","6200","30","0.49","174179111000"
"294090","이오플로우","KOSDAQ","","1490","0","0.00","62295566450"
"294140","레몬","KOSDAQ","","2665","65","2.5","66397989970"
"294570","쿠콘","KOSDAQ","","25750","1550","6.4","259862099000"
"294630","서남","KOSDAQ","","3240","50","1.57","85857339960"
"295310","에이치브이엠","KOSDAQ","","60000","-700","-1.15","744273480000"
"296640","이노에이엑스","KOSDAQ","","6120","-30","-0.49","31690902240"
"297090","씨에스베어링","KOSDAQ","","4515","-285","-5.94","123124050000"
"297570","아틀라스링크","KOSDAQ","","3945","-25","-0.63","27316138635"
"297890","HB솔루션","KOSDAQ","","1621","-29","-1.76","118561421594"
"298060","풍전약품","KOSDAQ","","2340","-15","-0.64","22551625980"
"298380","에이비엘바이오","KOSDAQ","","56000","-2100","-3.61","3135297928000"
"298540","더네이쳐홀딩스","KOSDAQ","","6700","50","0.75","97058786200"
"298830","슈어소프트테크","KOSDAQ","","4165","-55","-1.3","222654648335"
"299030","하나기술","KOSDAQ","","13550","390","2.96","108331030500"
"299170","더블유에스아이","KOSDAQ","","1194","43","3.74","49564477872"
"299660","셀리드","KOSDAQ","","2310","30","1.32","68151876870"
"300080","플리토","KOSDAQ","","8960","-230","-2.5","147888840960"
"300120","라온피플","KOSDAQ","","3085","-50","-1.59","30543977255"
"301300","바이브컴퍼니","KOSDAQ","","1820","-136","-6.95","23941575840"
"302430","이노메트리","KOSDAQ","","7400","-90","-1.2","72543739200"
"302550","리메드","KOSDAQ","","2625","-10","-0.38","79471909125"
"303030","지니틱스","KOSDAQ","","1411","-11","-0.77","12921198636"
"303360","프로티아","KOSDAQ","","5270","-20","-0.38","67876098050"
"303530","이노뎁","KOSDAQ","","3025","-30","-0.98","22201379475"
"303810","동국생명과학","KOSDAQ","","2320","10","0.43","74203204800"
"304100","솔트룩스","KOSDAQ","","15300","140","0.92","192685981500"
"304360","에스바이오메딕스","KOSDAQ","","20450","100","0.49","255239067600"
"304840","피플바이오","KOSDAQ","","561","0","0.00","13643890260"
"305090","마이크로디지탈","KOSDAQ","","538","0","0.00","10087410692"
"306040","에스제이그룹","KOSDAQ","","1622","14","0.87","15063585368"
"306620","지아이에스","KOSDAQ","","2045","135","7.07","98041766280"
"307180","아이엘","KOSDAQ","","5930","170","2.95","218909958680"
"307280","원바이오젠","KOSDAQ","","5970","-20","-0.33","42354923190"
"307750","국전","KOSDAQ","","2345","45","1.96","126597845360"
"307870","비투엔","KOSDAQ","","1246","38","3.15","92576909110"
"307930","컴퍼니케이","KOSDAQ","","6180","40","0.65","96469800000"
"308080","바이젠셀","KOSDAQ","","5710","-140","-2.39","117050774600"
"308100","형지글로벌","KOSDAQ","","303","20","7.07","7823459394"
"308430","셀비온","KOSDAQ","","13430","-40","-0.3","173317520930"
"309710","아이티켐","KOSDAQ","","21000","0","0.00","268443021000"
"309930","조이웍스앤코","KOSDAQ","","856","-22","-2.51","16483040984"
"309960","LB인베스트먼트","KOSDAQ","","4300","35","0.82","99834127700"
"310200","애니플러스","KOSDAQ","","1945","18","0.93","101456716020"
"310210","보로노이","KOSDAQ","","132000","-9400","-6.65","2445108336000"
"310870","디와이씨","KOSDAQ","","1503","-63","-4.02","32949670806"
"311320","지오엘리먼트","KOSDAQ","","8170","150","1.87","103060955200"
"311390","네오크레마","KOSDAQ","","2310","60","2.67","29230252590"
"311690","CJ 바이오사이언스","KOSDAQ","","3645","-35","-0.95","47623608990"
"312610","에이에프더블류","KOSDAQ","","107","-7","-6.14","2167487016"
"313760","캐리","KOSDAQ","","468","0","0.00","5244963048"
"314130","지놈앤컴퍼니","KOSDAQ","","3395","-120","-3.41","177556547875"
"314140","알피바이오","KOSDAQ","","5960","-10","-0.17","51651511560"
"314930","바이오다인","KOSDAQ","","6770","-20","-0.29","201502977310"
"315640","딥노이드","KOSDAQ","","1918","93","5.1","56335940976"
"317120","라닉스","KOSDAQ","","1498","38","2.6","22859480000"
"317240","TS트릴리온","KOSDAQ","","1058","-3","-0.28","30868960238"
"317330","덕산테코피아","KOSDAQ","","13060","-200","-1.51","267424187040"
"317530","에피소드컴퍼니","KOSDAQ","","3220","0","0.00","56333520040"
"317690","퀀타매트릭스","KOSDAQ","","2205","-5","-0.23","44397738945"
"317770","엑스페릭스","KOSDAQ","","2600","10","0.39","96192205200"
"317830","에스피시스템스","KOSDAQ","","4290","70","1.66","46219679220"
"317850","대모","KOSDAQ","","6230","-70","-1.11","51861136600"
"317870","엔바이오니아","KOSDAQ","","5000","95","1.94","44209475000"
"318000","KBG","KOSDAQ","","2740","10","0.37","23948211020"
"318010","팜스빌","KOSDAQ","","3530","0","0.00","27990563140"
"318020","포인트모바일","KOSDAQ","","2685","65","2.48","33028915320"
"318060","그래피","KOSDAQ","","16220","-580","-3.45","181456010940"
"318160","셀바이오휴먼텍","KOSDAQ","","7400","450","6.47","69097596200"
"318410","비비씨","KOSDAQ","","6440","40","0.63","35775764920"
"319400","현대무벡스","KOSDAQ","","22500","900","4.17","2505960877500"
"319660","피에스케이","KOSDAQ","","126900","700","0.55","3675876006600"
"320000","한울반도체","KOSDAQ","","10750","-70","-0.65","74321952500"
"321260","프로이천","KOSDAQ","","1739","-3","-0.17","49026034076"
"321370","센서뷰","KOSDAQ","","1863","177","10.5","131569253613"
"321550","티움바이오","KOSDAQ","","4480","-115","-2.5","134572368000"
"321820","아티스트컴퍼니","KOSDAQ","","2970","-950","-24.23","46306386720"
"322180","LS티라유텍","KOSDAQ","","4190","120","2.95","90068684140"
"322310","오로스테크놀로지","KOSDAQ","","13090","190","1.47","122608034780"
"322510","제이엘케이","KOSDAQ","","5060","95","1.91","130173013520"
"322780","코퍼스코리아","KOSDAQ","","1841","-14","-0.75","27631686824"
"323280","태성","KOSDAQ","","45450","100","0.22","1387951191000"
"323350","다원넥스뷰","KOSDAQ","","8140","200","2.52","65207684080"
"323990","박셀바이오","KOSDAQ","","4310","-20","-0.46","100239156950"
"327260","RF머트리얼즈","KOSDAQ","","48600","3250","7.17","874257575400"
"328130","루닛","KOSDAQ","","8840","540","6.51","658210311200"
"328380","솔트웨어","KOSDAQ","","3840","-20","-0.52","26313811200"
"330350","위더스제약","KOSDAQ","","7330","-50","-0.68","96753654400"
"330730","스톤브릿지벤처스","KOSDAQ","","4615","25","0.54","84075285450"
"330860","네패스아크","KOSDAQ","","26350","150","0.57","321049585750"
"331380","포커스에이아이","KOSDAQ","","2070","-35","-1.66","76507669890"
"331520","밸로프","KOSDAQ","","2370","30","1.28","23228810820"
"331740","아우토크립트","KOSDAQ","","6480","-240","-3.57","63186421680"
"331920","셀레믹스","KOSDAQ","","11300","70","0.62","126351571500"
"332290","누보","KOSDAQ","","4355","5","0.11","34575429395"
"332370","아이디피","KOSDAQ","","5320","-30","-0.56","70616222320"
"332570","PS일렉트로닉스","KOSDAQ","","9100","490","5.69","418059487300"
"333050","이노테나","KOSDAQ","","5680","30","0.53","27970705600"
"333430","일승","KOSDAQ","","3860","15","0.39","118605243420"
"333620","엔시스","KOSDAQ","","5190","40","0.78","57079152900"
"334970","프레스티지바이오로직스","KOSDAQ","","1321","4","0.3","102711233477"
"335810","프리시젼바이오","KOSDAQ","","1477","-22","-1.47","32419420362"
"335870","윙스풋","KOSDAQ","","5420","70","1.31","18157509480"
"336060","웨이버스","KOSDAQ","","3050","-5","-0.16","29374672000"
"336570","원텍","KOSDAQ","","4910","-35","-0.71","438367971860"
"336680","탑런토탈솔루션","KOSDAQ","","2985","5","0.17","116849490630"
"337930","젝시믹스","KOSDAQ","","2410","-40","-1.63","71520304750"
"338220","뷰노","KOSDAQ","","5030","705","16.3","70429169690"
"338840","와이바이오로직스","KOSDAQ","","8220","-40","-0.48","126619753860"
"339950","아이비김영","KOSDAQ","","2375","-5","-0.21","106748305625"
"340360","다보링크","KOSDAQ","","988","73","7.98","52371382336"
"340440","세림B&G","KOSDAQ","","756","0","0.00","21454043184"
"340450","지씨지놈","KOSDAQ","","6900","-100","-1.43","163190471700"
"340570","티앤엘","KOSDAQ","","27300","250","0.92","438714276000"
"340810","시선AI","KOSDAQ","","4150","120","2.98","57890350300"
"340930","성원에너텍","KOSDAQ","","806","0","0.00","55513882710"
"342870","오아","KOSDAQ","","3675","-100","-2.65","20029473975"
"344860","이노진","KOSDAQ","","1419","-51","-3.47","21327570000"
"347000","센코","KOSDAQ","","1891","-9","-0.47","71500309786"
"347700","스피어","KOSDAQ","","24150","400","1.68","1244965392300"
"347740","피엔케이피부임상연구센타","KOSDAQ","","1760","-7","-0.4","52818613760"
"347770","핌스","KOSDAQ","","907","22","2.49","20552349714"
"347850","디앤디파마텍","KOSDAQ","","45300","-750","-1.63","2076443687700"
"347860","알체라","KOSDAQ","","1445","0","0.00","60912019915"
"347890","엠엑스온","KOSDAQ","","4235","-10","-0.24","72050918940"
"348030","모비릭스","KOSDAQ","","2810","-40","-1.4","26986678000"
"348080","큐라티스","KOSDAQ","","4540","-275","-5.71","58237998620"
"348150","고바이오랩","KOSDAQ","","2730","0","0.00","53013566970"
"348210","넥스틴","KOSDAQ","","32650","1200","3.82","342074213250"
"348340","뉴로메카","KOSDAQ","","19470","1070","5.82","455762015280"
"348350","위드텍","KOSDAQ","","9580","180","1.91","93631088000"
"348370","엔켐","KOSDAQ","","20400","200","0.99","446984277600"
"351320","넥사다이내믹스","KOSDAQ","","3915","-15","-0.38","116270183430"
"351330","이삭엔지니어링","KOSDAQ","","3475","495","16.61","28802607000"
"351870","차이커뮤니케이션","KOSDAQ","","2290","-25","-1.08","25557870180"
"352090","스톰테크","KOSDAQ","","3660","0","0.00","98355172680"
"352480","씨앤씨인터내셔널","KOSDAQ","","22100","0","0.00","301220812100"
"352700","씨앤투스","KOSDAQ","","1482","16","1.09","38942364318"
"352770","셀레스트라","KOSDAQ","","5250","0","0.00","13610136750"
"352910","오비고","KOSDAQ","","4870","0","0.00","61546095740"
"352940","인바이오","KOSDAQ","","2115","20","0.95","22985248950"
"353190","휴럼","KOSDAQ","","2585","-30","-1.15","20358643140"
"353590","오토앤","KOSDAQ","","1600","37","2.37","20600912000"
"353810","이지바이오","KOSDAQ","","6300","90","1.45","208416096000"
"354200","엔젠바이오","KOSDAQ","","1345","-112","-7.69","12019704135"
"354320","알멕","KOSDAQ","","37800","-600","-1.56","241594201800"
"355150","코스텍시스","KOSDAQ","","21600","-350","-1.59","168422760000"
"355390","크라우드웍스","KOSDAQ","","1530","32","2.14","24287746320"
"355690","에이텀","KOSDAQ","","5020","20","0.4","48043352780"
"356680","엑스게이트","KOSDAQ","","17570","320","1.86","501509154440"
"356860","티엘비","KOSDAQ","","37450","-50","-0.13","887612187000"
"356890","싸이버원","KOSDAQ","","2535","-15","-0.59","30302946375"
"357230","에이치피오","KOSDAQ","","2175","110","5.33","89813310300"
"357550","석경에이티","KOSDAQ","","31000","50","0.16","169105000000"
"357580","아모센스","KOSDAQ","","7190","310","4.51","84768388780"
"357780","솔브레인","KOSDAQ","","331000","1500","0.46","2574705346000"
"357880","SKAI","KOSDAQ","","1866","-63","-3.27","101103835920"
"358570","지아이이노베이션","KOSDAQ","","9560","480","5.29","616773017360"
"359090","씨엔알리서치","KOSDAQ","","2200","30","1.38","25287114600"
"360070","탑머티리얼","KOSDAQ","","8830","470","5.62","72335739690"
"360350","코셈","KOSDAQ","","6600","0","0.00","35890602000"
"361390","제노코","KOSDAQ","","13400","300","2.29","130467505400"
"361570","알비더블유","KOSDAQ","","1709","-28","-1.61","49122284319"
"361670","삼영에스앤씨","KOSDAQ","","3585","-15","-0.42","20318553930"
"362320","청담글로벌","KOSDAQ","","4460","90","2.06","92290409820"
"362990","드림인사이트","KOSDAQ","","1303","16","1.24","21891147922"
"363250","진시스템","KOSDAQ","","4030","-85","-2.07","34288779460"
"363260","모비데이즈","KOSDAQ","","4305","65","1.53","27693001665"
"364950","에이아이코리아","KOSDAQ","","3365","15","0.45","27917537425"
"365270","큐라클","KOSDAQ","","9140","-140","-1.51","202514906880"
"365330","에스와이스틸텍","KOSDAQ","","1576","16","1.03","79069496000"
"365340","성일하이텍","KOSDAQ","","35400","400","1.14","457407471000"
"365590","하이딥","KOSDAQ","","1399","-57","-3.91","25751777725"
"365660","레몬헬스케어","KOSDAQ","","4475","-60","-1.32","60213626525"
"365900","브이씨","KOSDAQ","","2670","-70","-2.55","19518501000"
"366030","나인앤컴퍼니","KOSDAQ","","4350","-35","-0.8","98544247500"
"367000","플래티어","KOSDAQ","","3560","-25","-0.7","29862016920"
"368600","아이씨에이치","KOSDAQ","","956","0","0.00","24660416740"
"368770","파이버프로","KOSDAQ","","14040","910","6.93","461273319000"
"368970","오에스피","KOSDAQ","","2800","105","3.9","31471210400"
"369370","블리츠웨이엔터테인먼트","KOSDAQ","","3195","50","1.59","31868150490"
"370090","퓨런티어","KOSDAQ","","6270","220","3.64","53651324100"
"371950","풍원정밀","KOSDAQ","","3390","30","0.89","79885383900"
"372170","윤성에프앤씨","KOSDAQ","","20500","450","2.24","163570484000"
"372320","큐로셀","KOSDAQ","","21450","-50","-0.23","326622410400"
"372800","아이티아이즈","KOSDAQ","","2880","45","1.59","20267104320"
"373110","엑셀세라퓨틱스","KOSDAQ","","1017","0","0.00","17588398698"
"373160","데이원컴퍼니","KOSDAQ","","3060","-180","-5.56","42250855140"
"373170","엠아이큐브솔루션","KOSDAQ","","1907","3","0.16","28821997530"
"373200","엑스플러스","KOSDAQ","","1862","-100","-5.1","46630507294"
"376180","피코그램","KOSDAQ","","1340","26","1.98","24871790920"
"376270","HEM파마","KOSDAQ","","33900","0","0.00","244729083300"
"376290","씨유테크","KOSDAQ","","2830","75","2.72","49970725000"
"376300","디어유","KOSDAQ","","17080","-100","-0.58","405451974480"
"376900","로킷헬스케어","KOSDAQ","","28500","750","2.7","497190765000"
"376930","노을","KOSDAQ","","1670","101","6.44","17131300880"
"376980","원티드랩","KOSDAQ","","3010","5","0.17","29396845940"
"377030","비트맥스","KOSDAQ","","1801","3","0.17","25739355302"
"377220","프롬바이오","KOSDAQ","","2895","-40","-1.36","16391490000"
"377330","이지트로닉스","KOSDAQ","","2660","-70","-2.56","21652277640"
"377450","리파인","KOSDAQ","","14920","-970","-6.1","258563600000"
"377460","큐에이드","KOSDAQ","","4080","0","0.00","253187202960"
"377480","마음AI","KOSDAQ","","9960","120","1.22","70818339000"
"378340","필에너지","KOSDAQ","","12210","480","4.09","264271799220"
"378800","샤페론","KOSDAQ","","510","0","0.00","23583945810"
"380540","옵티코어","KOSDAQ","","8450","0","0.00","206658126350"
"380550","뉴로핏","KOSDAQ","","6870","10","0.15","83806209420"
"381620","제닉스로보틱스","KOSDAQ","","6230","200","3.32","81724641600"
"382150","온코크로스","KOSDAQ","","3350","35","1.06","43705285900"
"382480","지아이텍","KOSDAQ","","1585","-1","-0.06","62381066900"
"382800","지앤비에스 에코","KOSDAQ","","5150","60","1.18","163929861150"
"382840","원준","KOSDAQ","","5170","-50","-0.96","78954073770"
"382900","범한퓨얼셀","KOSDAQ","","25450","-250","-0.97","222967450000"
"383310","에코프로에이치엔","KOSDAQ","","22200","-400","-1.77","465643490400"
"383930","디티앤씨알오","KOSDAQ","","1661","-39","-2.29","21234436608"
"384470","코어라인소프트","KOSDAQ","","2645","20","0.76","47469000340"
"386380","스카이랩스","KOSDAQ","","19440","-810","-4.00","364732832880"
"387570","파인메딕스","KOSDAQ","","6230","-10","-0.16","35049357000"
"387690","레메디","KOSDAQ","","15640","-190","-1.2","119267371240"
"388050","지투파워","KOSDAQ","","10480","210","2.04","196074899760"
"388210","씨엠티엑스","KOSDAQ","","74200","1900","2.63","716359299600"
"388610","지에프씨생명과학","KOSDAQ","","5810","100","1.75","30940475230"
"388720","유일로보틱스","KOSDAQ","","69200","-400","-0.57","815269074000"
"388790","라이콤","KOSDAQ","","5070","180","3.68","155213791200"
"388870","파로스아이바이오","KOSDAQ","","5580","10","0.18","72238300560"
"389020","자람테크놀로지","KOSDAQ","","16350","760","4.87","112898090700"
"389030","지니너스","KOSDAQ","","1953","-62","-3.08","76933105263"
"389140","포바이포","KOSDAQ","","5350","0","0.00","76343082250"
"389260","대명에너지","KOSDAQ","","13230","260","2.00","237032979750"
"389470","인벤티지랩","KOSDAQ","","25450","-600","-2.3","338681168600"
"389500","에스비비테크","KOSDAQ","","40850","850","2.13","272202831200"
"389650","넥스트바이오메디컬","KOSDAQ","","28650","-1000","-3.37","237144243900"
"389680","유디엠텍","KOSDAQ","","2940","20","0.68","24462837420"
"391710","코닉오토메이션","KOSDAQ","","1320","-21","-1.57","56259020400"
"393210","토마토시스템","KOSDAQ","","1962","-193","-8.96","30635735328"
"393890","더블유씨피","KOSDAQ","","10290","590","6.08","348245951760"
"393970","대진첨단소재","KOSDAQ","","2825","0","0.00","50428566500"
"394280","오픈엣지테크놀로지","KOSDAQ","","9090","570","6.69","239489957700"
"394420","리센스메디컬","KOSDAQ","","9380","170","1.85","103177195380"
"394800","쓰리빌리언","KOSDAQ","","4770","460","10.67","151793577810"
"396270","넥스트칩","KOSDAQ","","2355","-50","-2.08","77449900005"
"396300","HT로보틱스","KOSDAQ","","4660","-70","-1.48","123441070000"
"396470","워트","KOSDAQ","","6690","-50","-0.74","107842800000"
"397030","에이프릴바이오","KOSDAQ","","18280","240","1.33","503774534960"
"397810","애드포러스","KOSDAQ","","6470","-10","-0.15","33390181900"
"398120","에스지헬스케어","KOSDAQ","","2015","15","0.75","23860644665"
"399720","가온칩스","KOSDAQ","","42750","2350","5.82","506965581000"
"402030","코난테크놀로지","KOSDAQ","","13140","400","3.14","164479792320"
"402490","그린리소스","KOSDAQ","","6890","70","1.03","116683645130"
"403490","우듬지팜","KOSDAQ","","2220","-30","-1.33","20394012240"
"403850","더핑크퐁컴퍼니","KOSDAQ","","12100","-230","-1.87","173647221000"
"403870","HPSP","KOSDAQ","","53900","800","1.51","4435970000000"
"405000","플라즈맵","KOSDAQ","","3280","-90","-2.67","17625184960"
"405100","큐알티","KOSDAQ","","14000","270","1.97","172050214000"
"405920","나라셀라","KOSDAQ","","1899","18","0.96","24455466324"
"406820","뷰티스킨","KOSDAQ","","2625","315","13.64","37107412125"
"407400","꿈비","KOSDAQ","","1991","-9","-0.45","29137357194"
"408470","한패스","KOSDAQ","","4830","75","1.58","51062760000"
"408900","스튜디오미르","KOSDAQ","","1010","-15","-1.46","33080458290"
"408920","메쎄이상","KOSDAQ","","2920","0","0.00","126238768600"
"411080","샌즈랩","KOSDAQ","","6310","-220","-3.37","96338795780"
"412350","레이저쎌","KOSDAQ","","5390","180","3.45","78710401770"
"412540","제일엠앤에스","KOSDAQ","","3935","0","0.00","81063616775"
"413390","엠오티","KOSDAQ","","6250","-60","-0.95","72376125000"
"413630","씨피시스템","KOSDAQ","","4410","-70","-1.56","160685428050"
"413640","비아이매트릭스","KOSDAQ","","5950","20","0.34","42881293000"
"415380","스튜디오삼익","KOSDAQ","","2185","0","0.00","25002900375"
"416180","신성에스티","KOSDAQ","","24400","100","0.41","220570583200"
"417010","나노팀","KOSDAQ","","6760","40","0.6","136367641280"
"417030","니어스랩","KOSDAQ","","31250","2450","8.51","180548625000"
"417180","핑거스토리","KOSDAQ","","4305","225","5.51","24602597145"
"417200","LS머트리얼즈","KOSDAQ","","13500","350","2.66","913310896500"
"417500","제이아이테크","KOSDAQ","","3965","10","0.25","129991509960"
"417790","트루엔","KOSDAQ","","6750","120","1.81","70661639250"
"417840","저스템","KOSDAQ","","14810","410","2.85","338695532610"
"417860","오브젠","KOSDAQ","","7350","120","1.66","34595759100"
"417970","모델솔루션","KOSDAQ","","10650","260","2.5","68124855000"
"418250","시큐레터","KOSDAQ","","6550","0","0.00","47629012750"
"418420","라온텍","KOSDAQ","","4055","-45","-1.1","124790832690"
"418470","KT밀리의서재","KOSDAQ","","9490","110","1.17","81289337610"
"418550","제이오","KOSDAQ","","5010","105","2.14","160408541730"
"418620","E8","KOSDAQ","","710","0","0.00","14093838670"
"419050","삼기에너지솔루션즈","KOSDAQ","","1571","3","0.19","89855293040"
"419080","엔젯","KOSDAQ","","4820","20","0.42","52402157940"
"419120","산돌","KOSDAQ","","2295","35","1.55","32641989255"
"419530","SAMG엔터","KOSDAQ","","17500","600","3.55","178628397500"
"419540","비스토스","KOSDAQ","","3190","30","0.95","19006827070"
"420570","제이투케이바이오","KOSDAQ","","9770","30","0.31","57129908910"
"420770","기가비스","KOSDAQ","","113100","13100","13.1","1433628229800"
"424760","벨로크","KOSDAQ","","2150","10","0.47","21616891200"
"424870","이뮨온시아","KOSDAQ","","3290","-155","-4.5","300713465010"
"424960","스마트레이더시스템","KOSDAQ","","3950","-50","-1.25","65116184500"
"424980","마이크로투나노","KOSDAQ","","8520","-380","-4.27","50428942800"
"425040","티이엠씨","KOSDAQ","","10260","250","2.5","224928933480"
"425420","티에프이","KOSDAQ","","56200","-1400","-2.43","693911572200"
"429270","시지트로닉스","KOSDAQ","","3320","-60","-1.78","21411446920"
"430690","한싹","KOSDAQ","","2980","95","3.29","32468005920"
"431190","케이쓰리아이","KOSDAQ","","3895","500","14.73","29159691590"
"432430","와이랩","KOSDAQ","","2085","0","0.00","34419847200"
"432470","케이엔에스","KOSDAQ","","10560","-330","-3.03","92627631360"
"432720","퀄리타스반도체","KOSDAQ","","10340","10","0.1","146699494480"
"432980","엠에프씨","KOSDAQ","","2720","-30","-1.09","23369538240"
"434480","모니터랩","KOSDAQ","","2930","30","1.03","36069179000"
"435570","에르코스","KOSDAQ","","7020","50","0.72","53471220660"
"437730","삼현","KOSDAQ","","50100","1750","3.62","1588549106700"
"438700","버넥트","KOSDAQ","","1841","26","1.43","20517742490"
"439090","마녀공장","KOSDAQ","","15770","-30","-0.19","258521710200"
"439580","블루엠텍","KOSDAQ","","2840","140","5.19","96124193480"
"439960","코스모로보틱스","KOSDAQ","","11600","370","3.29","376427261600"
"440110","파두","KOSDAQ","","61000","-2600","-4.09","3056772647000"
"440290","HB인베스트먼트","KOSDAQ","","1753","10","0.57","48218771790"
"440320","오픈놀","KOSDAQ","","2205","35","1.61","22005900000"
"441270","파인엠텍","KOSDAQ","","9050","-350","-3.72","381954634600"
"443250","레뷰코퍼레이션","KOSDAQ","","5200","60","1.17","56211048400"
"443670","에스피소프트","KOSDAQ","","5470","-200","-3.53","131337785080"
"444530","심플랫폼","KOSDAQ","","4690","-90","-1.88","30165076340"
"445090","에이직랜드","KOSDAQ","","21050","700","3.44","229985100900"
"445180","퓨릿","KOSDAQ","","7760","320","4.3","133388098880"
"445680","큐리옥스바이오시스템즈","KOSDAQ","","45850","-1850","-3.88","789752449150"
"446540","메가터치","KOSDAQ","","8550","-380","-4.26","248626399050"
"446840","지슨","KOSDAQ","","3235","35","1.09","35638752760"
"448280","에코아이","KOSDAQ","","9280","180","1.98","274976877120"
"448710","코츠테크놀로지","KOSDAQ","","11460","340","3.06","60569446320"
"448900","한국피아이엠","KOSDAQ","","56700","4500","8.62","344421711900"
"450330","하스","KOSDAQ","","5190","-30","-0.57","42489715170"
"450520","인스웨이브","KOSDAQ","","1941","42","2.21","28541585898"
"450950","아스테라시스","KOSDAQ","","5220","40","0.77","196416030240"
"451220","아이엠티","KOSDAQ","","8140","-80","-0.97","64099333540"
"451250","삐아","KOSDAQ","","7290","0","0.00","74546643330"
"451760","컨텍","KOSDAQ","","8570","420","5.15","141471623180"
"452160","제이엔비","KOSDAQ","","2920","-5","-0.17","28083178840"
"452190","한빛레이저","KOSDAQ","","4950","-40","-0.8","118406757150"
"452200","민테크","KOSDAQ","","1703","6","0.35","41438758400"
"452280","한선엔지니어링","KOSDAQ","","13500","70","0.52","259843545000"
"452300","캡스톤파트너스","KOSDAQ","","2365","10","0.42","33510879325"
"452400","이닉스","KOSDAQ","","5590","-90","-1.58","50709282520"
"452430","사피엔반도체","KOSDAQ","","38650","-450","-1.15","319072021650"
"452450","피아이이","KOSDAQ","","5300","40","0.76","190951050000"
"453450","그리드위즈","KOSDAQ","","12680","10","0.08","100714070000"
"453860","에이에스텍","KOSDAQ","","8180","-70","-0.85","52715380140"
"455180","케이지에이","KOSDAQ","","1334","15","1.14","19621719290"
"455900","엔젤로보틱스","KOSDAQ","","21450","1050","5.15","330179442450"
"456010","아이씨티케이","KOSDAQ","","22700","2200","10.73","329203345000"
"456070","이엔셀","KOSDAQ","","6620","1370","26.1","73015402540"
"456160","지투지바이오","KOSDAQ","","31900","-1100","-3.33","530478689400"
"457370","한켐","KOSDAQ","","11660","-980","-7.75","94062782440"
"457550","우진엔텍","KOSDAQ","","14730","80","0.55","137268251340"
"457600","벡트","KOSDAQ","","4525","-35","-0.77","62026437500"
"458350","에스팀","KOSDAQ","","3010","45","1.52","26136432000"
"458650","성우","KOSDAQ","","7620","60","0.79","114648005400"
"458870","씨어스","KOSDAQ","","24850","1250","5.3","952882245700"
"459100","위츠","KOSDAQ","","4000","0","0.00","53864400000"
"459510","나우로보틱스","KOSDAQ","","16000","40","0.25","207654112000"
"459550","알트","KOSDAQ","","2115","-100","-4.51","53341909515"
"460470","아이빔테크놀로지","KOSDAQ","","2670","80","3.09","40368717900"
"460870","에스엠씨지","KOSDAQ","","2765","55","2.03","55502685560"
"460930","현대힘스","KOSDAQ","","13280","-210","-1.56","471581710880"
"460940","피앤에스로보틱스","KOSDAQ","","5230","-10","-0.19","70371114400"
"461030","아이엠비디엑스","KOSDAQ","","2500","-70","-2.72","35836292500"
"461300","아이스크림미디어","KOSDAQ","","18660","170","0.92","248811189780"
"462310","뉴키즈온","KOSDAQ","","3845","65","1.72","30370136225"
"462350","이노스페이스","KOSDAQ","","6520","-90","-1.36","220907849440"
"462510","라메디텍","KOSDAQ","","2685","-65","-2.36","23635961025"
"462860","더즌","KOSDAQ","","2620","110","4.38","188032429860"
"462980","아이지넷","KOSDAQ","","1613","4","0.25","29412146881"
"463020","뉴엔AI","KOSDAQ","","7080","330","4.89","63629376000"
"463480","모티브링크","KOSDAQ","","4325","355","8.94","53588298350"
"464080","에스오에스랩","KOSDAQ","","9790","210","2.19","176352840510"
"464280","티디에스팜","KOSDAQ","","5560","-110","-1.94","30746800000"
"464490","쿼드메디슨","KOSDAQ","","4515","-85","-1.85","51841740195"
"464500","아이언디바이스","KOSDAQ","","1649","41","2.55","23074890687"
"464580","닷밀","KOSDAQ","","1540","20","1.32","28345377060"
"465480","인스피언","KOSDAQ","","3845","40","1.05","38979733340"
"466100","클로봇","KOSDAQ","","23450","450","1.96","725865179550"
"466410","사이냅소프트","KOSDAQ","","8440","0","0.00","42512474120"
"466690","키움히어로제1호스팩","KOSDAQ","","2010","5","0.25","10240950000"
"468530","프로티나","KOSDAQ","","35050","1150","3.39","389235437400"
"468760","유진스팩10호","KOSDAQ","","2080","0","0.00","8819200000"
"469480","IBKS제24호스팩","KOSDAQ","","2130","0","0.00","9009900000"
"469610","이노테크","KOSDAQ","","16090","340","2.16","143891261000"
"469750","아이비젼웍스","KOSDAQ","","991","0","0.00","34146372671"
"469900","하나31호스팩","KOSDAQ","","2095","-5","-0.24","11742475000"
"471820","셀로맥스사이언스","KOSDAQ","","4005","-25","-0.62","45268030395"
"472230","에스케이증권제11호스팩","KOSDAQ","","2100","0","0.00","8725500000"
"472850","폰드그룹","KOSDAQ","","5010","30","0.6","288433976520"
"473000","에스케이증권제12호스팩","KOSDAQ","","2080","0","0.00","6884800000"
"473050","유안타제15호스팩","KOSDAQ","","2100","0","0.00","14721000000"
"473950","에스케이증권제13호스팩","KOSDAQ","","2055","0","0.00","9083100000"
"473980","노머스","KOSDAQ","","10510","130","1.25","114377723520"
"474170","루미르","KOSDAQ","","7390","120","1.65","131672773440"
"474490","유안타제16호스팩","KOSDAQ","","2075","0","0.00","11433250000"
"474610","RF시스템즈","KOSDAQ","","7930","720","9.99","114312694600"
"474650","링크솔루션","KOSDAQ","","28350","1350","5.00","163105544700"
"474660","신한제12호스팩","KOSDAQ","","2085","0","0.00","11509200000"
"474930","신한제13호스팩","KOSDAQ","","2095","-10","-0.48","7583900000"
"475040","스트라드비젼","KOSDAQ","","3340","-75","-2.2","179776575480"
"475230","엔알비","KOSDAQ","","10770","70","0.65","117378815910"
"475240","하나32호스팩","KOSDAQ","","2095","5","0.24","6704000000"
"475250","하나33호스팩","KOSDAQ","","2085","0","0.00","7714500000"
"475400","씨메스로보틱스","KOSDAQ","","18790","410","2.23","221851538260"
"475430","키스트론","KOSDAQ","","4370","115","2.7","77996240700"
"475460","미트박스","KOSDAQ","","2625","-145","-5.23","14822128125"
"475580","에이럭스","KOSDAQ","","7770","70","0.91","105865473000"
"475660","에스켐","KOSDAQ","","3260","50","1.56","25851262100"
"475830","오름테라퓨틱","KOSDAQ","","37400","-16000","-29.96","813559058400"
"475960","토모큐브","KOSDAQ","","27550","-500","-1.78","371268593700"
"476040","오가노이드사이언스","KOSDAQ","","6370","40","0.63","41951291200"
"476060","온코닉테라퓨틱스","KOSDAQ","","14860","-260","-1.72","674760502400"
"476080","M83","KOSDAQ","","4000","-25","-0.62","32308000000"
"476830","알지노믹스","KOSDAQ","","27100","-450","-1.63","760302315600"
"477340","에이치엠씨제7호스팩","KOSDAQ","","2060","0","0.00","15470600000"
"477380","미래에셋비전스팩4호","KOSDAQ","","2080","5","0.24","16848000000"
"477470","미래에셋비전스팩5호","KOSDAQ","","2070","-5","-0.24","11343600000"
"477760","DB금융스팩12호","KOSDAQ","","2065","0","0.00","12059600000"
"477850","마키나락스","KOSDAQ","","21150","550","2.67","375512666400"
"478110","이베스트스팩6호","KOSDAQ","","2055","5","0.24","10316100000"
"478340","나라스페이스테크놀로지","KOSDAQ","","14460","610","4.4","167304123180"
"478390","KB제29호스팩","KOSDAQ","","2070","5","0.24","12875400000"
"478440","미래에셋비전스팩6호","KOSDAQ","","2065","10","0.49","14310450000"
"478560","블랙야크아이앤씨","KOSDAQ","","3080","20","0.65","79557317840"
"479880","한국제15호스팩","KOSDAQ","","2065","0","0.00","14186550000"
"479960","위너스일렉","KOSDAQ","","6080","60","1.00","43326080000"
"481070","에이유브랜즈","KOSDAQ","","16030","570","3.69","229713907500"
"481890","엔에이치스팩31호","KOSDAQ","","2065","-5","-0.24","13102425000"
"482520","교보16호스팩","KOSDAQ","","2065","0","0.00","12596500000"
"482630","삼양엔씨켐","KOSDAQ","","13150","-220","-1.65","287830882000"
"482680","미래에셋비전스팩7호","KOSDAQ","","2055","0","0.00","16881825000"
"482690","대신밸런스제19호스팩","KOSDAQ","","2075","0","0.00","11651125000"
"483350","딜리셔스","KOSDAQ","","2945","-60","-2.00","65241939700"
"484120","도우인시스","KOSDAQ","","23250","1850","8.64","254760061500"
"484130","하나34호스팩","KOSDAQ","","2025","0","0.00","9153000000"
"484590","삼양컴텍","KOSDAQ","","6630","-80","-1.19","273225283500"
"484810","티엑스알로보틱스","KOSDAQ","","12510","80","0.64","193290946650"
"486630","KB제30호스팩","KOSDAQ","","2045","-5","-0.24","10858950000"
"486990","노타","KOSDAQ","","17450","170","0.98","373297903500"
"487360","신한제14호스팩","KOSDAQ","","2025","0","0.00","11421000000"
"487400","케이앤에스아이앤씨","KOSDAQ","","7530","420","5.91","77264441460"
"487580","폴레드","KOSDAQ","","3045","55","1.84","76681811745"
"487720","키움제10호스팩","KOSDAQ","","2030","0","0.00","8586900000"
"487830","신한제15호스팩","KOSDAQ","","2040","0","0.00","8874000000"
"488060","유진스팩11호","KOSDAQ","","2040","0","0.00","9628800000"
"488280","에스투더블유","KOSDAQ","","14450","40","0.28","156428272700"
"488900","비츠로넥스텍","KOSDAQ","","11420","-710","-5.85","330910979060"
"489210","교보17호스팩","KOSDAQ","","2035","0","0.00","10541300000"
"489460","바이오비쥬","KOSDAQ","","11690","310","2.72","172465925030"
"489480","키움제11호스팩","KOSDAQ","","2200","0","0.00","14520000000"
"489500","엘케이켐","KOSDAQ","","22200","550","2.54","141885483600"
"489730","디비금융제13호스팩","KOSDAQ","","2030","-5","-0.25","12853960000"
"490470","세미파이브","KOSDAQ","","15550","390","2.57","529095592000"
"491000","리브스메드","KOSDAQ","","29850","1200","4.19","753869839350"
"492220","KB제31호스팩","KOSDAQ","","2035","0","0.00","12637350000"
"493280","아이엠바이오로직스","KOSDAQ","","15710","-820","-4.96","233082184790"
"493330","지에프아이","KOSDAQ","","11460","-240","-2.05","92132818980"
"493790","유안타제17호스팩","KOSDAQ","","2025","0","0.00","10752750000"
"494120","큐리오시스","KOSDAQ","","8140","-110","-1.33","124214478960"
"496070","신한제16호스팩","KOSDAQ","","1984","0","0.00","11150080000"
"498390","한화플러스제5호스팩","KOSDAQ","","2035","0","0.00","10093600000"
"900070","글로벌에스엠","KOSDAQ","","1000","2","0.2","26871984000"
"900100","파이온엑스","KOSDAQ","","1438","-414","-22.35","7586959900"
"900110","딥커머스","KOSDAQ","","5740","-270","-4.49","21165825240"
"900120","씨엑스아이","KOSDAQ","","1040","0","0.00","17336446400"
"900250","크리스탈신소재","KOSDAQ","","1230","-17","-1.36","44052451230"
"900260","로스웰","KOSDAQ","","1905","-60","-3.05","87686589930"
"900270","헝셩그룹","KOSDAQ","","3090","210","7.29","33100969920"
"900290","GRT","KOSDAQ","","3400","-60","-1.73","315355729000"
"900300","오가닉티코스메틱","KOSDAQ","","3000","-130","-4.15","61740291000"
"900310","컬러레이","KOSDAQ","","2105","95","4.73","26961545175"
"900340","윙입푸드","KOSDAQ","","1334","-1","-0.07","47467364488"
"950130","엑세스바이오","KOSDAQ","","2315","-135","-5.51","81427425710"
"950140","잉글우드랩","KOSDAQ","","8320","100","1.22","165300645120"
"950160","코오롱티슈진","KOSDAQ","","15970","-310","-1.9","1356973455200"
"950170","JTC","KOSDAQ","","4265","0","0.00","208017335475"
"950190","고스트스튜디오","KOSDAQ","","9710","-430","-4.24","126395642890"
"950200","소마젠","KOSDAQ","","3100","40","1.31","59631764300"
"950220","네오이뮨텍","KOSDAQ","","1978","-6","-0.3","67671019520"
"950250","테라뷰","KOSDAQ","","3000","-75","-2.44","107090796000"
"950260","인제니아테라퓨틱스(Reg.S)","KOSDAQ","","18470","540","3.01","913241891290"
